lon,lat,province,zone,n_years,years,has_2024,multiyear
35.25,4.95,Rift Valley,Highlands & Rift,9,2017|2018|2019|2020|2021|2022|2023|2024|2025,True,True
35.35,4.95,Rift Valley,Highlands & Rift,9,2017|2018|2019|2020|2021|2022|2023|2024|2025,True,True
34.95,4.85,Rift Valley,Highlands & Rift,9,2017|2018|2019|2020|2021|2022|2023|2024|2025,True,True
35.05,4.85,Rift Valley,Highlands & Rift,9,2017|2018|2019|2020|2021|2022|2023|2024|2025,True,True
35.15,4.85,Rift Valley,Highlands & Rift,9,2017|2018|2019|2020|2021|2022|2023|2024|2025,True,True
35.25,4.85,Rift Valley,Highlands & Rift,9,2017|2018|2019|2020|2021|2022|2023|2024|2025,True,True
35.35,4.85,Rift Valley,Highlands & Rift,9,2017|2018|2019|2020|2021|2022|2023|2024|2025,True,True
35.45,4.85,Rift Valley,Highlands & Rift,9,2017|2018|2019|2020|2021|2022|2023|2024|2025,True,True
34.65,4.75,Rift Valley,Highlands & Rift,9,2017|2018|2019|2020|2021|2022|2023|2024|2025,True,True
34.75,4.75,Rift Valley,Highlands & Rift,9,2017|2018|2019|2020|2021|2022|2023|2024|2025,True,True
34.85,4.75,Rift Valley,Highlands & Rift,9,2017|2018|2019|2020|2021|2022|2023|2024|2025,True,True
34.95,4.75,Rift Valley,Highlands & Rift,9,2017|2018|2019|2020|2021|2022|2023|2024|2025,True,True
35.05,4.75,Rift Valley,Highlands & Rift,9,2017|2018|2019|2020|2021|2022|2023|2024|2025,True,True
35.15,4.75,Rift Valley,Highlands & Rift,9,2017|2018|2019|2020|2021|2022|2023|2024|2025,True,True
35.25,4.75,Rift Valley,Highlands & Rift,9,2017|2018|2019|2020|2021|2022|2023|2024|2025,True,True
35.35,4.75,Rift Valley,Highlands & Rift,9,2017|2018|2019|2020|2021|2022|2023|2024|2025,True,True
35.45,4.75,Rift Valley,Highlands & Rift,9,2017|2018|2019|2020|2021|2022|2023|2024|2025,True,True
34.45,4.65,Rift Valley,Highlands & Rift,9,2017|2018|2019|2020|2021|2022|2023|2024|2025,True,True
34.55,4.65,Rift Valley,Highlands & Rift,9,2017|2018|2019|2020|2021|2022|2023|2024|2025,True,True
34.65,4.65,Rift Valley,Highlands & Rift,9,2017|2018|2019|2020|2021|2022|2023|2024|2025,True,True
34.75,4.65,Rift Valley,Highlands & Rift,9,2017|2018|2019|2020|2021|2022|2023|2024|2025,True,True
34.85,4.65,Rift Valley,Highlands & Rift,9,2017|2018|2019|2020|2021|2022|2023|2024|2025,True,True
34.95,4.65,Rift Valley,Highlands & Rift,9,2017|2018|2019|2020|2021|2022|2023|2024|2025,True,True
35.05,4.65,Rift Valley,Highlands & Rift,9,2017|2018|2019|2020|2021|2022|2023|2024|2025,True,True
35.15,4.65,Rift Valley,Highlands & Rift,9,2017|2018|2019|2020|2021|2022|2023|2024|2025,True,True
35.25,4.65,Rift Valley,Highlands & Rift,9,2017|2018|2019|2020|2021|2022|2023|2024|2025,True,True
35.35,4.65,Rift Valley,Highlands & Rift,9,2017|2018|2019|2020|2021|2022|2023|2024|2025,True,True
35.45,4.65,Rift Valley,Highlands & Rift,9,2017|2018|2019|2020|2021|2022|2023|2024|2025,True,True
35.55,4.65,Rift Valley,Highlands & Rift,9,2017|2018|2019|2020|2021|2022|2023|2024|2025,True,True
35.75,4.65,Rift Valley,Highlands & Rift,9,2017|2018|2019|2020|2021|2022|2023|2024|2025,True,True
34.35,4.55,Rift Valley,Highlands & Rift,9,2017|2018|2019|2020|2021|2022|2023|2024|2025,True,True
34.45,4.55,Rift Valley,Highlands & Rift,9,2017|2018|2019|2020|2021|2022|2023|2024|2025,True,True
34.55,4.55,Rift Valley,Highlands & Rift,9,2017|2018|2019|2020|2021|2022|2023|2024|2025,True,True
34.65,4.55,Rift Valley,Highlands & Rift,9,2017|2018|2019|2020|2021|2022|2023|2024|2025,True,True
34.75,4.55,Rift Valley,Highlands & Rift,9,2017|2018|2019|2020|2021|2022|2023|2024|2025,True,True
34.85,4.55,Rift Valley,Highlands & Rift,9,2017|2018|2019|2020|2021|2022|2023|2024|2025,True,True
34.95,4.55,Rift Valley,Highlands & Rift,9,2017|2018|2019|2020|2021|2022|2023|2024|2025,True,True
35.05,4.55,Rift Valley,Highlands & Rift,9,2017|2018|2019|2020|2021|2022|2023|2024|2025,True,True
35.15,4.55,Rift Valley,Highlands & Rift,9,2017|2018|2019|2020|2021|2022|2023|2024|2025,True,True
35.25,4.55,Rift Valley,Highlands & Rift,9,2017|2018|2019|2020|2021|2022|2023|2024|2025,True,True
35.35,4.55,Rift Valley,Highlands & Rift,9,2017|2018|2019|2020|2021|2022|2023|2024|2025,True,True
35.45,4.55,Rift Valley,Highlands & Rift,9,2017|2018|2019|2020|2021|2022|2023|2024|2025,True,True
35.55,4.55,Rift Valley,Highlands & Rift,9,2017|2018|2019|2020|2021|2022|2023|2024|2025,True,True
35.65,4.55,Rift Valley,Highlands & Rift,9,2017|2018|2019|2020|2021|2022|2023|2024|2025,True,True
35.75,4.55,Rift Valley,Highlands & Rift,9,2017|2018|2019|2020|2021|2022|2023|2024|2025,True,True
35.85,4.55,Rift Valley,Highlands & Rift,9,2017|2018|2019|2020|2021|2022|2023|2024|2025,True,True
34.25,4.45,Rift Valley,Highlands & Rift,9,2017|2018|2019|2020|2021|2022|2023|2024|2025,True,True
34.35,4.45,Rift Valley,Highlands & Rift,9,2017|2018|2019|2020|2021|2022|2023|2024|2025,True,True
34.45,4.45,Rift Valley,Highlands & Rift,9,2017|2018|2019|2020|2021|2022|2023|2024|2025,True,True
34.55,4.45,Rift Valley,Highlands & Rift,9,2017|2018|2019|2020|2021|2022|2023|2024|2025,True,True
34.65,4.45,Rift Valley,Highlands & Rift,9,2017|2018|2019|2020|2021|2022|2023|2024|2025,True,True
34.75,4.45,Rift Valley,Highlands & Rift,9,2017|2018|2019|2020|2021|2022|2023|2024|2025,True,True
34.85,4.45,Rift Valley,Highlands & Rift,9,2017|2018|2019|2020|2021|2022|2023|2024|2025,True,True
34.95,4.45,Rift Valley,Highlands & Rift,9,2017|2018|2019|2020|2021|2022|2023|2024|2025,True,True
35.05,4.45,Rift Valley,Highlands & Rift,9,2017|2018|2019|2020|2021|2022|2023|2024|2025,True,True
35.15,4.45,Rift Valley,Highlands & Rift,9,2017|2018|2019|2020|2021|2022|2023|2024|2025,True,True
35.25,4.45,Rift Valley,Highlands & Rift,9,2017|2018|2019|2020|2021|2022|2023|2024|2025,True,True
35.35,4.45,Rift Valley,Highlands & Rift,9,2017|2018|2019|2020|2021|2022|2023|2024|2025,True,True
35.45,4.45,Rift Valley,Highlands & Rift,9,2017|2018|2019|2020|2021|2022|2023|2024|2025,True,True
35.55,4.45,Rift Valley,Highlands & Rift,9,2017|2018|2019|2020|2021|2022|2023|2024|2025,True,True
35.65,4.45,Rift Valley,Highlands & Rift,9,2017|2018|2019|2020|2021|2022|2023|2024|2025,True,True
35.75,4.45,Rift Valley,Highlands & Rift,9,2017|2018|2019|2020|2021|2022|2023|2024|2025,True,True
35.85,4.45,Rift Valley,Highlands & Rift,9,2017|2018|2019|2020|2021|2022|2023|2024|2025,True,True
35.95,4.45,Rift Valley,Highlands & Rift,9,2017|2018|2019|2020|2021|2022|2023|2024|2025,True,True
34.15,4.35,Rift Valley,Highlands & Rift,9,2017|2018|2019|2020|2021|2022|2023|2024|2025,True,True
34.25,4.35,Rift Valley,Highlands & Rift,9,2017|2018|2019|2020|2021|2022|2023|2024|2025,True,True
34.35,4.35,Rift Valley,Highlands & Rift,9,2017|2018|2019|2020|2021|2022|2023|2024|2025,True,True
34.45,4.35,Rift Valley,Highlands & Rift,9,2017|2018|2019|2020|2021|2022|2023|2024|2025,True,True
34.55,4.35,Rift Valley,Highlands & Rift,9,2017|2018|2019|2020|2021|2022|2023|2024|2025,True,True
34.65,4.35,Rift Valley,Highlands & Rift,9,2017|2018|2019|2020|2021|2022|2023|2024|2025,True,True
34.75,4.35,Rift Valley,Highlands & Rift,9,2017|2018|2019|2020|2021|2022|2023|2024|2025,True,True
34.85,4.35,Rift Valley,Highlands & Rift,9,2017|2018|2019|2020|2021|2022|2023|2024|2025,True,True
34.95,4.35,Rift Valley,Highlands & Rift,9,2017|2018|2019|2020|2021|2022|2023|2024|2025,True,True
35.05,4.35,Rift Valley,Highlands & Rift,9,2017|2018|2019|2020|2021|2022|2023|2024|2025,True,True
35.15,4.35,Rift Valley,Highlands & Rift,9,2017|2018|2019|2020|2021|2022|2023|2024|2025,True,True
35.25,4.35,Rift Valley,Highlands & Rift,9,2017|2018|2019|2020|2021|2022|2023|2024|2025,True,True
35.35,4.35,Rift Valley,Highlands & Rift,9,2017|2018|2019|2020|2021|2022|2023|2024|2025,True,True
35.45,4.35,Rift Valley,Highlands & Rift,9,2017|2018|2019|2020|2021|2022|2023|2024|2025,True,True
35.55,4.35,Rift Valley,Highlands & Rift,9,2017|2018|2019|2020|2021|2022|2023|2024|2025,True,True
35.65,4.35,Rift Valley,Highlands & Rift,9,2017|2018|2019|2020|2021|2022|2023|2024|2025,True,True
35.75,4.35,Rift Valley,Highlands & Rift,9,2017|2018|2019|2020|2021|2022|2023|2024|2025,True,True
35.85,4.35,Rift Valley,Highlands & Rift,9,2017|2018|2019|2020|2021|2022|2023|2024|2025,True,True
35.95,4.35,Rift Valley,Highlands & Rift,9,2017|2018|2019|2020|2021|2022|2023|2024|2025,True,True
36.05,4.35,Eastern,Arid & Semi-Arid (ASAL),9,2017|2018|2019|2020|2021|2022|2023|2024|2025,True,True
36.15,4.35,Eastern,Arid & Semi-Arid (ASAL),9,2017|2018|2019|2020|2021|2022|2023|2024|2025,True,True
36.25,4.35,Eastern,Arid & Semi-Arid (ASAL),9,2017|2018|2019|2020|2021|2022|2023|2024|2025,True,True
36.35,4.35,Eastern,Arid & Semi-Arid (ASAL),9,2017|2018|2019|2020|2021|2022|2023|2024|2025,True,True
36.45,4.35,Eastern,Arid & Semi-Arid (ASAL),9,2017|2018|2019|2020|2021|2022|2023|2024|2025,True,True
36.55,4.35,Eastern,Arid & Semi-Arid (ASAL),9,2017|2018|2019|2020|2021|2022|2023|2024|2025,True,True
36.65,4.35,Eastern,Arid & Semi-Arid (ASAL),9,2017|2018|2019|2020|2021|2022|2023|2024|2025,True,True
36.75,4.35,Eastern,Arid & Semi-Arid (ASAL),9,2017|2018|2019|2020|2021|2022|2023|2024|2025,True,True
36.85,4.35,Eastern,Arid & Semi-Arid (ASAL),9,2017|2018|2019|2020|2021|2022|2023|2024|2025,True,True
36.95,4.35,Eastern,Arid & Semi-Arid (ASAL),9,2017|2018|2019|2020|2021|2022|2023|2024|2025,True,True
34.05,4.25,Rift Valley,Highlands & Rift,9,2017|2018|2019|2020|2021|2022|2023|2024|2025,True,True
34.15,4.25,Rift Valley,Highlands & Rift,9,2017|2018|2019|2020|2021|2022|2023|2024|2025,True,True
34.25,4.25,Rift Valley,Highlands & Rift,9,2017|2018|2019|2020|2021|2022|2023|2024|2025,True,True
34.35,4.25,Rift Valley,Highlands & Rift,9,2017|2018|2019|2020|2021|2022|2023|2024|2025,True,True
34.45,4.25,Rift Valley,Highlands & Rift,9,2017|2018|2019|2020|2021|2022|2023|2024|2025,True,True
34.55,4.25,Rift Valley,Highlands & Rift,9,2017|2018|2019|2020|2021|2022|2023|2024|2025,True,True
34.65,4.25,Rift Valley,Highlands & Rift,9,2017|2018|2019|2020|2021|2022|2023|2024|2025,True,True
34.75,4.25,Rift Valley,Highlands & Rift,9,2017|2018|2019|2020|2021|2022|2023|2024|2025,True,True
34.85,4.25,Rift Valley,Highlands & Rift,9,2017|2018|2019|2020|2021|2022|2023|2024|2025,True,True
34.95,4.25,Rift Valley,Highlands & Rift,9,2017|2018|2019|2020|2021|2022|2023|2024|2025,True,True
35.05,4.25,Rift Valley,Highlands & Rift,9,2017|2018|2019|2020|2021|2022|2023|2024|2025,True,True
35.15,4.25,Rift Valley,Highlands & Rift,9,2017|2018|2019|2020|2021|2022|2023|2024|2025,True,True
35.25,4.25,Rift Valley,Highlands & Rift,9,2017|2018|2019|2020|2021|2022|2023|2024|2025,True,True
35.35,4.25,Rift Valley,Highlands & Rift,9,2017|2018|2019|2020|2021|2022|2023|2024|2025,True,True
35.45,4.25,Rift Valley,Highlands & Rift,9,2017|2018|2019|2020|2021|2022|2023|2024|2025,True,True
35.55,4.25,Rift Valley,Highlands & Rift,9,2017|2018|2019|2020|2021|2022|2023|2024|2025,True,True
35.65,4.25,Rift Valley,Highlands & Rift,9,2017|2018|2019|2020|2021|2022|2023|2024|2025,True,True
35.75,4.25,Rift Valley,Highlands & Rift,9,2017|2018|2019|2020|2021|2022|2023|2024|2025,True,True
35.85,4.25,Rift Valley,Highlands & Rift,9,2017|2018|2019|2020|2021|2022|2023|2024|2025,True,True
35.95,4.25,Rift Valley,Highlands & Rift,9,2017|2018|2019|2020|2021|2022|2023|2024|2025,True,True
36.05,4.25,Eastern,Arid & Semi-Arid (ASAL),9,2017|2018|2019|2020|2021|2022|2023|2024|2025,True,True
36.15,4.25,Eastern,Arid & Semi-Arid (ASAL),9,2017|2018|2019|2020|2021|2022|2023|2024|2025,True,True
36.25,4.25,Eastern,Arid & Semi-Arid (ASAL),9,2017|2018|2019|2020|2021|2022|2023|2024|2025,True,True
36.35,4.25,Eastern,Arid & Semi-Arid (ASAL),9,2017|2018|2019|2020|2021|2022|2023|2024|2025,True,True
36.45,4.25,Eastern,Arid & Semi-Arid (ASAL),9,2017|2018|2019|2020|2021|2022|2023|2024|2025,True,True
36.55,4.25,Eastern,Arid & Semi-Arid (ASAL),9,2017|2018|2019|2020|2021|2022|2023|2024|2025,True,True
36.65,4.25,Eastern,Arid & Semi-Arid (ASAL),9,2017|2018|2019|2020|2021|2022|2023|2024|2025,True,True
36.75,4.25,Eastern,Arid & Semi-Arid (ASAL),9,2017|2018|2019|2020|2021|2022|2023|2024|2025,True,True
36.85,4.25,Eastern,Arid & Semi-Arid (ASAL),9,2017|2018|2019|2020|2021|2022|2023|2024|2025,True,True
36.95,4.25,Eastern,Arid & Semi-Arid (ASAL),9,2017|2018|2019|2020|2021|2022|2023|2024|2025,True,True
37.05,4.25,Eastern,Arid & Semi-Arid (ASAL),9,2017|2018|2019|2020|2021|2022|2023|2024|2025,True,True
37.15,4.25,Eastern,Arid & Semi-Arid (ASAL),9,2017|2018|2019|2020|2021|2022|2023|2024|2025,True,True
40.75,4.25,North-Eastern,Arid & Semi-Arid (ASAL),9,2017|2018|2019|2020|2021|2022|2023|2024|2025,True,True
34.05,4.15,Rift Valley,Highlands & Rift,9,2017|2018|2019|2020|2021|2022|2023|2024|2025,True,True
34.15,4.15,Rift Valley,Highlands & Rift,9,2017|2018|2019|2020|2021|2022|2023|2024|2025,True,True
34.25,4.15,Rift Valley,Highlands & Rift,9,2017|2018|2019|2020|2021|2022|2023|2024|2025,True,True
34.35,4.15,Rift Valley,Highlands & Rift,9,2017|2018|2019|2020|2021|2022|2023|2024|2025,True,True
34.45,4.15,Rift Valley,Highlands & Rift,9,2017|2018|2019|2020|2021|2022|2023|2024|2025,True,True
34.55,4.15,Rift Valley,Highlands & Rift,9,2017|2018|2019|2020|2021|2022|2023|2024|2025,True,True
34.65,4.15,Rift Valley,Highlands & Rift,9,2017|2018|2019|2020|2021|2022|2023|2024|2025,True,True
34.75,4.15,Rift Valley,Highlands & Rift,9,2017|2018|2019|2020|2021|2022|2023|2024|2025,True,True
34.85,4.15,Rift Valley,Highlands & Rift,9,2017|2018|2019|2020|2021|2022|2023|2024|2025,True,True
34.95,4.15,Rift Valley,Highlands & Rift,9,2017|2018|2019|2020|2021|2022|2023|2024|2025,True,True
35.05,4.15,Rift Valley,Highlands & Rift,9,2017|2018|2019|2020|2021|2022|2023|2024|2025,True,True
35.15,4.15,Rift Valley,Highlands & Rift,9,2017|2018|2019|2020|2021|2022|2023|2024|2025,True,True
35.25,4.15,Rift Valley,Highlands & Rift,9,2017|2018|2019|2020|2021|2022|2023|2024|2025,True,True
35.35,4.15,Rift Valley,Highlands & Rift,9,2017|2018|2019|2020|2021|2022|2023|2024|2025,True,True
35.45,4.15,Rift Valley,Highlands & Rift,9,2017|2018|2019|2020|2021|2022|2023|2024|2025,True,True
35.55,4.15,Rift Valley,Highlands & Rift,9,2017|2018|2019|2020|2021|2022|2023|2024|2025,True,True
35.65,4.15,Rift Valley,Highlands & Rift,9,2017|2018|2019|2020|2021|2022|2023|2024|2025,True,True
35.75,4.15,Rift Valley,Highlands & Rift,9,2017|2018|2019|2020|2021|2022|2023|2024|2025,True,True
35.85,4.15,Rift Valley,Highlands & Rift,9,2017|2018|2019|2020|2021|2022|2023|2024|2025,True,True
35.95,4.15,Rift Valley,Highlands & Rift,9,2017|2018|2019|2020|2021|2022|2023|2024|2025,True,True
36.05,4.15,Eastern,Arid & Semi-Arid (ASAL),9,2017|2018|2019|2020|2021|2022|2023|2024|2025,True,True
36.15,4.15,Eastern,Arid & Semi-Arid (ASAL),9,2017|2018|2019|2020|2021|2022|2023|2024|2025,True,True
36.25,4.15,Eastern,Arid & Semi-Arid (ASAL),9,2017|2018|2019|2020|2021|2022|2023|2024|2025,True,True
36.35,4.15,Eastern,Arid & Semi-Arid (ASAL),9,2017|2018|2019|2020|2021|2022|2023|2024|2025,True,True
36.45,4.15,Eastern,Arid & Semi-Arid (ASAL),9,2017|2018|2019|2020|2021|2022|2023|2024|2025,True,True
36.55,4.15,Eastern,Arid & Semi-Arid (ASAL),9,2017|2018|2019|2020|2021|2022|2023|2024|2025,True,True
36.65,4.15,Eastern,Arid & Semi-Arid (ASAL),9,2017|2018|2019|2020|2021|2022|2023|2024|2025,True,True
36.75,4.15,Eastern,Arid & Semi-Arid (ASAL),9,2017|2018|2019|2020|2021|2022|2023|2024|2025,True,True
36.85,4.15,Eastern,Arid & Semi-Arid (ASAL),9,2017|2018|2019|2020|2021|2022|2023|2024|2025,True,True
36.95,4.15,Eastern,Arid & Semi-Arid (ASAL),9,2017|2018|2019|2020|2021|2022|2023|2024|2025,True,True
37.05,4.15,Eastern,Arid & Semi-Arid (ASAL),9,2017|2018|2019|2020|2021|2022|2023|2024|2025,True,True
37.15,4.15,Eastern,Arid & Semi-Arid (ASAL),9,2017|2018|2019|2020|2021|2022|2023|2024|2025,True,True
37.25,4.15,Eastern,Arid & Semi-Arid (ASAL),9,2017|2018|2019|2020|2021|2022|2023|2024|2025,True,True
40.55,4.15,North-Eastern,Arid & Semi-Arid (ASAL),9,2017|2018|2019|2020|2021|2022|2023|2024|2025,True,True
40.65,4.15,North-Eastern,Arid & Semi-Arid (ASAL),9,2017|2018|2019|2020|2021|2022|2023|2024|2025,True,True
40.75,4.15,North-Eastern,Arid & Semi-Arid (ASAL),9,2017|2018|2019|2020|2021|2022|2023|2024|2025,True,True
40.85,4.15,North-Eastern,Arid & Semi-Arid (ASAL),9,2017|2018|2019|2020|2021|2022|2023|2024|2025,True,True
34.15,4.05,Rift Valley,Highlands & Rift,9,2017|2018|2019|2020|2021|2022|2023|2024|2025,True,True
34.25,4.05,Rift Valley,Highlands & Rift,9,2017|2018|2019|2020|2021|2022|2023|2024|2025,True,True
34.35,4.05,Rift Valley,Highlands & Rift,9,2017|2018|2019|2020|2021|2022|2023|2024|2025,True,True
34.45,4.05,Rift Valley,Highlands & Rift,9,2017|2018|2019|2020|2021|2022|2023|2024|2025,True,True
34.55,4.05,Rift Valley,Highlands & Rift,9,2017|2018|2019|2020|2021|2022|2023|2024|2025,True,True
34.65,4.05,Rift Valley,Highlands & Rift,9,2017|2018|2019|2020|2021|2022|2023|2024|2025,True,True
34.75,4.05,Rift Valley,Highlands & Rift,9,2017|2018|2019|2020|2021|2022|2023|2024|2025,True,True
34.85,4.05,Rift Valley,Highlands & Rift,9,2017|2018|2019|2020|2021|2022|2023|2024|2025,True,True
34.95,4.05,Rift Valley,Highlands & Rift,9,2017|2018|2019|2020|2021|2022|2023|2024|2025,True,True
35.05,4.05,Rift Valley,Highlands & Rift,9,2017|2018|2019|2020|2021|2022|2023|2024|2025,True,True
35.15,4.05,Rift Valley,Highlands & Rift,9,2017|2018|2019|2020|2021|2022|2023|2024|2025,True,True
35.25,4.05,Rift Valley,Highlands & Rift,9,2017|2018|2019|2020|2021|2022|2023|2024|2025,True,True
35.35,4.05,Rift Valley,Highlands & Rift,9,2017|2018|2019|2020|2021|2022|2023|2024|2025,True,True
35.45,4.05,Rift Valley,Highlands & Rift,9,2017|2018|2019|2020|2021|2022|2023|2024|2025,True,True
35.55,4.05,Rift Valley,Highlands & Rift,9,2017|2018|2019|2020|2021|2022|2023|2024|2025,True,True
35.65,4.05,Rift Valley,Highlands & Rift,9,2017|2018|2019|2020|2021|2022|2023|2024|2025,True,True
35.75,4.05,Rift Valley,Highlands & Rift,9,2017|2018|2019|2020|2021|2022|2023|2024|2025,True,True
35.85,4.05,Rift Valley,Highlands & Rift,9,2017|2018|2019|2020|2021|2022|2023|2024|2025,True,True
35.95,4.05,Rift Valley,Highlands & Rift,9,2017|2018|2019|2020|2021|2022|2023|2024|2025,True,True
36.05,4.05,Eastern,Arid & Semi-Arid (ASAL),9,2017|2018|2019|2020|2021|2022|2023|2024|2025,True,True
36.15,4.05,Eastern,Arid & Semi-Arid (ASAL),9,2017|2018|2019|2020|2021|2022|2023|2024|2025,True,True
36.25,4.05,Eastern,Arid & Semi-Arid (ASAL),9,2017|2018|2019|2020|2021|2022|2023|2024|2025,True,True
36.35,4.05,Eastern,Arid & Semi-Arid (ASAL),9,2017|2018|2019|2020|2021|2022|2023|2024|2025,True,True
36.45,4.05,Eastern,Arid & Semi-Arid (ASAL),9,2017|2018|2019|2020|2021|2022|2023|2024|2025,True,True
36.55,4.05,Eastern,Arid & Semi-Arid (ASAL),9,2017|2018|2019|2020|2021|2022|2023|2024|2025,True,True
36.65,4.05,Eastern,Arid & Semi-Arid (ASAL),9,2017|2018|2019|2020|2021|2022|2023|2024|2025,True,True
36.75,4.05,Eastern,Arid & Semi-Arid (ASAL),9,2017|2018|2019|2020|2021|2022|2023|2024|2025,True,True
36.85,4.05,Eastern,Arid & Semi-Arid (ASAL),9,2017|2018|2019|2020|2021|2022|2023|2024|2025,True,True
36.95,4.05,Eastern,Arid & Semi-Arid (ASAL),9,2017|2018|2019|2020|2021|2022|2023|2024|2025,True,True
37.05,4.05,Eastern,Arid & Semi-Arid (ASAL),9,2017|2018|2019|2020|2021|2022|2023|2024|2025,True,True
37.15,4.05,Eastern,Arid & Semi-Arid (ASAL),9,2017|2018|2019|2020|2021|2022|2023|2024|2025,True,True
37.25,4.05,Eastern,Arid & Semi-Arid (ASAL),9,2017|2018|2019|2020|2021|2022|2023|2024|2025,True,True
37.35,4.05,Eastern,Arid & Semi-Arid (ASAL),9,2017|2018|2019|2020|2021|2022|2023|2024|2025,True,True
37.45,4.05,Eastern,Arid & Semi-Arid (ASAL),9,2017|2018|2019|2020|2021|2022|2023|2024|2025,True,True
40.25,4.05,North-Eastern,Arid & Semi-Arid (ASAL),9,2017|2018|2019|2020|2021|2022|2023|2024|2025,True,True
40.35,4.05,North-Eastern,Arid & Semi-Arid (ASAL),9,2017|2018|2019|2020|2021|2022|2023|2024|2025,True,True
40.45,4.05,North-Eastern,Arid & Semi-Arid (ASAL),9,2017|2018|2019|2020|2021|2022|2023|2024|2025,True,True
40.55,4.05,North-Eastern,Arid & Semi-Arid (ASAL),9,2017|2018|2019|2020|2021|2022|2023|2024|2025,True,True
40.65,4.05,North-Eastern,Arid & Semi-Arid (ASAL),9,2017|2018|2019|2020|2021|2022|2023|2024|2025,True,True
40.75,4.05,North-Eastern,Arid & Semi-Arid (ASAL),9,2017|2018|2019|2020|2021|2022|2023|2024|2025,True,True
40.85,4.05,North-Eastern,Arid & Semi-Arid (ASAL),9,2017|2018|2019|2020|2021|2022|2023|2024|2025,True,True
40.95,4.05,North-Eastern,Arid & Semi-Arid (ASAL),9,2017|2018|2019|2020|2021|2022|2023|2024|2025,True,True
34.15,3.95,Rift Valley,Highlands & Rift,9,2017|2018|2019|2020|2021|2022|2023|2024|2025,True,True
34.25,3.95,Rift Valley,Highlands & Rift,9,2017|2018|2019|2020|2021|2022|2023|2024|2025,True,True
34.35,3.95,Rift Valley,Highlands & Rift,9,2017|2018|2019|2020|2021|2022|2023|2024|2025,True,True
34.45,3.95,Rift Valley,Highlands & Rift,9,2017|2018|2019|2020|2021|2022|2023|2024|2025,True,True
34.55,3.95,Rift Valley,Highlands & Rift,9,2017|2018|2019|2020|2021|2022|2023|2024|2025,True,True
34.65,3.95,Rift Valley,Highlands & Rift,9,2017|2018|2019|2020|2021|2022|2023|2024|2025,True,True
34.75,3.95,Rift Valley,Highlands & Rift,9,2017|2018|2019|2020|2021|2022|2023|2024|2025,True,True
34.85,3.95,Rift Valley,Highlands & Rift,9,2017|2018|2019|2020|2021|2022|2023|2024|2025,True,True
34.95,3.95,Rift Valley,Highlands & Rift,9,2017|2018|2019|2020|2021|2022|2023|2024|2025,True,True
35.05,3.95,Rift Valley,Highlands & Rift,9,2017|2018|2019|2020|2021|2022|2023|2024|2025,True,True
35.15,3.95,Rift Valley,Highlands & Rift,9,2017|2018|2019|2020|2021|2022|2023|2024|2025,True,True
35.25,3.95,Rift Valley,Highlands & Rift,9,2017|2018|2019|2020|2021|2022|2023|2024|2025,True,True
35.35,3.95,Rift Valley,Highlands & Rift,9,2017|2018|2019|2020|2021|2022|2023|2024|2025,True,True
35.45,3.95,Rift Valley,Highlands & Rift,9,2017|2018|2019|2020|2021|2022|2023|2024|2025,True,True
35.55,3.95,Rift Valley,Highlands & Rift,9,2017|2018|2019|2020|2021|2022|2023|2024|2025,True,True
35.65,3.95,Rift Valley,Highlands & Rift,9,2017|2018|2019|2020|2021|2022|2023|2024|2025,True,True
35.75,3.95,Rift Valley,Highlands & Rift,9,2017|2018|2019|2020|2021|2022|2023|2024|2025,True,True
35.85,3.95,Rift Valley,Highlands & Rift,9,2017|2018|2019|2020|2021|2022|2023|2024|2025,True,True
35.95,3.95,Rift Valley,Highlands & Rift,9,2017|2018|2019|2020|2021|2022|2023|2024|2025,True,True
36.05,3.95,Eastern,Arid & Semi-Arid (ASAL),9,2017|2018|2019|2020|2021|2022|2023|2024|2025,True,True
36.15,3.95,Eastern,Arid & Semi-Arid (ASAL),9,2017|2018|2019|2020|2021|2022|2023|2024|2025,True,True
36.25,3.95,Eastern,Arid & Semi-Arid (ASAL),9,2017|2018|2019|2020|2021|2022|2023|2024|2025,True,True
36.35,3.95,Eastern,Arid & Semi-Arid (ASAL),9,2017|2018|2019|2020|2021|2022|2023|2024|2025,True,True
36.45,3.95,Eastern,Arid & Semi-Arid (ASAL),9,2017|2018|2019|2020|2021|2022|2023|2024|2025,True,True
36.55,3.95,Eastern,Arid & Semi-Arid (ASAL),9,2017|2018|2019|2020|2021|2022|2023|2024|2025,True,True
36.65,3.95,Eastern,Arid & Semi-Arid (ASAL),9,2017|2018|2019|2020|2021|2022|2023|2024|2025,True,True
36.75,3.95,Eastern,Arid & Semi-Arid (ASAL),9,2017|2018|2019|2020|2021|2022|2023|2024|2025,True,True
36.85,3.95,Eastern,Arid & Semi-Arid (ASAL),9,2017|2018|2019|2020|2021|2022|2023|2024|2025,True,True
36.95,3.95,Eastern,Arid & Semi-Arid (ASAL),9,2017|2018|2019|2020|2021|2022|2023|2024|2025,True,True
37.05,3.95,Eastern,Arid & Semi-Arid (ASAL),9,2017|2018|2019|2020|2021|2022|2023|2024|2025,True,True
37.15,3.95,Eastern,Arid & Semi-Arid (ASAL),9,2017|2018|2019|2020|2021|2022|2023|2024|2025,True,True
37.25,3.95,Eastern,Arid & Semi-Arid (ASAL),9,2017|2018|2019|2020|2021|2022|2023|2024|2025,True,True
37.35,3.95,Eastern,Arid & Semi-Arid (ASAL),9,2017|2018|2019|2020|2021|2022|2023|2024|2025,True,True
37.45,3.95,Eastern,Arid & Semi-Arid (ASAL),9,2017|2018|2019|2020|2021|2022|2023|2024|2025,True,True
37.55,3.95,Eastern,Arid & Semi-Arid (ASAL),9,2017|2018|2019|2020|2021|2022|2023|2024|2025,True,True
40.05,3.95,North-Eastern,Arid & Semi-Arid (ASAL),9,2017|2018|2019|2020|2021|2022|2023|2024|2025,True,True
40.15,3.95,North-Eastern,Arid & Semi-Arid (ASAL),9,2017|2018|2019|2020|2021|2022|2023|2024|2025,True,True
40.25,3.95,North-Eastern,Arid & Semi-Arid (ASAL),9,2017|2018|2019|2020|2021|2022|2023|2024|2025,True,True
40.35,3.95,North-Eastern,Arid & Semi-Arid (ASAL),9,2017|2018|2019|2020|2021|2022|2023|2024|2025,True,True
40.45,3.95,North-Eastern,Arid & Semi-Arid (ASAL),9,2017|2018|2019|2020|2021|2022|2023|2024|2025,True,True
40.55,3.95,North-Eastern,Arid & Semi-Arid (ASAL),9,2017|2018|2019|2020|2021|2022|2023|2024|2025,True,True
40.65,3.95,North-Eastern,Arid & Semi-Arid (ASAL),9,2017|2018|2019|2020|2021|2022|2023|2024|2025,True,True
40.75,3.95,North-Eastern,Arid & Semi-Arid (ASAL),9,2017|2018|2019|2020|2021|2022|2023|2024|2025,True,True
40.85,3.95,North-Eastern,Arid & Semi-Arid (ASAL),9,2017|2018|2019|2020|2021|2022|2023|2024|2025,True,True
40.95,3.95,North-Eastern,Arid & Semi-Arid (ASAL),9,2017|2018|2019|2020|2021|2022|2023|2024|2025,True,True
41.05,3.95,North-Eastern,Arid & Semi-Arid (ASAL),9,2017|2018|2019|2020|2021|2022|2023|2024|2025,True,True
41.45,3.95,North-Eastern,Arid & Semi-Arid (ASAL),9,2017|2018|2019|2020|2021|2022|2023|2024|2025,True,True
41.55,3.95,North-Eastern,Arid & Semi-Arid (ASAL),9,2017|2018|2019|2020|2021|2022|2023|2024|2025,True,True
41.65,3.95,North-Eastern,Arid & Semi-Arid (ASAL),9,2017|2018|2019|2020|2021|2022|2023|2024|2025,True,True
41.75,3.95,North-Eastern,Arid & Semi-Arid (ASAL),9,2017|2018|2019|2020|2021|2022|2023|2024|2025,True,True
41.85,3.95,North-Eastern,Arid & Semi-Arid (ASAL),9,2017|2018|2019|2020|2021|2022|2023|2024|2025,True,True
34.25,3.85,Rift Valley,Highlands & Rift,9,2017|2018|2019|2020|2021|2022|2023|2024|2025,True,True
34.35,3.85,Rift Valley,Highlands & Rift,9,2017|2018|2019|2020|2021|2022|2023|2024|2025,True,True
34.45,3.85,Rift Valley,Highlands & Rift,9,2017|2018|2019|2020|2021|2022|2023|2024|2025,True,True
34.55,3.85,Rift Valley,Highlands & Rift,9,2017|2018|2019|2020|2021|2022|2023|2024|2025,True,True
34.65,3.85,Rift Valley,Highlands & Rift,9,2017|2018|2019|2020|2021|2022|2023|2024|2025,True,True
34.75,3.85,Rift Valley,Highlands & Rift,9,2017|2018|2019|2020|2021|2022|2023|2024|2025,True,True
34.85,3.85,Rift Valley,Highlands & Rift,9,2017|2018|2019|2020|2021|2022|2023|2024|2025,True,True
34.95,3.85,Rift Valley,Highlands & Rift,9,2017|2018|2019|2020|2021|2022|2023|2024|2025,True,True
35.05,3.85,Rift Valley,Highlands & Rift,9,2017|2018|2019|2020|2021|2022|2023|2024|2025,True,True
35.15,3.85,Rift Valley,Highlands & Rift,9,2017|2018|2019|2020|2021|2022|2023|2024|2025,True,True
35.25,3.85,Rift Valley,Highlands & Rift,9,2017|2018|2019|2020|2021|2022|2023|2024|2025,True,True
35.35,3.85,Rift Valley,Highlands & Rift,9,2017|2018|2019|2020|2021|2022|2023|2024|2025,True,True
35.45,3.85,Rift Valley,Highlands & Rift,9,2017|2018|2019|2020|2021|2022|2023|2024|2025,True,True
35.55,3.85,Rift Valley,Highlands & Rift,9,2017|2018|2019|2020|2021|2022|2023|2024|2025,True,True
35.65,3.85,Rift Valley,Highlands & Rift,9,2017|2018|2019|2020|2021|2022|2023|2024|2025,True,True
35.75,3.85,Rift Valley,Highlands & Rift,9,2017|2018|2019|2020|2021|2022|2023|2024|2025,True,True
35.85,3.85,Rift Valley,Highlands & Rift,9,2017|2018|2019|2020|2021|2022|2023|2024|2025,True,True
35.95,3.85,Rift Valley,Highlands & Rift,9,2017|2018|2019|2020|2021|2022|2023|2024|2025,True,True
36.05,3.85,Eastern,Arid & Semi-Arid (ASAL),9,2017|2018|2019|2020|2021|2022|2023|2024|2025,True,True
36.15,3.85,Eastern,Arid & Semi-Arid (ASAL),9,2017|2018|2019|2020|2021|2022|2023|2024|2025,True,True
36.25,3.85,Eastern,Arid & Semi-Arid (ASAL),9,2017|2018|2019|2020|2021|2022|2023|2024|2025,True,True
36.35,3.85,Eastern,Arid & Semi-Arid (ASAL),9,2017|2018|2019|2020|2021|2022|2023|2024|2025,True,True
36.45,3.85,Eastern,Arid & Semi-Arid (ASAL),9,2017|2018|2019|2020|2021|2022|2023|2024|2025,True,True
36.55,3.85,Eastern,Arid & Semi-Arid (ASAL),9,2017|2018|2019|2020|2021|2022|2023|2024|2025,True,True
36.65,3.85,Eastern,Arid & Semi-Arid (ASAL),9,2017|2018|2019|2020|2021|2022|2023|2024|2025,True,True
36.75,3.85,Eastern,Arid & Semi-Arid (ASAL),9,2017|2018|2019|2020|2021|2022|2023|2024|2025,True,True
36.85,3.85,Eastern,Arid & Semi-Arid (ASAL),9,2017|2018|2019|2020|2021|2022|2023|2024|2025,True,True
36.95,3.85,Eastern,Arid & Semi-Arid (ASAL),9,2017|2018|2019|2020|2021|2022|2023|2024|2025,True,True
37.05,3.85,Eastern,Arid & Semi-Arid (ASAL),9,2017|2018|2019|2020|2021|2022|2023|2024|2025,True,True
37.15,3.85,Eastern,Arid & Semi-Arid (ASAL),9,2017|2018|2019|2020|2021|2022|2023|2024|2025,True,True
37.25,3.85,Eastern,Arid & Semi-Arid (ASAL),9,2017|2018|2019|2020|2021|2022|2023|2024|2025,True,True
37.35,3.85,Eastern,Arid & Semi-Arid (ASAL),9,2017|2018|2019|2020|2021|2022|2023|2024|2025,True,True
37.45,3.85,Eastern,Arid & Semi-Arid (ASAL),9,2017|2018|2019|2020|2021|2022|2023|2024|2025,True,True
37.55,3.85,Eastern,Arid & Semi-Arid (ASAL),9,2017|2018|2019|2020|2021|2022|2023|2024|2025,True,True
37.65,3.85,Eastern,Arid & Semi-Arid (ASAL),9,2017|2018|2019|2020|2021|2022|2023|2024|2025,True,True
37.75,3.85,Eastern,Arid & Semi-Arid (ASAL),9,2017|2018|2019|2020|2021|2022|2023|2024|2025,True,True
39.85,3.85,North-Eastern,Arid & Semi-Arid (ASAL),9,2017|2018|2019|2020|2021|2022|2023|2024|2025,True,True
39.95,3.85,North-Eastern,Arid & Semi-Arid (ASAL),9,2017|2018|2019|2020|2021|2022|2023|2024|2025,True,True
40.05,3.85,North-Eastern,Arid & Semi-Arid (ASAL),9,2017|2018|2019|2020|2021|2022|2023|2024|2025,True,True
40.15,3.85,North-Eastern,Arid & Semi-Arid (ASAL),9,2017|2018|2019|2020|2021|2022|2023|2024|2025,True,True
40.25,3.85,North-Eastern,Arid & Semi-Arid (ASAL),9,2017|2018|2019|2020|2021|2022|2023|2024|2025,True,True
40.35,3.85,North-Eastern,Arid & Semi-Arid (ASAL),9,2017|2018|2019|2020|2021|2022|2023|2024|2025,True,True
40.45,3.85,North-Eastern,Arid & Semi-Arid (ASAL),9,2017|2018|2019|2020|2021|2022|2023|2024|2025,True,True
40.55,3.85,North-Eastern,Arid & Semi-Arid (ASAL),9,2017|2018|2019|2020|2021|2022|2023|2024|2025,True,True
40.65,3.85,North-Eastern,Arid & Semi-Arid (ASAL),9,2017|2018|2019|2020|2021|2022|2023|2024|2025,True,True
40.75,3.85,North-Eastern,Arid & Semi-Arid (ASAL),9,2017|2018|2019|2020|2021|2022|2023|2024|2025,True,True
40.85,3.85,North-Eastern,Arid & Semi-Arid (ASAL),9,2017|2018|2019|2020|2021|2022|2023|2024|2025,True,True
40.95,3.85,North-Eastern,Arid & Semi-Arid (ASAL),9,2017|2018|2019|2020|2021|2022|2023|2024|2025,True,True
41.05,3.85,North-Eastern,Arid & Semi-Arid (ASAL),9,2017|2018|2019|2020|2021|2022|2023|2024|2025,True,True
41.15,3.85,North-Eastern,Arid & Semi-Arid (ASAL),9,2017|2018|2019|2020|2021|2022|2023|2024|2025,True,True
41.25,3.85,North-Eastern,Arid & Semi-Arid (ASAL),9,2017|2018|2019|2020|2021|2022|2023|2024|2025,True,True
41.35,3.85,North-Eastern,Arid & Semi-Arid (ASAL),9,2017|2018|2019|2020|2021|2022|2023|2024|2025,True,True
41.45,3.85,North-Eastern,Arid & Semi-Arid (ASAL),9,2017|2018|2019|2020|2021|2022|2023|2024|2025,True,True
41.55,3.85,North-Eastern,Arid & Semi-Arid (ASAL),9,2017|2018|2019|2020|2021|2022|2023|2024|2025,True,True
41.65,3.85,North-Eastern,Arid & Semi-Arid (ASAL),9,2017|2018|2019|2020|2021|2022|2023|2024|2025,True,True
41.75,3.85,North-Eastern,Arid & Semi-Arid (ASAL),9,2017|2018|2019|2020|2021|2022|2023|2024|2025,True,True
34.35,3.75,Rift Valley,Highlands & Rift,9,2017|2018|2019|2020|2021|2022|2023|2024|2025,True,True
34.45,3.75,Rift Valley,Highlands & Rift,9,2017|2018|2019|2020|2021|2022|2023|2024|2025,True,True
34.55,3.75,Rift Valley,Highlands & Rift,9,2017|2018|2019|2020|2021|2022|2023|2024|2025,True,True
34.65,3.75,Rift Valley,Highlands & Rift,9,2017|2018|2019|2020|2021|2022|2023|2024|2025,True,True
34.75,3.75,Rift Valley,Highlands & Rift,9,2017|2018|2019|2020|2021|2022|2023|2024|2025,True,True
34.85,3.75,Rift Valley,Highlands & Rift,9,2017|2018|2019|2020|2021|2022|2023|2024|2025,True,True
34.95,3.75,Rift Valley,Highlands & Rift,9,2017|2018|2019|2020|2021|2022|2023|2024|2025,True,True
35.05,3.75,Rift Valley,Highlands & Rift,9,2017|2018|2019|2020|2021|2022|2023|2024|2025,True,True
35.15,3.75,Rift Valley,Highlands & Rift,9,2017|2018|2019|2020|2021|2022|2023|2024|2025,True,True
35.25,3.75,Rift Valley,Highlands & Rift,9,2017|2018|2019|2020|2021|2022|2023|2024|2025,True,True
35.35,3.75,Rift Valley,Highlands & Rift,9,2017|2018|2019|2020|2021|2022|2023|2024|2025,True,True
35.45,3.75,Rift Valley,Highlands & Rift,9,2017|2018|2019|2020|2021|2022|2023|2024|2025,True,True
35.55,3.75,Rift Valley,Highlands & Rift,9,2017|2018|2019|2020|2021|2022|2023|2024|2025,True,True
35.65,3.75,Rift Valley,Highlands & Rift,9,2017|2018|2019|2020|2021|2022|2023|2024|2025,True,True
35.75,3.75,Rift Valley,Highlands & Rift,9,2017|2018|2019|2020|2021|2022|2023|2024|2025,True,True
35.85,3.75,Rift Valley,Highlands & Rift,9,2017|2018|2019|2020|2021|2022|2023|2024|2025,True,True
35.95,3.75,Rift Valley,Highlands & Rift,9,2017|2018|2019|2020|2021|2022|2023|2024|2025,True,True
36.05,3.75,Eastern,Arid & Semi-Arid (ASAL),9,2017|2018|2019|2020|2021|2022|2023|2024|2025,True,True
36.15,3.75,Eastern,Arid & Semi-Arid (ASAL),9,2017|2018|2019|2020|2021|2022|2023|2024|2025,True,True
36.25,3.75,Eastern,Arid & Semi-Arid (ASAL),9,2017|2018|2019|2020|2021|2022|2023|2024|2025,True,True
36.35,3.75,Eastern,Arid & Semi-Arid (ASAL),9,2017|2018|2019|2020|2021|2022|2023|2024|2025,True,True
36.45,3.75,Eastern,Arid & Semi-Arid (ASAL),9,2017|2018|2019|2020|2021|2022|2023|2024|2025,True,True
36.55,3.75,Eastern,Arid & Semi-Arid (ASAL),9,2017|2018|2019|2020|2021|2022|2023|2024|2025,True,True
36.65,3.75,Eastern,Arid & Semi-Arid (ASAL),9,2017|2018|2019|2020|2021|2022|2023|2024|2025,True,True
36.75,3.75,Eastern,Arid & Semi-Arid (ASAL),9,2017|2018|2019|2020|2021|2022|2023|2024|2025,True,True
36.85,3.75,Eastern,Arid & Semi-Arid (ASAL),9,2017|2018|2019|2020|2021|2022|2023|2024|2025,True,True
36.95,3.75,Eastern,Arid & Semi-Arid (ASAL),9,2017|2018|2019|2020|2021|2022|2023|2024|2025,True,True
37.05,3.75,Eastern,Arid & Semi-Arid (ASAL),9,2017|2018|2019|2020|2021|2022|2023|2024|2025,True,True
37.15,3.75,Eastern,Arid & Semi-Arid (ASAL),9,2017|2018|2019|2020|2021|2022|2023|2024|2025,True,True
37.25,3.75,Eastern,Arid & Semi-Arid (ASAL),9,2017|2018|2019|2020|2021|2022|2023|2024|2025,True,True
37.35,3.75,Eastern,Arid & Semi-Arid (ASAL),9,2017|2018|2019|2020|2021|2022|2023|2024|2025,True,True
37.45,3.75,Eastern,Arid & Semi-Arid (ASAL),9,2017|2018|2019|2020|2021|2022|2023|2024|2025,True,True
37.55,3.75,Eastern,Arid & Semi-Arid (ASAL),9,2017|2018|2019|2020|2021|2022|2023|2024|2025,True,True
37.65,3.75,Eastern,Arid & Semi-Arid (ASAL),9,2017|2018|2019|2020|2021|2022|2023|2024|2025,True,True
37.75,3.75,Eastern,Arid & Semi-Arid (ASAL),9,2017|2018|2019|2020|2021|2022|2023|2024|2025,True,True
37.85,3.75,Eastern,Arid & Semi-Arid (ASAL),9,2017|2018|2019|2020|2021|2022|2023|2024|2025,True,True
39.85,3.75,North-Eastern,Arid & Semi-Arid (ASAL),9,2017|2018|2019|2020|2021|2022|2023|2024|2025,True,True
39.95,3.75,North-Eastern,Arid & Semi-Arid (ASAL),9,2017|2018|2019|2020|2021|2022|2023|2024|2025,True,True
40.05,3.75,North-Eastern,Arid & Semi-Arid (ASAL),9,2017|2018|2019|2020|2021|2022|2023|2024|2025,True,True
40.15,3.75,North-Eastern,Arid & Semi-Arid (ASAL),9,2017|2018|2019|2020|2021|2022|2023|2024|2025,True,True
40.25,3.75,North-Eastern,Arid & Semi-Arid (ASAL),9,2017|2018|2019|2020|2021|2022|2023|2024|2025,True,True
40.35,3.75,North-Eastern,Arid & Semi-Arid (ASAL),9,2017|2018|2019|2020|2021|2022|2023|2024|2025,True,True
40.45,3.75,North-Eastern,Arid & Semi-Arid (ASAL),9,2017|2018|2019|2020|2021|2022|2023|2024|2025,True,True
40.55,3.75,North-Eastern,Arid & Semi-Arid (ASAL),9,2017|2018|2019|2020|2021|2022|2023|2024|2025,True,True
40.65,3.75,North-Eastern,Arid & Semi-Arid (ASAL),9,2017|2018|2019|2020|2021|2022|2023|2024|2025,True,True
40.75,3.75,North-Eastern,Arid & Semi-Arid (ASAL),9,2017|2018|2019|2020|2021|2022|2023|2024|2025,True,True
40.85,3.75,North-Eastern,Arid & Semi-Arid (ASAL),9,2017|2018|2019|2020|2021|2022|2023|2024|2025,True,True
40.95,3.75,North-Eastern,Arid & Semi-Arid (ASAL),9,2017|2018|2019|2020|2021|2022|2023|2024|2025,True,True
41.05,3.75,North-Eastern,Arid & Semi-Arid (ASAL),9,2017|2018|2019|2020|2021|2022|2023|2024|2025,True,True
41.15,3.75,North-Eastern,Arid & Semi-Arid (ASAL),9,2017|2018|2019|2020|2021|2022|2023|2024|2025,True,True
41.25,3.75,North-Eastern,Arid & Semi-Arid (ASAL),9,2017|2018|2019|2020|2021|2022|2023|2024|2025,True,True
41.35,3.75,North-Eastern,Arid & Semi-Arid (ASAL),9,2017|2018|2019|2020|2021|2022|2023|2024|2025,True,True
41.45,3.75,North-Eastern,Arid & Semi-Arid (ASAL),9,2017|2018|2019|2020|2021|2022|2023|2024|2025,True,True
41.55,3.75,North-Eastern,Arid & Semi-Arid (ASAL),9,2017|2018|2019|2020|2021|2022|2023|2024|2025,True,True
41.65,3.75,North-Eastern,Arid & Semi-Arid (ASAL),9,2017|2018|2019|2020|2021|2022|2023|2024|2025,True,True
34.45,3.65,Rift Valley,Highlands & Rift,9,2017|2018|2019|2020|2021|2022|2023|2024|2025,True,True
34.55,3.65,Rift Valley,Highlands & Rift,9,2017|2018|2019|2020|2021|2022|2023|2024|2025,True,True
34.65,3.65,Rift Valley,Highlands & Rift,9,2017|2018|2019|2020|2021|2022|2023|2024|2025,True,True
34.75,3.65,Rift Valley,Highlands & Rift,9,2017|2018|2019|2020|2021|2022|2023|2024|2025,True,True
34.85,3.65,Rift Valley,Highlands & Rift,9,2017|2018|2019|2020|2021|2022|2023|2024|2025,True,True
34.95,3.65,Rift Valley,Highlands & Rift,9,2017|2018|2019|2020|2021|2022|2023|2024|2025,True,True
35.05,3.65,Rift Valley,Highlands & Rift,9,2017|2018|2019|2020|2021|2022|2023|2024|2025,True,True
35.15,3.65,Rift Valley,Highlands & Rift,9,2017|2018|2019|2020|2021|2022|2023|2024|2025,True,True
35.25,3.65,Rift Valley,Highlands & Rift,9,2017|2018|2019|2020|2021|2022|2023|2024|2025,True,True
35.35,3.65,Rift Valley,Highlands & Rift,9,2017|2018|2019|2020|2021|2022|2023|2024|2025,True,True
35.45,3.65,Rift Valley,Highlands & Rift,9,2017|2018|2019|2020|2021|2022|2023|2024|2025,True,True
35.55,3.65,Rift Valley,Highlands & Rift,9,2017|2018|2019|2020|2021|2022|2023|2024|2025,True,True
35.65,3.65,Rift Valley,Highlands & Rift,9,2017|2018|2019|2020|2021|2022|2023|2024|2025,True,True
35.75,3.65,Rift Valley,Highlands & Rift,9,2017|2018|2019|2020|2021|2022|2023|2024|2025,True,True
35.85,3.65,Rift Valley,Highlands & Rift,9,2017|2018|2019|2020|2021|2022|2023|2024|2025,True,True
35.95,3.65,Rift Valley,Highlands & Rift,9,2017|2018|2019|2020|2021|2022|2023|2024|2025,True,True
36.05,3.65,Eastern,Arid & Semi-Arid (ASAL),9,2017|2018|2019|2020|2021|2022|2023|2024|2025,True,True
36.15,3.65,Eastern,Arid & Semi-Arid (ASAL),9,2017|2018|2019|2020|2021|2022|2023|2024|2025,True,True
36.25,3.65,Eastern,Arid & Semi-Arid (ASAL),9,2017|2018|2019|2020|2021|2022|2023|2024|2025,True,True
36.35,3.65,Eastern,Arid & Semi-Arid (ASAL),9,2017|2018|2019|2020|2021|2022|2023|2024|2025,True,True
36.45,3.65,Eastern,Arid & Semi-Arid (ASAL),9,2017|2018|2019|2020|2021|2022|2023|2024|2025,True,True
36.55,3.65,Eastern,Arid & Semi-Arid (ASAL),9,2017|2018|2019|2020|2021|2022|2023|2024|2025,True,True
36.65,3.65,Eastern,Arid & Semi-Arid (ASAL),9,2017|2018|2019|2020|2021|2022|2023|2024|2025,True,True
36.75,3.65,Eastern,Arid & Semi-Arid (ASAL),9,2017|2018|2019|2020|2021|2022|2023|2024|2025,True,True
36.85,3.65,Eastern,Arid & Semi-Arid (ASAL),9,2017|2018|2019|2020|2021|2022|2023|2024|2025,True,True
36.95,3.65,Eastern,Arid & Semi-Arid (ASAL),9,2017|2018|2019|2020|2021|2022|2023|2024|2025,True,True
37.05,3.65,Eastern,Arid & Semi-Arid (ASAL),9,2017|2018|2019|2020|2021|2022|2023|2024|2025,True,True
37.15,3.65,Eastern,Arid & Semi-Arid (ASAL),9,2017|2018|2019|2020|2021|2022|2023|2024|2025,True,True
37.25,3.65,Eastern,Arid & Semi-Arid (ASAL),9,2017|2018|2019|2020|2021|2022|2023|2024|2025,True,True
37.35,3.65,Eastern,Arid & Semi-Arid (ASAL),9,2017|2018|2019|2020|2021|2022|2023|2024|2025,True,True
37.45,3.65,Eastern,Arid & Semi-Arid (ASAL),9,2017|2018|2019|2020|2021|2022|2023|2024|2025,True,True
37.55,3.65,Eastern,Arid & Semi-Arid (ASAL),9,2017|2018|2019|2020|2021|2022|2023|2024|2025,True,True
37.65,3.65,Eastern,Arid & Semi-Arid (ASAL),9,2017|2018|2019|2020|2021|2022|2023|2024|2025,True,True
37.75,3.65,Eastern,Arid & Semi-Arid (ASAL),9,2017|2018|2019|2020|2021|2022|2023|2024|2025,True,True
37.85,3.65,Eastern,Arid & Semi-Arid (ASAL),9,2017|2018|2019|2020|2021|2022|2023|2024|2025,True,True
37.95,3.65,Eastern,Arid & Semi-Arid (ASAL),9,2017|2018|2019|2020|2021|2022|2023|2024|2025,True,True
39.75,3.65,North-Eastern,Arid & Semi-Arid (ASAL),9,2017|2018|2019|2020|2021|2022|2023|2024|2025,True,True
39.85,3.65,North-Eastern,Arid & Semi-Arid (ASAL),9,2017|2018|2019|2020|2021|2022|2023|2024|2025,True,True
39.95,3.65,North-Eastern,Arid & Semi-Arid (ASAL),9,2017|2018|2019|2020|2021|2022|2023|2024|2025,True,True
40.05,3.65,North-Eastern,Arid & Semi-Arid (ASAL),9,2017|2018|2019|2020|2021|2022|2023|2024|2025,True,True
40.15,3.65,North-Eastern,Arid & Semi-Arid (ASAL),9,2017|2018|2019|2020|2021|2022|2023|2024|2025,True,True
40.25,3.65,North-Eastern,Arid & Semi-Arid (ASAL),9,2017|2018|2019|2020|2021|2022|2023|2024|2025,True,True
40.35,3.65,North-Eastern,Arid & Semi-Arid (ASAL),9,2017|2018|2019|2020|2021|2022|2023|2024|2025,True,True
40.45,3.65,North-Eastern,Arid & Semi-Arid (ASAL),9,2017|2018|2019|2020|2021|2022|2023|2024|2025,True,True
40.55,3.65,North-Eastern,Arid & Semi-Arid (ASAL),9,2017|2018|2019|2020|2021|2022|2023|2024|2025,True,True
40.65,3.65,North-Eastern,Arid & Semi-Arid (ASAL),9,2017|2018|2019|2020|2021|2022|2023|2024|2025,True,True
40.75,3.65,North-Eastern,Arid & Semi-Arid (ASAL),9,2017|2018|2019|2020|2021|2022|2023|2024|2025,True,True
40.85,3.65,North-Eastern,Arid & Semi-Arid (ASAL),9,2017|2018|2019|2020|2021|2022|2023|2024|2025,True,True
40.95,3.65,North-Eastern,Arid & Semi-Arid (ASAL),9,2017|2018|2019|2020|2021|2022|2023|2024|2025,True,True
41.05,3.65,North-Eastern,Arid & Semi-Arid (ASAL),9,2017|2018|2019|2020|2021|2022|2023|2024|2025,True,True
41.15,3.65,North-Eastern,Arid & Semi-Arid (ASAL),9,2017|2018|2019|2020|2021|2022|2023|2024|2025,True,True
41.25,3.65,North-Eastern,Arid & Semi-Arid (ASAL),9,2017|2018|2019|2020|2021|2022|2023|2024|2025,True,True
41.35,3.65,North-Eastern,Arid & Semi-Arid (ASAL),9,2017|2018|2019|2020|2021|2022|2023|2024|2025,True,True
41.45,3.65,North-Eastern,Arid & Semi-Arid (ASAL),9,2017|2018|2019|2020|2021|2022|2023|2024|2025,True,True
41.55,3.65,North-Eastern,Arid & Semi-Arid (ASAL),9,2017|2018|2019|2020|2021|2022|2023|2024|2025,True,True
41.65,3.65,North-Eastern,Arid & Semi-Arid (ASAL),9,2017|2018|2019|2020|2021|2022|2023|2024|2025,True,True
34.45,3.55,Rift Valley,Highlands & Rift,9,2017|2018|2019|2020|2021|2022|2023|2024|2025,True,True
34.55,3.55,Rift Valley,Highlands & Rift,9,2017|2018|2019|2020|2021|2022|2023|2024|2025,True,True
34.65,3.55,Rift Valley,Highlands & Rift,9,2017|2018|2019|2020|2021|2022|2023|2024|2025,True,True
34.75,3.55,Rift Valley,Highlands & Rift,9,2017|2018|2019|2020|2021|2022|2023|2024|2025,True,True
34.85,3.55,Rift Valley,Highlands & Rift,9,2017|2018|2019|2020|2021|2022|2023|2024|2025,True,True
34.95,3.55,Rift Valley,Highlands & Rift,9,2017|2018|2019|2020|2021|2022|2023|2024|2025,True,True
35.05,3.55,Rift Valley,Highlands & Rift,9,2017|2018|2019|2020|2021|2022|2023|2024|2025,True,True
35.15,3.55,Rift Valley,Highlands & Rift,9,2017|2018|2019|2020|2021|2022|2023|2024|2025,True,True
35.25,3.55,Rift Valley,Highlands & Rift,9,2017|2018|2019|2020|2021|2022|2023|2024|2025,True,True
35.35,3.55,Rift Valley,Highlands & Rift,9,2017|2018|2019|2020|2021|2022|2023|2024|2025,True,True
35.45,3.55,Rift Valley,Highlands & Rift,9,2017|2018|2019|2020|2021|2022|2023|2024|2025,True,True
35.55,3.55,Rift Valley,Highlands & Rift,9,2017|2018|2019|2020|2021|2022|2023|2024|2025,True,True
35.65,3.55,Rift Valley,Highlands & Rift,9,2017|2018|2019|2020|2021|2022|2023|2024|2025,True,True
35.75,3.55,Rift Valley,Highlands & Rift,9,2017|2018|2019|2020|2021|2022|2023|2024|2025,True,True
35.85,3.55,Rift Valley,Highlands & Rift,9,2017|2018|2019|2020|2021|2022|2023|2024|2025,True,True
35.95,3.55,Rift Valley,Highlands & Rift,9,2017|2018|2019|2020|2021|2022|2023|2024|2025,True,True
36.05,3.55,Eastern,Arid & Semi-Arid (ASAL),9,2017|2018|2019|2020|2021|2022|2023|2024|2025,True,True
36.15,3.55,Eastern,Arid & Semi-Arid (ASAL),9,2017|2018|2019|2020|2021|2022|2023|2024|2025,True,True
36.25,3.55,Eastern,Arid & Semi-Arid (ASAL),9,2017|2018|2019|2020|2021|2022|2023|2024|2025,True,True
36.35,3.55,Eastern,Arid & Semi-Arid (ASAL),9,2017|2018|2019|2020|2021|2022|2023|2024|2025,True,True
36.45,3.55,Eastern,Arid & Semi-Arid (ASAL),9,2017|2018|2019|2020|2021|2022|2023|2024|2025,True,True
36.55,3.55,Eastern,Arid & Semi-Arid (ASAL),9,2017|2018|2019|2020|2021|2022|2023|2024|2025,True,True
36.65,3.55,Eastern,Arid & Semi-Arid (ASAL),9,2017|2018|2019|2020|2021|2022|2023|2024|2025,True,True
36.75,3.55,Eastern,Arid & Semi-Arid (ASAL),9,2017|2018|2019|2020|2021|2022|2023|2024|2025,True,True
36.85,3.55,Eastern,Arid & Semi-Arid (ASAL),9,2017|2018|2019|2020|2021|2022|2023|2024|2025,True,True
36.95,3.55,Eastern,Arid & Semi-Arid (ASAL),9,2017|2018|2019|2020|2021|2022|2023|2024|2025,True,True
37.05,3.55,Eastern,Arid & Semi-Arid (ASAL),9,2017|2018|2019|2020|2021|2022|2023|2024|2025,True,True
37.15,3.55,Eastern,Arid & Semi-Arid (ASAL),9,2017|2018|2019|2020|2021|2022|2023|2024|2025,True,True
37.25,3.55,Eastern,Arid & Semi-Arid (ASAL),9,2017|2018|2019|2020|2021|2022|2023|2024|2025,True,True
37.35,3.55,Eastern,Arid & Semi-Arid (ASAL),9,2017|2018|2019|2020|2021|2022|2023|2024|2025,True,True
37.45,3.55,Eastern,Arid & Semi-Arid (ASAL),9,2017|2018|2019|2020|2021|2022|2023|2024|2025,True,True
37.55,3.55,Eastern,Arid & Semi-Arid (ASAL),9,2017|2018|2019|2020|2021|2022|2023|2024|2025,True,True
37.65,3.55,Eastern,Arid & Semi-Arid (ASAL),9,2017|2018|2019|2020|2021|2022|2023|2024|2025,True,True
37.75,3.55,Eastern,Arid & Semi-Arid (ASAL),9,2017|2018|2019|2020|2021|2022|2023|2024|2025,True,True
37.85,3.55,Eastern,Arid & Semi-Arid (ASAL),9,2017|2018|2019|2020|2021|2022|2023|2024|2025,True,True
37.95,3.55,Eastern,Arid & Semi-Arid (ASAL),9,2017|2018|2019|2020|2021|2022|2023|2024|2025,True,True
38.05,3.55,Eastern,Arid & Semi-Arid (ASAL),9,2017|2018|2019|2020|2021|2022|2023|2024|2025,True,True
38.15,3.55,Eastern,Arid & Semi-Arid (ASAL),9,2017|2018|2019|2020|2021|2022|2023|2024|2025,True,True
38.25,3.55,Eastern,Arid & Semi-Arid (ASAL),9,2017|2018|2019|2020|2021|2022|2023|2024|2025,True,True
38.35,3.55,Eastern,Arid & Semi-Arid (ASAL),9,2017|2018|2019|2020|2021|2022|2023|2024|2025,True,True
38.45,3.55,Eastern,Arid & Semi-Arid (ASAL),9,2017|2018|2019|2020|2021|2022|2023|2024|2025,True,True
38.55,3.55,Eastern,Arid & Semi-Arid (ASAL),9,2017|2018|2019|2020|2021|2022|2023|2024|2025,True,True
38.65,3.55,Eastern,Arid & Semi-Arid (ASAL),9,2017|2018|2019|2020|2021|2022|2023|2024|2025,True,True
38.75,3.55,Eastern,Arid & Semi-Arid (ASAL),9,2017|2018|2019|2020|2021|2022|2023|2024|2025,True,True
39.65,3.55,North-Eastern,Arid & Semi-Arid (ASAL),9,2017|2018|2019|2020|2021|2022|2023|2024|2025,True,True
39.75,3.55,North-Eastern,Arid & Semi-Arid (ASAL),9,2017|2018|2019|2020|2021|2022|2023|2024|2025,True,True
39.85,3.55,North-Eastern,Arid & Semi-Arid (ASAL),9,2017|2018|2019|2020|2021|2022|2023|2024|2025,True,True
39.95,3.55,North-Eastern,Arid & Semi-Arid (ASAL),9,2017|2018|2019|2020|2021|2022|2023|2024|2025,True,True
40.05,3.55,North-Eastern,Arid & Semi-Arid (ASAL),9,2017|2018|2019|2020|2021|2022|2023|2024|2025,True,True
40.15,3.55,North-Eastern,Arid & Semi-Arid (ASAL),9,2017|2018|2019|2020|2021|2022|2023|2024|2025,True,True
40.25,3.55,North-Eastern,Arid & Semi-Arid (ASAL),9,2017|2018|2019|2020|2021|2022|2023|2024|2025,True,True
40.35,3.55,North-Eastern,Arid & Semi-Arid (ASAL),9,2017|2018|2019|2020|2021|2022|2023|2024|2025,True,True
40.45,3.55,North-Eastern,Arid & Semi-Arid (ASAL),9,2017|2018|2019|2020|2021|2022|2023|2024|2025,True,True
40.55,3.55,North-Eastern,Arid & Semi-Arid (ASAL),9,2017|2018|2019|2020|2021|2022|2023|2024|2025,True,True
40.65,3.55,North-Eastern,Arid & Semi-Arid (ASAL),9,2017|2018|2019|2020|2021|2022|2023|2024|2025,True,True
40.75,3.55,North-Eastern,Arid & Semi-Arid (ASAL),9,2017|2018|2019|2020|2021|2022|2023|2024|2025,True,True
40.85,3.55,North-Eastern,Arid & Semi-Arid (ASAL),9,2017|2018|2019|2020|2021|2022|2023|2024|2025,True,True
40.95,3.55,North-Eastern,Arid & Semi-Arid (ASAL),9,2017|2018|2019|2020|2021|2022|2023|2024|2025,True,True
41.05,3.55,North-Eastern,Arid & Semi-Arid (ASAL),9,2017|2018|2019|2020|2021|2022|2023|2024|2025,True,True
41.15,3.55,North-Eastern,Arid & Semi-Arid (ASAL),9,2017|2018|2019|2020|2021|2022|2023|2024|2025,True,True
41.25,3.55,North-Eastern,Arid & Semi-Arid (ASAL),9,2017|2018|2019|2020|2021|2022|2023|2024|2025,True,True
41.35,3.55,North-Eastern,Arid & Semi-Arid (ASAL),9,2017|2018|2019|2020|2021|2022|2023|2024|2025,True,True
41.45,3.55,North-Eastern,Arid & Semi-Arid (ASAL),9,2017|2018|2019|2020|2021|2022|2023|2024|2025,True,True
41.55,3.55,North-Eastern,Arid & Semi-Arid (ASAL),9,2017|2018|2019|2020|2021|2022|2023|2024|2025,True,True
34.45,3.45,Rift Valley,Highlands & Rift,9,2017|2018|2019|2020|2021|2022|2023|2024|2025,True,True
34.55,3.45,Rift Valley,Highlands & Rift,9,2017|2018|2019|2020|2021|2022|2023|2024|2025,True,True
34.65,3.45,Rift Valley,Highlands & Rift,9,2017|2018|2019|2020|2021|2022|2023|2024|2025,True,True
34.75,3.45,Rift Valley,Highlands & Rift,9,2017|2018|2019|2020|2021|2022|2023|2024|2025,True,True
34.85,3.45,Rift Valley,Highlands & Rift,9,2017|2018|2019|2020|2021|2022|2023|2024|2025,True,True
34.95,3.45,Rift Valley,Highlands & Rift,9,2017|2018|2019|2020|2021|2022|2023|2024|2025,True,True
35.05,3.45,Rift Valley,Highlands & Rift,9,2017|2018|2019|2020|2021|2022|2023|2024|2025,True,True
35.15,3.45,Rift Valley,Highlands & Rift,9,2017|2018|2019|2020|2021|2022|2023|2024|2025,True,True
35.25,3.45,Rift Valley,Highlands & Rift,9,2017|2018|2019|2020|2021|2022|2023|2024|2025,True,True
35.35,3.45,Rift Valley,Highlands & Rift,9,2017|2018|2019|2020|2021|2022|2023|2024|2025,True,True
35.45,3.45,Rift Valley,Highlands & Rift,9,2017|2018|2019|2020|2021|2022|2023|2024|2025,True,True
35.55,3.45,Rift Valley,Highlands & Rift,9,2017|2018|2019|2020|2021|2022|2023|2024|2025,True,True
35.65,3.45,Rift Valley,Highlands & Rift,9,2017|2018|2019|2020|2021|2022|2023|2024|2025,True,True
35.75,3.45,Rift Valley,Highlands & Rift,9,2017|2018|2019|2020|2021|2022|2023|2024|2025,True,True
35.85,3.45,Rift Valley,Highlands & Rift,9,2017|2018|2019|2020|2021|2022|2023|2024|2025,True,True
35.95,3.45,Rift Valley,Highlands & Rift,9,2017|2018|2019|2020|2021|2022|2023|2024|2025,True,True
36.05,3.45,Eastern,Arid & Semi-Arid (ASAL),9,2017|2018|2019|2020|2021|2022|2023|2024|2025,True,True
36.15,3.45,Eastern,Arid & Semi-Arid (ASAL),9,2017|2018|2019|2020|2021|2022|2023|2024|2025,True,True
36.25,3.45,Eastern,Arid & Semi-Arid (ASAL),9,2017|2018|2019|2020|2021|2022|2023|2024|2025,True,True
36.35,3.45,Eastern,Arid & Semi-Arid (ASAL),9,2017|2018|2019|2020|2021|2022|2023|2024|2025,True,True
36.45,3.45,Eastern,Arid & Semi-Arid (ASAL),9,2017|2018|2019|2020|2021|2022|2023|2024|2025,True,True
36.55,3.45,Eastern,Arid & Semi-Arid (ASAL),9,2017|2018|2019|2020|2021|2022|2023|2024|2025,True,True
36.65,3.45,Eastern,Arid & Semi-Arid (ASAL),9,2017|2018|2019|2020|2021|2022|2023|2024|2025,True,True
36.75,3.45,Eastern,Arid & Semi-Arid (ASAL),9,2017|2018|2019|2020|2021|2022|2023|2024|2025,True,True
36.85,3.45,Eastern,Arid & Semi-Arid (ASAL),9,2017|2018|2019|2020|2021|2022|2023|2024|2025,True,True
36.95,3.45,Eastern,Arid & Semi-Arid (ASAL),9,2017|2018|2019|2020|2021|2022|2023|2024|2025,True,True
37.05,3.45,Eastern,Arid & Semi-Arid (ASAL),9,2017|2018|2019|2020|2021|2022|2023|2024|2025,True,True
37.15,3.45,Eastern,Arid & Semi-Arid (ASAL),9,2017|2018|2019|2020|2021|2022|2023|2024|2025,True,True
37.25,3.45,Eastern,Arid & Semi-Arid (ASAL),9,2017|2018|2019|2020|2021|2022|2023|2024|2025,True,True
37.35,3.45,Eastern,Arid & Semi-Arid (ASAL),9,2017|2018|2019|2020|2021|2022|2023|2024|2025,True,True
37.45,3.45,Eastern,Arid & Semi-Arid (ASAL),9,2017|2018|2019|2020|2021|2022|2023|2024|2025,True,True
37.55,3.45,Eastern,Arid & Semi-Arid (ASAL),9,2017|2018|2019|2020|2021|2022|2023|2024|2025,True,True
37.65,3.45,Eastern,Arid & Semi-Arid (ASAL),9,2017|2018|2019|2020|2021|2022|2023|2024|2025,True,True
37.75,3.45,Eastern,Arid & Semi-Arid (ASAL),9,2017|2018|2019|2020|2021|2022|2023|2024|2025,True,True
37.85,3.45,Eastern,Arid & Semi-Arid (ASAL),9,2017|2018|2019|2020|2021|2022|2023|2024|2025,True,True
37.95,3.45,Eastern,Arid & Semi-Arid (ASAL),9,2017|2018|2019|2020|2021|2022|2023|2024|2025,True,True
38.05,3.45,Eastern,Arid & Semi-Arid (ASAL),9,2017|2018|2019|2020|2021|2022|2023|2024|2025,True,True
38.15,3.45,Eastern,Arid & Semi-Arid (ASAL),9,2017|2018|2019|2020|2021|2022|2023|2024|2025,True,True
38.25,3.45,Eastern,Arid & Semi-Arid (ASAL),9,2017|2018|2019|2020|2021|2022|2023|2024|2025,True,True
38.35,3.45,Eastern,Arid & Semi-Arid (ASAL),9,2017|2018|2019|2020|2021|2022|2023|2024|2025,True,True
38.45,3.45,Eastern,Arid & Semi-Arid (ASAL),9,2017|2018|2019|2020|2021|2022|2023|2024|2025,True,True
38.55,3.45,Eastern,Arid & Semi-Arid (ASAL),9,2017|2018|2019|2020|2021|2022|2023|2024|2025,True,True
38.65,3.45,Eastern,Arid & Semi-Arid (ASAL),9,2017|2018|2019|2020|2021|2022|2023|2024|2025,True,True
38.75,3.45,Eastern,Arid & Semi-Arid (ASAL),9,2017|2018|2019|2020|2021|2022|2023|2024|2025,True,True
38.85,3.45,Eastern,Arid & Semi-Arid (ASAL),9,2017|2018|2019|2020|2021|2022|2023|2024|2025,True,True
38.95,3.45,Eastern,Arid & Semi-Arid (ASAL),9,2017|2018|2019|2020|2021|2022|2023|2024|2025,True,True
39.05,3.45,Eastern,Arid & Semi-Arid (ASAL),9,2017|2018|2019|2020|2021|2022|2023|2024|2025,True,True
39.15,3.45,Eastern,Arid & Semi-Arid (ASAL),9,2017|2018|2019|2020|2021|2022|2023|2024|2025,True,True
39.25,3.45,Eastern,Arid & Semi-Arid (ASAL),9,2017|2018|2019|2020|2021|2022|2023|2024|2025,True,True
39.35,3.45,North-Eastern,Arid & Semi-Arid (ASAL),9,2017|2018|2019|2020|2021|2022|2023|2024|2025,True,True
39.45,3.45,North-Eastern,Arid & Semi-Arid (ASAL),9,2017|2018|2019|2020|2021|2022|2023|2024|2025,True,True
39.65,3.45,North-Eastern,Arid & Semi-Arid (ASAL),9,2017|2018|2019|2020|2021|2022|2023|2024|2025,True,True
39.75,3.45,North-Eastern,Arid & Semi-Arid (ASAL),9,2017|2018|2019|2020|2021|2022|2023|2024|2025,True,True
39.85,3.45,North-Eastern,Arid & Semi-Arid (ASAL),9,2017|2018|2019|2020|2021|2022|2023|2024|2025,True,True
39.95,3.45,North-Eastern,Arid & Semi-Arid (ASAL),9,2017|2018|2019|2020|2021|2022|2023|2024|2025,True,True
40.05,3.45,North-Eastern,Arid & Semi-Arid (ASAL),9,2017|2018|2019|2020|2021|2022|2023|2024|2025,True,True
40.15,3.45,North-Eastern,Arid & Semi-Arid (ASAL),9,2017|2018|2019|2020|2021|2022|2023|2024|2025,True,True
40.25,3.45,North-Eastern,Arid & Semi-Arid (ASAL),9,2017|2018|2019|2020|2021|2022|2023|2024|2025,True,True
40.35,3.45,North-Eastern,Arid & Semi-Arid (ASAL),9,2017|2018|2019|2020|2021|2022|2023|2024|2025,True,True
40.45,3.45,North-Eastern,Arid & Semi-Arid (ASAL),9,2017|2018|2019|2020|2021|2022|2023|2024|2025,True,True
40.55,3.45,North-Eastern,Arid & Semi-Arid (ASAL),9,2017|2018|2019|2020|2021|2022|2023|2024|2025,True,True
40.65,3.45,North-Eastern,Arid & Semi-Arid (ASAL),9,2017|2018|2019|2020|2021|2022|2023|2024|2025,True,True
40.75,3.45,North-Eastern,Arid & Semi-Arid (ASAL),9,2017|2018|2019|2020|2021|2022|2023|2024|2025,True,True
40.85,3.45,North-Eastern,Arid & Semi-Arid (ASAL),9,2017|2018|2019|2020|2021|2022|2023|2024|2025,True,True
40.95,3.45,North-Eastern,Arid & Semi-Arid (ASAL),9,2017|2018|2019|2020|2021|2022|2023|2024|2025,True,True
41.05,3.45,North-Eastern,Arid & Semi-Arid (ASAL),9,2017|2018|2019|2020|2021|2022|2023|2024|2025,True,True
41.15,3.45,North-Eastern,Arid & Semi-Arid (ASAL),9,2017|2018|2019|2020|2021|2022|2023|2024|2025,True,True
41.25,3.45,North-Eastern,Arid & Semi-Arid (ASAL),9,2017|2018|2019|2020|2021|2022|2023|2024|2025,True,True
41.35,3.45,North-Eastern,Arid & Semi-Arid (ASAL),9,2017|2018|2019|2020|2021|2022|2023|2024|2025,True,True
41.45,3.45,North-Eastern,Arid & Semi-Arid (ASAL),9,2017|2018|2019|2020|2021|2022|2023|2024|2025,True,True
34.45,3.35,Rift Valley,Highlands & Rift,9,2017|2018|2019|2020|2021|2022|2023|2024|2025,True,True
34.55,3.35,Rift Valley,Highlands & Rift,9,2017|2018|2019|2020|2021|2022|2023|2024|2025,True,True
34.65,3.35,Rift Valley,Highlands & Rift,9,2017|2018|2019|2020|2021|2022|2023|2024|2025,True,True
34.75,3.35,Rift Valley,Highlands & Rift,9,2017|2018|2019|2020|2021|2022|2023|2024|2025,True,True
34.85,3.35,Rift Valley,Highlands & Rift,9,2017|2018|2019|2020|2021|2022|2023|2024|2025,True,True
34.95,3.35,Rift Valley,Highlands & Rift,9,2017|2018|2019|2020|2021|2022|2023|2024|2025,True,True
35.05,3.35,Rift Valley,Highlands & Rift,9,2017|2018|2019|2020|2021|2022|2023|2024|2025,True,True
35.15,3.35,Rift Valley,Highlands & Rift,9,2017|2018|2019|2020|2021|2022|2023|2024|2025,True,True
35.25,3.35,Rift Valley,Highlands & Rift,9,2017|2018|2019|2020|2021|2022|2023|2024|2025,True,True
35.35,3.35,Rift Valley,Highlands & Rift,9,2017|2018|2019|2020|2021|2022|2023|2024|2025,True,True
35.45,3.35,Rift Valley,Highlands & Rift,9,2017|2018|2019|2020|2021|2022|2023|2024|2025,True,True
35.55,3.35,Rift Valley,Highlands & Rift,9,2017|2018|2019|2020|2021|2022|2023|2024|2025,True,True
35.65,3.35,Rift Valley,Highlands & Rift,9,2017|2018|2019|2020|2021|2022|2023|2024|2025,True,True
35.75,3.35,Rift Valley,Highlands & Rift,9,2017|2018|2019|2020|2021|2022|2023|2024|2025,True,True
35.85,3.35,Rift Valley,Highlands & Rift,9,2017|2018|2019|2020|2021|2022|2023|2024|2025,True,True
35.95,3.35,Rift Valley,Highlands & Rift,9,2017|2018|2019|2020|2021|2022|2023|2024|2025,True,True
36.05,3.35,Eastern,Arid & Semi-Arid (ASAL),9,2017|2018|2019|2020|2021|2022|2023|2024|2025,True,True
36.15,3.35,Eastern,Arid & Semi-Arid (ASAL),9,2017|2018|2019|2020|2021|2022|2023|2024|2025,True,True
36.25,3.35,Eastern,Arid & Semi-Arid (ASAL),9,2017|2018|2019|2020|2021|2022|2023|2024|2025,True,True
36.35,3.35,Eastern,Arid & Semi-Arid (ASAL),9,2017|2018|2019|2020|2021|2022|2023|2024|2025,True,True
36.45,3.35,Eastern,Arid & Semi-Arid (ASAL),9,2017|2018|2019|2020|2021|2022|2023|2024|2025,True,True
36.55,3.35,Eastern,Arid & Semi-Arid (ASAL),9,2017|2018|2019|2020|2021|2022|2023|2024|2025,True,True
36.65,3.35,Eastern,Arid & Semi-Arid (ASAL),9,2017|2018|2019|2020|2021|2022|2023|2024|2025,True,True
36.75,3.35,Eastern,Arid & Semi-Arid (ASAL),9,2017|2018|2019|2020|2021|2022|2023|2024|2025,True,True
36.85,3.35,Eastern,Arid & Semi-Arid (ASAL),9,2017|2018|2019|2020|2021|2022|2023|2024|2025,True,True
36.95,3.35,Eastern,Arid & Semi-Arid (ASAL),9,2017|2018|2019|2020|2021|2022|2023|2024|2025,True,True
37.05,3.35,Eastern,Arid & Semi-Arid (ASAL),9,2017|2018|2019|2020|2021|2022|2023|2024|2025,True,True
37.15,3.35,Eastern,Arid & Semi-Arid (ASAL),9,2017|2018|2019|2020|2021|2022|2023|2024|2025,True,True
37.25,3.35,Eastern,Arid & Semi-Arid (ASAL),9,2017|2018|2019|2020|2021|2022|2023|2024|2025,True,True
37.35,3.35,Eastern,Arid & Semi-Arid (ASAL),9,2017|2018|2019|2020|2021|2022|2023|2024|2025,True,True
37.45,3.35,Eastern,Arid & Semi-Arid (ASAL),9,2017|2018|2019|2020|2021|2022|2023|2024|2025,True,True
37.55,3.35,Eastern,Arid & Semi-Arid (ASAL),9,2017|2018|2019|2020|2021|2022|2023|2024|2025,True,True
37.65,3.35,Eastern,Arid & Semi-Arid (ASAL),9,2017|2018|2019|2020|2021|2022|2023|2024|2025,True,True
37.75,3.35,Eastern,Arid & Semi-Arid (ASAL),9,2017|2018|2019|2020|2021|2022|2023|2024|2025,True,True
37.85,3.35,Eastern,Arid & Semi-Arid (ASAL),9,2017|2018|2019|2020|2021|2022|2023|2024|2025,True,True
37.95,3.35,Eastern,Arid & Semi-Arid (ASAL),9,2017|2018|2019|2020|2021|2022|2023|2024|2025,True,True
38.05,3.35,Eastern,Arid & Semi-Arid (ASAL),9,2017|2018|2019|2020|2021|2022|2023|2024|2025,True,True
38.15,3.35,Eastern,Arid & Semi-Arid (ASAL),9,2017|2018|2019|2020|2021|2022|2023|2024|2025,True,True
38.25,3.35,Eastern,Arid & Semi-Arid (ASAL),9,2017|2018|2019|2020|2021|2022|2023|2024|2025,True,True
38.35,3.35,Eastern,Arid & Semi-Arid (ASAL),9,2017|2018|2019|2020|2021|2022|2023|2024|2025,True,True
38.45,3.35,Eastern,Arid & Semi-Arid (ASAL),9,2017|2018|2019|2020|2021|2022|2023|2024|2025,True,True
38.55,3.35,Eastern,Arid & Semi-Arid (ASAL),9,2017|2018|2019|2020|2021|2022|2023|2024|2025,True,True
38.65,3.35,Eastern,Arid & Semi-Arid (ASAL),9,2017|2018|2019|2020|2021|2022|2023|2024|2025,True,True
38.75,3.35,Eastern,Arid & Semi-Arid (ASAL),9,2017|2018|2019|2020|2021|2022|2023|2024|2025,True,True
38.85,3.35,Eastern,Arid & Semi-Arid (ASAL),9,2017|2018|2019|2020|2021|2022|2023|2024|2025,True,True
38.95,3.35,Eastern,Arid & Semi-Arid (ASAL),9,2017|2018|2019|2020|2021|2022|2023|2024|2025,True,True
39.05,3.35,Eastern,Arid & Semi-Arid (ASAL),9,2017|2018|2019|2020|2021|2022|2023|2024|2025,True,True
39.15,3.35,Eastern,Arid & Semi-Arid (ASAL),9,2017|2018|2019|2020|2021|2022|2023|2024|2025,True,True
39.25,3.35,Eastern,Arid & Semi-Arid (ASAL),9,2017|2018|2019|2020|2021|2022|2023|2024|2025,True,True
39.35,3.35,North-Eastern,Arid & Semi-Arid (ASAL),9,2017|2018|2019|2020|2021|2022|2023|2024|2025,True,True
39.45,3.35,North-Eastern,Arid & Semi-Arid (ASAL),9,2017|2018|2019|2020|2021|2022|2023|2024|2025,True,True
39.55,3.35,North-Eastern,Arid & Semi-Arid (ASAL),9,2017|2018|2019|2020|2021|2022|2023|2024|2025,True,True
39.65,3.35,North-Eastern,Arid & Semi-Arid (ASAL),9,2017|2018|2019|2020|2021|2022|2023|2024|2025,True,True
39.75,3.35,North-Eastern,Arid & Semi-Arid (ASAL),9,2017|2018|2019|2020|2021|2022|2023|2024|2025,True,True
39.85,3.35,North-Eastern,Arid & Semi-Arid (ASAL),9,2017|2018|2019|2020|2021|2022|2023|2024|2025,True,True
39.95,3.35,North-Eastern,Arid & Semi-Arid (ASAL),9,2017|2018|2019|2020|2021|2022|2023|2024|2025,True,True
40.05,3.35,North-Eastern,Arid & Semi-Arid (ASAL),9,2017|2018|2019|2020|2021|2022|2023|2024|2025,True,True
40.15,3.35,North-Eastern,Arid & Semi-Arid (ASAL),9,2017|2018|2019|2020|2021|2022|2023|2024|2025,True,True
40.25,3.35,North-Eastern,Arid & Semi-Arid (ASAL),9,2017|2018|2019|2020|2021|2022|2023|2024|2025,True,True
40.35,3.35,North-Eastern,Arid & Semi-Arid (ASAL),9,2017|2018|2019|2020|2021|2022|2023|2024|2025,True,True
40.45,3.35,North-Eastern,Arid & Semi-Arid (ASAL),9,2017|2018|2019|2020|2021|2022|2023|2024|2025,True,True
40.55,3.35,North-Eastern,Arid & Semi-Arid (ASAL),9,2017|2018|2019|2020|2021|2022|2023|2024|2025,True,True
40.65,3.35,North-Eastern,Arid & Semi-Arid (ASAL),9,2017|2018|2019|2020|2021|2022|2023|2024|2025,True,True
40.75,3.35,North-Eastern,Arid & Semi-Arid (ASAL),9,2017|2018|2019|2020|2021|2022|2023|2024|2025,True,True
40.85,3.35,North-Eastern,Arid & Semi-Arid (ASAL),9,2017|2018|2019|2020|2021|2022|2023|2024|2025,True,True
40.95,3.35,North-Eastern,Arid & Semi-Arid (ASAL),9,2017|2018|2019|2020|2021|2022|2023|2024|2025,True,True
41.05,3.35,North-Eastern,Arid & Semi-Arid (ASAL),9,2017|2018|2019|2020|2021|2022|2023|2024|2025,True,True
41.15,3.35,North-Eastern,Arid & Semi-Arid (ASAL),9,2017|2018|2019|2020|2021|2022|2023|2024|2025,True,True
41.25,3.35,North-Eastern,Arid & Semi-Arid (ASAL),9,2017|2018|2019|2020|2021|2022|2023|2024|2025,True,True
41.35,3.35,North-Eastern,Arid & Semi-Arid (ASAL),9,2017|2018|2019|2020|2021|2022|2023|2024|2025,True,True
34.45,3.25,Rift Valley,Highlands & Rift,9,2017|2018|2019|2020|2021|2022|2023|2024|2025,True,True
34.55,3.25,Rift Valley,Highlands & Rift,9,2017|2018|2019|2020|2021|2022|2023|2024|2025,True,True
34.65,3.25,Rift Valley,Highlands & Rift,9,2017|2018|2019|2020|2021|2022|2023|2024|2025,True,True
34.75,3.25,Rift Valley,Highlands & Rift,9,2017|2018|2019|2020|2021|2022|2023|2024|2025,True,True
34.85,3.25,Rift Valley,Highlands & Rift,9,2017|2018|2019|2020|2021|2022|2023|2024|2025,True,True
34.95,3.25,Rift Valley,Highlands & Rift,9,2017|2018|2019|2020|2021|2022|2023|2024|2025,True,True
35.05,3.25,Rift Valley,Highlands & Rift,9,2017|2018|2019|2020|2021|2022|2023|2024|2025,True,True
35.15,3.25,Rift Valley,Highlands & Rift,9,2017|2018|2019|2020|2021|2022|2023|2024|2025,True,True
35.25,3.25,Rift Valley,Highlands & Rift,9,2017|2018|2019|2020|2021|2022|2023|2024|2025,True,True
35.35,3.25,Rift Valley,Highlands & Rift,9,2017|2018|2019|2020|2021|2022|2023|2024|2025,True,True
35.45,3.25,Rift Valley,Highlands & Rift,9,2017|2018|2019|2020|2021|2022|2023|2024|2025,True,True
35.55,3.25,Rift Valley,Highlands & Rift,9,2017|2018|2019|2020|2021|2022|2023|2024|2025,True,True
35.65,3.25,Rift Valley,Highlands & Rift,9,2017|2018|2019|2020|2021|2022|2023|2024|2025,True,True
35.75,3.25,Rift Valley,Highlands & Rift,9,2017|2018|2019|2020|2021|2022|2023|2024|2025,True,True
35.85,3.25,Rift Valley,Highlands & Rift,9,2017|2018|2019|2020|2021|2022|2023|2024|2025,True,True
35.95,3.25,Rift Valley,Highlands & Rift,9,2017|2018|2019|2020|2021|2022|2023|2024|2025,True,True
36.05,3.25,Rift Valley,Highlands & Rift,9,2017|2018|2019|2020|2021|2022|2023|2024|2025,True,True
36.15,3.25,Eastern,Arid & Semi-Arid (ASAL),9,2017|2018|2019|2020|2021|2022|2023|2024|2025,True,True
36.25,3.25,Eastern,Arid & Semi-Arid (ASAL),9,2017|2018|2019|2020|2021|2022|2023|2024|2025,True,True
36.35,3.25,Eastern,Arid & Semi-Arid (ASAL),9,2017|2018|2019|2020|2021|2022|2023|2024|2025,True,True
36.45,3.25,Eastern,Arid & Semi-Arid (ASAL),9,2017|2018|2019|2020|2021|2022|2023|2024|2025,True,True
36.55,3.25,Eastern,Arid & Semi-Arid (ASAL),9,2017|2018|2019|2020|2021|2022|2023|2024|2025,True,True
36.65,3.25,Eastern,Arid & Semi-Arid (ASAL),9,2017|2018|2019|2020|2021|2022|2023|2024|2025,True,True
36.75,3.25,Eastern,Arid & Semi-Arid (ASAL),9,2017|2018|2019|2020|2021|2022|2023|2024|2025,True,True
36.85,3.25,Eastern,Arid & Semi-Arid (ASAL),9,2017|2018|2019|2020|2021|2022|2023|2024|2025,True,True
36.95,3.25,Eastern,Arid & Semi-Arid (ASAL),9,2017|2018|2019|2020|2021|2022|2023|2024|2025,True,True
37.05,3.25,Eastern,Arid & Semi-Arid (ASAL),9,2017|2018|2019|2020|2021|2022|2023|2024|2025,True,True
37.15,3.25,Eastern,Arid & Semi-Arid (ASAL),9,2017|2018|2019|2020|2021|2022|2023|2024|2025,True,True
37.25,3.25,Eastern,Arid & Semi-Arid (ASAL),9,2017|2018|2019|2020|2021|2022|2023|2024|2025,True,True
37.35,3.25,Eastern,Arid & Semi-Arid (ASAL),9,2017|2018|2019|2020|2021|2022|2023|2024|2025,True,True
37.45,3.25,Eastern,Arid & Semi-Arid (ASAL),9,2017|2018|2019|2020|2021|2022|2023|2024|2025,True,True
37.55,3.25,Eastern,Arid & Semi-Arid (ASAL),9,2017|2018|2019|2020|2021|2022|2023|2024|2025,True,True
37.65,3.25,Eastern,Arid & Semi-Arid (ASAL),9,2017|2018|2019|2020|2021|2022|2023|2024|2025,True,True
37.75,3.25,Eastern,Arid & Semi-Arid (ASAL),9,2017|2018|2019|2020|2021|2022|2023|2024|2025,True,True
37.85,3.25,Eastern,Arid & Semi-Arid (ASAL),9,2017|2018|2019|2020|2021|2022|2023|2024|2025,True,True
37.95,3.25,Eastern,Arid & Semi-Arid (ASAL),9,2017|2018|2019|2020|2021|2022|2023|2024|2025,True,True
38.05,3.25,Eastern,Arid & Semi-Arid (ASAL),9,2017|2018|2019|2020|2021|2022|2023|2024|2025,True,True
38.15,3.25,Eastern,Arid & Semi-Arid (ASAL),9,2017|2018|2019|2020|2021|2022|2023|2024|2025,True,True
38.25,3.25,Eastern,Arid & Semi-Arid (ASAL),9,2017|2018|2019|2020|2021|2022|2023|2024|2025,True,True
38.35,3.25,Eastern,Arid & Semi-Arid (ASAL),9,2017|2018|2019|2020|2021|2022|2023|2024|2025,True,True
38.45,3.25,Eastern,Arid & Semi-Arid (ASAL),9,2017|2018|2019|2020|2021|2022|2023|2024|2025,True,True
38.55,3.25,Eastern,Arid & Semi-Arid (ASAL),9,2017|2018|2019|2020|2021|2022|2023|2024|2025,True,True
38.65,3.25,Eastern,Arid & Semi-Arid (ASAL),9,2017|2018|2019|2020|2021|2022|2023|2024|2025,True,True
38.75,3.25,Eastern,Arid & Semi-Arid (ASAL),9,2017|2018|2019|2020|2021|2022|2023|2024|2025,True,True
38.85,3.25,Eastern,Arid & Semi-Arid (ASAL),9,2017|2018|2019|2020|2021|2022|2023|2024|2025,True,True
38.95,3.25,Eastern,Arid & Semi-Arid (ASAL),9,2017|2018|2019|2020|2021|2022|2023|2024|2025,True,True
39.05,3.25,Eastern,Arid & Semi-Arid (ASAL),9,2017|2018|2019|2020|2021|2022|2023|2024|2025,True,True
39.15,3.25,Eastern,Arid & Semi-Arid (ASAL),9,2017|2018|2019|2020|2021|2022|2023|2024|2025,True,True
39.25,3.25,Eastern,Arid & Semi-Arid (ASAL),9,2017|2018|2019|2020|2021|2022|2023|2024|2025,True,True
39.35,3.25,North-Eastern,Arid & Semi-Arid (ASAL),9,2017|2018|2019|2020|2021|2022|2023|2024|2025,True,True
39.45,3.25,North-Eastern,Arid & Semi-Arid (ASAL),9,2017|2018|2019|2020|2021|2022|2023|2024|2025,True,True
39.55,3.25,North-Eastern,Arid & Semi-Arid (ASAL),9,2017|2018|2019|2020|2021|2022|2023|2024|2025,True,True
39.65,3.25,North-Eastern,Arid & Semi-Arid (ASAL),9,2017|2018|2019|2020|2021|2022|2023|2024|2025,True,True
39.75,3.25,North-Eastern,Arid & Semi-Arid (ASAL),9,2017|2018|2019|2020|2021|2022|2023|2024|2025,True,True
39.85,3.25,North-Eastern,Arid & Semi-Arid (ASAL),9,2017|2018|2019|2020|2021|2022|2023|2024|2025,True,True
39.95,3.25,North-Eastern,Arid & Semi-Arid (ASAL),9,2017|2018|2019|2020|2021|2022|2023|2024|2025,True,True
40.05,3.25,North-Eastern,Arid & Semi-Arid (ASAL),9,2017|2018|2019|2020|2021|2022|2023|2024|2025,True,True
40.15,3.25,North-Eastern,Arid & Semi-Arid (ASAL),9,2017|2018|2019|2020|2021|2022|2023|2024|2025,True,True
40.25,3.25,North-Eastern,Arid & Semi-Arid (ASAL),9,2017|2018|2019|2020|2021|2022|2023|2024|2025,True,True
40.35,3.25,North-Eastern,Arid & Semi-Arid (ASAL),9,2017|2018|2019|2020|2021|2022|2023|2024|2025,True,True
40.45,3.25,North-Eastern,Arid & Semi-Arid (ASAL),9,2017|2018|2019|2020|2021|2022|2023|2024|2025,True,True
40.55,3.25,North-Eastern,Arid & Semi-Arid (ASAL),9,2017|2018|2019|2020|2021|2022|2023|2024|2025,True,True
40.65,3.25,North-Eastern,Arid & Semi-Arid (ASAL),9,2017|2018|2019|2020|2021|2022|2023|2024|2025,True,True
40.75,3.25,North-Eastern,Arid & Semi-Arid (ASAL),9,2017|2018|2019|2020|2021|2022|2023|2024|2025,True,True
40.85,3.25,North-Eastern,Arid & Semi-Arid (ASAL),9,2017|2018|2019|2020|2021|2022|2023|2024|2025,True,True
40.95,3.25,North-Eastern,Arid & Semi-Arid (ASAL),9,2017|2018|2019|2020|2021|2022|2023|2024|2025,True,True
41.05,3.25,North-Eastern,Arid & Semi-Arid (ASAL),9,2017|2018|2019|2020|2021|2022|2023|2024|2025,True,True
41.15,3.25,North-Eastern,Arid & Semi-Arid (ASAL),9,2017|2018|2019|2020|2021|2022|2023|2024|2025,True,True
41.25,3.25,North-Eastern,Arid & Semi-Arid (ASAL),9,2017|2018|2019|2020|2021|2022|2023|2024|2025,True,True
41.35,3.25,North-Eastern,Arid & Semi-Arid (ASAL),9,2017|2018|2019|2020|2021|2022|2023|2024|2025,True,True
34.55,3.15,Rift Valley,Highlands & Rift,9,2017|2018|2019|2020|2021|2022|2023|2024|2025,True,True
34.65,3.15,Rift Valley,Highlands & Rift,9,2017|2018|2019|2020|2021|2022|2023|2024|2025,True,True
34.75,3.15,Rift Valley,Highlands & Rift,9,2017|2018|2019|2020|2021|2022|2023|2024|2025,True,True
34.85,3.15,Rift Valley,Highlands & Rift,9,2017|2018|2019|2020|2021|2022|2023|2024|2025,True,True
34.95,3.15,Rift Valley,Highlands & Rift,9,2017|2018|2019|2020|2021|2022|2023|2024|2025,True,True
35.05,3.15,Rift Valley,Highlands & Rift,9,2017|2018|2019|2020|2021|2022|2023|2024|2025,True,True
35.15,3.15,Rift Valley,Highlands & Rift,9,2017|2018|2019|2020|2021|2022|2023|2024|2025,True,True
35.25,3.15,Rift Valley,Highlands & Rift,9,2017|2018|2019|2020|2021|2022|2023|2024|2025,True,True
35.35,3.15,Rift Valley,Highlands & Rift,9,2017|2018|2019|2020|2021|2022|2023|2024|2025,True,True
35.45,3.15,Rift Valley,Highlands & Rift,9,2017|2018|2019|2020|2021|2022|2023|2024|2025,True,True
35.55,3.15,Rift Valley,Highlands & Rift,9,2017|2018|2019|2020|2021|2022|2023|2024|2025,True,True
35.65,3.15,Rift Valley,Highlands & Rift,9,2017|2018|2019|2020|2021|2022|2023|2024|2025,True,True
35.75,3.15,Rift Valley,Highlands & Rift,9,2017|2018|2019|2020|2021|2022|2023|2024|2025,True,True
35.85,3.15,Rift Valley,Highlands & Rift,9,2017|2018|2019|2020|2021|2022|2023|2024|2025,True,True
35.95,3.15,Rift Valley,Highlands & Rift,9,2017|2018|2019|2020|2021|2022|2023|2024|2025,True,True
36.05,3.15,Rift Valley,Highlands & Rift,9,2017|2018|2019|2020|2021|2022|2023|2024|2025,True,True
36.15,3.15,Eastern,Arid & Semi-Arid (ASAL),9,2017|2018|2019|2020|2021|2022|2023|2024|2025,True,True
36.25,3.15,Eastern,Arid & Semi-Arid (ASAL),9,2017|2018|2019|2020|2021|2022|2023|2024|2025,True,True
36.35,3.15,Eastern,Arid & Semi-Arid (ASAL),9,2017|2018|2019|2020|2021|2022|2023|2024|2025,True,True
36.45,3.15,Eastern,Arid & Semi-Arid (ASAL),9,2017|2018|2019|2020|2021|2022|2023|2024|2025,True,True
36.55,3.15,Eastern,Arid & Semi-Arid (ASAL),9,2017|2018|2019|2020|2021|2022|2023|2024|2025,True,True
36.65,3.15,Eastern,Arid & Semi-Arid (ASAL),9,2017|2018|2019|2020|2021|2022|2023|2024|2025,True,True
36.75,3.15,Eastern,Arid & Semi-Arid (ASAL),9,2017|2018|2019|2020|2021|2022|2023|2024|2025,True,True
36.85,3.15,Eastern,Arid & Semi-Arid (ASAL),9,2017|2018|2019|2020|2021|2022|2023|2024|2025,True,True
36.95,3.15,Eastern,Arid & Semi-Arid (ASAL),9,2017|2018|2019|2020|2021|2022|2023|2024|2025,True,True
37.05,3.15,Eastern,Arid & Semi-Arid (ASAL),9,2017|2018|2019|2020|2021|2022|2023|2024|2025,True,True
37.15,3.15,Eastern,Arid & Semi-Arid (ASAL),9,2017|2018|2019|2020|2021|2022|2023|2024|2025,True,True
37.25,3.15,Eastern,Arid & Semi-Arid (ASAL),9,2017|2018|2019|2020|2021|2022|2023|2024|2025,True,True
37.35,3.15,Eastern,Arid & Semi-Arid (ASAL),9,2017|2018|2019|2020|2021|2022|2023|2024|2025,True,True
37.45,3.15,Eastern,Arid & Semi-Arid (ASAL),9,2017|2018|2019|2020|2021|2022|2023|2024|2025,True,True
37.55,3.15,Eastern,Arid & Semi-Arid (ASAL),9,2017|2018|2019|2020|2021|2022|2023|2024|2025,True,True
37.65,3.15,Eastern,Arid & Semi-Arid (ASAL),9,2017|2018|2019|2020|2021|2022|2023|2024|2025,True,True
37.75,3.15,Eastern,Arid & Semi-Arid (ASAL),9,2017|2018|2019|2020|2021|2022|2023|2024|2025,True,True
37.85,3.15,Eastern,Arid & Semi-Arid (ASAL),9,2017|2018|2019|2020|2021|2022|2023|2024|2025,True,True
37.95,3.15,Eastern,Arid & Semi-Arid (ASAL),9,2017|2018|2019|2020|2021|2022|2023|2024|2025,True,True
38.05,3.15,Eastern,Arid & Semi-Arid (ASAL),9,2017|2018|2019|2020|2021|2022|2023|2024|2025,True,True
38.15,3.15,Eastern,Arid & Semi-Arid (ASAL),9,2017|2018|2019|2020|2021|2022|2023|2024|2025,True,True
38.25,3.15,Eastern,Arid & Semi-Arid (ASAL),9,2017|2018|2019|2020|2021|2022|2023|2024|2025,True,True
38.35,3.15,Eastern,Arid & Semi-Arid (ASAL),9,2017|2018|2019|2020|2021|2022|2023|2024|2025,True,True
38.45,3.15,Eastern,Arid & Semi-Arid (ASAL),9,2017|2018|2019|2020|2021|2022|2023|2024|2025,True,True
38.55,3.15,Eastern,Arid & Semi-Arid (ASAL),9,2017|2018|2019|2020|2021|2022|2023|2024|2025,True,True
38.65,3.15,Eastern,Arid & Semi-Arid (ASAL),9,2017|2018|2019|2020|2021|2022|2023|2024|2025,True,True
38.75,3.15,Eastern,Arid & Semi-Arid (ASAL),9,2017|2018|2019|2020|2021|2022|2023|2024|2025,True,True
38.85,3.15,Eastern,Arid & Semi-Arid (ASAL),9,2017|2018|2019|2020|2021|2022|2023|2024|2025,True,True
38.95,3.15,Eastern,Arid & Semi-Arid (ASAL),9,2017|2018|2019|2020|2021|2022|2023|2024|2025,True,True
39.05,3.15,Eastern,Arid & Semi-Arid (ASAL),9,2017|2018|2019|2020|2021|2022|2023|2024|2025,True,True
39.15,3.15,Eastern,Arid & Semi-Arid (ASAL),9,2017|2018|2019|2020|2021|2022|2023|2024|2025,True,True
39.25,3.15,Eastern,Arid & Semi-Arid (ASAL),9,2017|2018|2019|2020|2021|2022|2023|2024|2025,True,True
39.35,3.15,North-Eastern,Arid & Semi-Arid (ASAL),9,2017|2018|2019|2020|2021|2022|2023|2024|2025,True,True
39.45,3.15,North-Eastern,Arid & Semi-Arid (ASAL),9,2017|2018|2019|2020|2021|2022|2023|2024|2025,True,True
39.55,3.15,North-Eastern,Arid & Semi-Arid (ASAL),9,2017|2018|2019|2020|2021|2022|2023|2024|2025,True,True
39.65,3.15,North-Eastern,Arid & Semi-Arid (ASAL),9,2017|2018|2019|2020|2021|2022|2023|2024|2025,True,True
39.75,3.15,North-Eastern,Arid & Semi-Arid (ASAL),9,2017|2018|2019|2020|2021|2022|2023|2024|2025,True,True
39.85,3.15,North-Eastern,Arid & Semi-Arid (ASAL),9,2017|2018|2019|2020|2021|2022|2023|2024|2025,True,True
39.95,3.15,North-Eastern,Arid & Semi-Arid (ASAL),9,2017|2018|2019|2020|2021|2022|2023|2024|2025,True,True
40.05,3.15,North-Eastern,Arid & Semi-Arid (ASAL),9,2017|2018|2019|2020|2021|2022|2023|2024|2025,True,True
40.15,3.15,North-Eastern,Arid & Semi-Arid (ASAL),9,2017|2018|2019|2020|2021|2022|2023|2024|2025,True,True
40.25,3.15,North-Eastern,Arid & Semi-Arid (ASAL),9,2017|2018|2019|2020|2021|2022|2023|2024|2025,True,True
40.35,3.15,North-Eastern,Arid & Semi-Arid (ASAL),9,2017|2018|2019|2020|2021|2022|2023|2024|2025,True,True
40.45,3.15,North-Eastern,Arid & Semi-Arid (ASAL),9,2017|2018|2019|2020|2021|2022|2023|2024|2025,True,True
40.55,3.15,North-Eastern,Arid & Semi-Arid (ASAL),9,2017|2018|2019|2020|2021|2022|2023|2024|2025,True,True
40.65,3.15,North-Eastern,Arid & Semi-Arid (ASAL),9,2017|2018|2019|2020|2021|2022|2023|2024|2025,True,True
40.75,3.15,North-Eastern,Arid & Semi-Arid (ASAL),9,2017|2018|2019|2020|2021|2022|2023|2024|2025,True,True
40.85,3.15,North-Eastern,Arid & Semi-Arid (ASAL),9,2017|2018|2019|2020|2021|2022|2023|2024|2025,True,True
40.95,3.15,North-Eastern,Arid & Semi-Arid (ASAL),9,2017|2018|2019|2020|2021|2022|2023|2024|2025,True,True
41.05,3.15,North-Eastern,Arid & Semi-Arid (ASAL),9,2017|2018|2019|2020|2021|2022|2023|2024|2025,True,True
41.15,3.15,North-Eastern,Arid & Semi-Arid (ASAL),9,2017|2018|2019|2020|2021|2022|2023|2024|2025,True,True
41.25,3.15,North-Eastern,Arid & Semi-Arid (ASAL),9,2017|2018|2019|2020|2021|2022|2023|2024|2025,True,True
34.65,3.05,Rift Valley,Highlands & Rift,9,2017|2018|2019|2020|2021|2022|2023|2024|2025,True,True
34.75,3.05,Rift Valley,Highlands & Rift,9,2017|2018|2019|2020|2021|2022|2023|2024|2025,True,True
34.85,3.05,Rift Valley,Highlands & Rift,9,2017|2018|2019|2020|2021|2022|2023|2024|2025,True,True
34.95,3.05,Rift Valley,Highlands & Rift,9,2017|2018|2019|2020|2021|2022|2023|2024|2025,True,True
35.05,3.05,Rift Valley,Highlands & Rift,9,2017|2018|2019|2020|2021|2022|2023|2024|2025,True,True
35.15,3.05,Rift Valley,Highlands & Rift,9,2017|2018|2019|2020|2021|2022|2023|2024|2025,True,True
35.25,3.05,Rift Valley,Highlands & Rift,9,2017|2018|2019|2020|2021|2022|2023|2024|2025,True,True
35.35,3.05,Rift Valley,Highlands & Rift,9,2017|2018|2019|2020|2021|2022|2023|2024|2025,True,True
35.45,3.05,Rift Valley,Highlands & Rift,9,2017|2018|2019|2020|2021|2022|2023|2024|2025,True,True
35.55,3.05,Rift Valley,Highlands & Rift,9,2017|2018|2019|2020|2021|2022|2023|2024|2025,True,True
35.65,3.05,Rift Valley,Highlands & Rift,9,2017|2018|2019|2020|2021|2022|2023|2024|2025,True,True
35.75,3.05,Rift Valley,Highlands & Rift,9,2017|2018|2019|2020|2021|2022|2023|2024|2025,True,True
35.85,3.05,Rift Valley,Highlands & Rift,9,2017|2018|2019|2020|2021|2022|2023|2024|2025,True,True
35.95,3.05,Rift Valley,Highlands & Rift,9,2017|2018|2019|2020|2021|2022|2023|2024|2025,True,True
36.05,3.05,Rift Valley,Highlands & Rift,9,2017|2018|2019|2020|2021|2022|2023|2024|2025,True,True
36.15,3.05,Eastern,Arid & Semi-Arid (ASAL),9,2017|2018|2019|2020|2021|2022|2023|2024|2025,True,True
36.25,3.05,Eastern,Arid & Semi-Arid (ASAL),9,2017|2018|2019|2020|2021|2022|2023|2024|2025,True,True
36.35,3.05,Eastern,Arid & Semi-Arid (ASAL),9,2017|2018|2019|2020|2021|2022|2023|2024|2025,True,True
36.45,3.05,Eastern,Arid & Semi-Arid (ASAL),9,2017|2018|2019|2020|2021|2022|2023|2024|2025,True,True
36.55,3.05,Eastern,Arid & Semi-Arid (ASAL),9,2017|2018|2019|2020|2021|2022|2023|2024|2025,True,True
36.65,3.05,Eastern,Arid & Semi-Arid (ASAL),9,2017|2018|2019|2020|2021|2022|2023|2024|2025,True,True
36.75,3.05,Eastern,Arid & Semi-Arid (ASAL),9,2017|2018|2019|2020|2021|2022|2023|2024|2025,True,True
36.85,3.05,Eastern,Arid & Semi-Arid (ASAL),9,2017|2018|2019|2020|2021|2022|2023|2024|2025,True,True
36.95,3.05,Eastern,Arid & Semi-Arid (ASAL),9,2017|2018|2019|2020|2021|2022|2023|2024|2025,True,True
37.05,3.05,Eastern,Arid & Semi-Arid (ASAL),9,2017|2018|2019|2020|2021|2022|2023|2024|2025,True,True
37.15,3.05,Eastern,Arid & Semi-Arid (ASAL),9,2017|2018|2019|2020|2021|2022|2023|2024|2025,True,True
37.25,3.05,Eastern,Arid & Semi-Arid (ASAL),9,2017|2018|2019|2020|2021|2022|2023|2024|2025,True,True
37.35,3.05,Eastern,Arid & Semi-Arid (ASAL),9,2017|2018|2019|2020|2021|2022|2023|2024|2025,True,True
37.45,3.05,Eastern,Arid & Semi-Arid (ASAL),9,2017|2018|2019|2020|2021|2022|2023|2024|2025,True,True
37.55,3.05,Eastern,Arid & Semi-Arid (ASAL),9,2017|2018|2019|2020|2021|2022|2023|2024|2025,True,True
37.65,3.05,Eastern,Arid & Semi-Arid (ASAL),9,2017|2018|2019|2020|2021|2022|2023|2024|2025,True,True
37.75,3.05,Eastern,Arid & Semi-Arid (ASAL),9,2017|2018|2019|2020|2021|2022|2023|2024|2025,True,True
37.85,3.05,Eastern,Arid & Semi-Arid (ASAL),9,2017|2018|2019|2020|2021|2022|2023|2024|2025,True,True
37.95,3.05,Eastern,Arid & Semi-Arid (ASAL),9,2017|2018|2019|2020|2021|2022|2023|2024|2025,True,True
38.05,3.05,Eastern,Arid & Semi-Arid (ASAL),9,2017|2018|2019|2020|2021|2022|2023|2024|2025,True,True
38.15,3.05,Eastern,Arid & Semi-Arid (ASAL),9,2017|2018|2019|2020|2021|2022|2023|2024|2025,True,True
38.25,3.05,Eastern,Arid & Semi-Arid (ASAL),9,2017|2018|2019|2020|2021|2022|2023|2024|2025,True,True
38.35,3.05,Eastern,Arid & Semi-Arid (ASAL),9,2017|2018|2019|2020|2021|2022|2023|2024|2025,True,True
38.45,3.05,Eastern,Arid & Semi-Arid (ASAL),9,2017|2018|2019|2020|2021|2022|2023|2024|2025,True,True
38.55,3.05,Eastern,Arid & Semi-Arid (ASAL),9,2017|2018|2019|2020|2021|2022|2023|2024|2025,True,True
38.65,3.05,Eastern,Arid & Semi-Arid (ASAL),9,2017|2018|2019|2020|2021|2022|2023|2024|2025,True,True
38.75,3.05,Eastern,Arid & Semi-Arid (ASAL),9,2017|2018|2019|2020|2021|2022|2023|2024|2025,True,True
38.85,3.05,Eastern,Arid & Semi-Arid (ASAL),9,2017|2018|2019|2020|2021|2022|2023|2024|2025,True,True
38.95,3.05,Eastern,Arid & Semi-Arid (ASAL),9,2017|2018|2019|2020|2021|2022|2023|2024|2025,True,True
39.05,3.05,Eastern,Arid & Semi-Arid (ASAL),9,2017|2018|2019|2020|2021|2022|2023|2024|2025,True,True
39.15,3.05,Eastern,Arid & Semi-Arid (ASAL),9,2017|2018|2019|2020|2021|2022|2023|2024|2025,True,True
39.25,3.05,Eastern,Arid & Semi-Arid (ASAL),9,2017|2018|2019|2020|2021|2022|2023|2024|2025,True,True
39.35,3.05,North-Eastern,Arid & Semi-Arid (ASAL),9,2017|2018|2019|2020|2021|2022|2023|2024|2025,True,True
39.45,3.05,North-Eastern,Arid & Semi-Arid (ASAL),9,2017|2018|2019|2020|2021|2022|2023|2024|2025,True,True
39.55,3.05,North-Eastern,Arid & Semi-Arid (ASAL),9,2017|2018|2019|2020|2021|2022|2023|2024|2025,True,True
39.65,3.05,North-Eastern,Arid & Semi-Arid (ASAL),9,2017|2018|2019|2020|2021|2022|2023|2024|2025,True,True
39.75,3.05,North-Eastern,Arid & Semi-Arid (ASAL),9,2017|2018|2019|2020|2021|2022|2023|2024|2025,True,True
39.85,3.05,North-Eastern,Arid & Semi-Arid (ASAL),9,2017|2018|2019|2020|2021|2022|2023|2024|2025,True,True
39.95,3.05,North-Eastern,Arid & Semi-Arid (ASAL),9,2017|2018|2019|2020|2021|2022|2023|2024|2025,True,True
40.05,3.05,North-Eastern,Arid & Semi-Arid (ASAL),9,2017|2018|2019|2020|2021|2022|2023|2024|2025,True,True
40.15,3.05,North-Eastern,Arid & Semi-Arid (ASAL),9,2017|2018|2019|2020|2021|2022|2023|2024|2025,True,True
40.25,3.05,North-Eastern,Arid & Semi-Arid (ASAL),9,2017|2018|2019|2020|2021|2022|2023|2024|2025,True,True
40.35,3.05,North-Eastern,Arid & Semi-Arid (ASAL),9,2017|2018|2019|2020|2021|2022|2023|2024|2025,True,True
40.45,3.05,North-Eastern,Arid & Semi-Arid (ASAL),9,2017|2018|2019|2020|2021|2022|2023|2024|2025,True,True
40.55,3.05,North-Eastern,Arid & Semi-Arid (ASAL),9,2017|2018|2019|2020|2021|2022|2023|2024|2025,True,True
40.65,3.05,North-Eastern,Arid & Semi-Arid (ASAL),9,2017|2018|2019|2020|2021|2022|2023|2024|2025,True,True
40.75,3.05,North-Eastern,Arid & Semi-Arid (ASAL),9,2017|2018|2019|2020|2021|2022|2023|2024|2025,True,True
40.85,3.05,North-Eastern,Arid & Semi-Arid (ASAL),9,2017|2018|2019|2020|2021|2022|2023|2024|2025,True,True
40.95,3.05,North-Eastern,Arid & Semi-Arid (ASAL),9,2017|2018|2019|2020|2021|2022|2023|2024|2025,True,True
41.05,3.05,North-Eastern,Arid & Semi-Arid (ASAL),9,2017|2018|2019|2020|2021|2022|2023|2024|2025,True,True
41.15,3.05,North-Eastern,Arid & Semi-Arid (ASAL),9,2017|2018|2019|2020|2021|2022|2023|2024|2025,True,True
34.65,2.95,Rift Valley,Highlands & Rift,9,2017|2018|2019|2020|2021|2022|2023|2024|2025,True,True
34.75,2.95,Rift Valley,Highlands & Rift,9,2017|2018|2019|2020|2021|2022|2023|2024|2025,True,True
34.85,2.95,Rift Valley,Highlands & Rift,9,2017|2018|2019|2020|2021|2022|2023|2024|2025,True,True
34.95,2.95,Rift Valley,Highlands & Rift,9,2017|2018|2019|2020|2021|2022|2023|2024|2025,True,True
35.05,2.95,Rift Valley,Highlands & Rift,9,2017|2018|2019|2020|2021|2022|2023|2024|2025,True,True
35.15,2.95,Rift Valley,Highlands & Rift,9,2017|2018|2019|2020|2021|2022|2023|2024|2025,True,True
35.25,2.95,Rift Valley,Highlands & Rift,9,2017|2018|2019|2020|2021|2022|2023|2024|2025,True,True
35.35,2.95,Rift Valley,Highlands & Rift,9,2017|2018|2019|2020|2021|2022|2023|2024|2025,True,True
35.45,2.95,Rift Valley,Highlands & Rift,9,2017|2018|2019|2020|2021|2022|2023|2024|2025,True,True
35.55,2.95,Rift Valley,Highlands & Rift,9,2017|2018|2019|2020|2021|2022|2023|2024|2025,True,True
35.65,2.95,Rift Valley,Highlands & Rift,9,2017|2018|2019|2020|2021|2022|2023|2024|2025,True,True
35.75,2.95,Rift Valley,Highlands & Rift,9,2017|2018|2019|2020|2021|2022|2023|2024|2025,True,True
35.85,2.95,Rift Valley,Highlands & Rift,9,2017|2018|2019|2020|2021|2022|2023|2024|2025,True,True
35.95,2.95,Rift Valley,Highlands & Rift,9,2017|2018|2019|2020|2021|2022|2023|2024|2025,True,True
36.05,2.95,Rift Valley,Highlands & Rift,9,2017|2018|2019|2020|2021|2022|2023|2024|2025,True,True
36.15,2.95,Rift Valley,Highlands & Rift,9,2017|2018|2019|2020|2021|2022|2023|2024|2025,True,True
36.25,2.95,Rift Valley,Highlands & Rift,9,2017|2018|2019|2020|2021|2022|2023|2024|2025,True,True
36.35,2.95,Eastern,Arid & Semi-Arid (ASAL),9,2017|2018|2019|2020|2021|2022|2023|2024|2025,True,True
36.45,2.95,Eastern,Arid & Semi-Arid (ASAL),9,2017|2018|2019|2020|2021|2022|2023|2024|2025,True,True
36.55,2.95,Eastern,Arid & Semi-Arid (ASAL),9,2017|2018|2019|2020|2021|2022|2023|2024|2025,True,True
36.65,2.95,Eastern,Arid & Semi-Arid (ASAL),9,2017|2018|2019|2020|2021|2022|2023|2024|2025,True,True
36.75,2.95,Eastern,Arid & Semi-Arid (ASAL),9,2017|2018|2019|2020|2021|2022|2023|2024|2025,True,True
36.85,2.95,Eastern,Arid & Semi-Arid (ASAL),9,2017|2018|2019|2020|2021|2022|2023|2024|2025,True,True
36.95,2.95,Eastern,Arid & Semi-Arid (ASAL),9,2017|2018|2019|2020|2021|2022|2023|2024|2025,True,True
37.05,2.95,Eastern,Arid & Semi-Arid (ASAL),9,2017|2018|2019|2020|2021|2022|2023|2024|2025,True,True
37.15,2.95,Eastern,Arid & Semi-Arid (ASAL),9,2017|2018|2019|2020|2021|2022|2023|2024|2025,True,True
37.25,2.95,Eastern,Arid & Semi-Arid (ASAL),9,2017|2018|2019|2020|2021|2022|2023|2024|2025,True,True
37.35,2.95,Eastern,Arid & Semi-Arid (ASAL),9,2017|2018|2019|2020|2021|2022|2023|2024|2025,True,True
37.45,2.95,Eastern,Arid & Semi-Arid (ASAL),9,2017|2018|2019|2020|2021|2022|2023|2024|2025,True,True
37.55,2.95,Eastern,Arid & Semi-Arid (ASAL),9,2017|2018|2019|2020|2021|2022|2023|2024|2025,True,True
37.65,2.95,Eastern,Arid & Semi-Arid (ASAL),9,2017|2018|2019|2020|2021|2022|2023|2024|2025,True,True
37.75,2.95,Eastern,Arid & Semi-Arid (ASAL),9,2017|2018|2019|2020|2021|2022|2023|2024|2025,True,True
37.85,2.95,Eastern,Arid & Semi-Arid (ASAL),9,2017|2018|2019|2020|2021|2022|2023|2024|2025,True,True
37.95,2.95,Eastern,Arid & Semi-Arid (ASAL),9,2017|2018|2019|2020|2021|2022|2023|2024|2025,True,True
38.05,2.95,Eastern,Arid & Semi-Arid (ASAL),9,2017|2018|2019|2020|2021|2022|2023|2024|2025,True,True
38.15,2.95,Eastern,Arid & Semi-Arid (ASAL),9,2017|2018|2019|2020|2021|2022|2023|2024|2025,True,True
38.25,2.95,Eastern,Arid & Semi-Arid (ASAL),9,2017|2018|2019|2020|2021|2022|2023|2024|2025,True,True
38.35,2.95,Eastern,Arid & Semi-Arid (ASAL),9,2017|2018|2019|2020|2021|2022|2023|2024|2025,True,True
38.45,2.95,Eastern,Arid & Semi-Arid (ASAL),9,2017|2018|2019|2020|2021|2022|2023|2024|2025,True,True
38.55,2.95,Eastern,Arid & Semi-Arid (ASAL),9,2017|2018|2019|2020|2021|2022|2023|2024|2025,True,True
38.65,2.95,Eastern,Arid & Semi-Arid (ASAL),9,2017|2018|2019|2020|2021|2022|2023|2024|2025,True,True
38.75,2.95,Eastern,Arid & Semi-Arid (ASAL),9,2017|2018|2019|2020|2021|2022|2023|2024|2025,True,True
38.85,2.95,Eastern,Arid & Semi-Arid (ASAL),9,2017|2018|2019|2020|2021|2022|2023|2024|2025,True,True
38.95,2.95,Eastern,Arid & Semi-Arid (ASAL),9,2017|2018|2019|2020|2021|2022|2023|2024|2025,True,True
39.05,2.95,Eastern,Arid & Semi-Arid (ASAL),9,2017|2018|2019|2020|2021|2022|2023|2024|2025,True,True
39.15,2.95,Eastern,Arid & Semi-Arid (ASAL),9,2017|2018|2019|2020|2021|2022|2023|2024|2025,True,True
39.25,2.95,North-Eastern,Arid & Semi-Arid (ASAL),9,2017|2018|2019|2020|2021|2022|2023|2024|2025,True,True
39.35,2.95,North-Eastern,Arid & Semi-Arid (ASAL),9,2017|2018|2019|2020|2021|2022|2023|2024|2025,True,True
39.45,2.95,North-Eastern,Arid & Semi-Arid (ASAL),9,2017|2018|2019|2020|2021|2022|2023|2024|2025,True,True
39.55,2.95,North-Eastern,Arid & Semi-Arid (ASAL),9,2017|2018|2019|2020|2021|2022|2023|2024|2025,True,True
39.65,2.95,North-Eastern,Arid & Semi-Arid (ASAL),9,2017|2018|2019|2020|2021|2022|2023|2024|2025,True,True
39.75,2.95,North-Eastern,Arid & Semi-Arid (ASAL),9,2017|2018|2019|2020|2021|2022|2023|2024|2025,True,True
39.85,2.95,North-Eastern,Arid & Semi-Arid (ASAL),9,2017|2018|2019|2020|2021|2022|2023|2024|2025,True,True
39.95,2.95,North-Eastern,Arid & Semi-Arid (ASAL),9,2017|2018|2019|2020|2021|2022|2023|2024|2025,True,True
40.05,2.95,North-Eastern,Arid & Semi-Arid (ASAL),9,2017|2018|2019|2020|2021|2022|2023|2024|2025,True,True
40.15,2.95,North-Eastern,Arid & Semi-Arid (ASAL),9,2017|2018|2019|2020|2021|2022|2023|2024|2025,True,True
40.25,2.95,North-Eastern,Arid & Semi-Arid (ASAL),9,2017|2018|2019|2020|2021|2022|2023|2024|2025,True,True
40.35,2.95,North-Eastern,Arid & Semi-Arid (ASAL),9,2017|2018|2019|2020|2021|2022|2023|2024|2025,True,True
40.45,2.95,North-Eastern,Arid & Semi-Arid (ASAL),9,2017|2018|2019|2020|2021|2022|2023|2024|2025,True,True
40.55,2.95,North-Eastern,Arid & Semi-Arid (ASAL),9,2017|2018|2019|2020|2021|2022|2023|2024|2025,True,True
40.65,2.95,North-Eastern,Arid & Semi-Arid (ASAL),9,2017|2018|2019|2020|2021|2022|2023|2024|2025,True,True
40.75,2.95,North-Eastern,Arid & Semi-Arid (ASAL),9,2017|2018|2019|2020|2021|2022|2023|2024|2025,True,True
40.85,2.95,North-Eastern,Arid & Semi-Arid (ASAL),9,2017|2018|2019|2020|2021|2022|2023|2024|2025,True,True
40.95,2.95,North-Eastern,Arid & Semi-Arid (ASAL),9,2017|2018|2019|2020|2021|2022|2023|2024|2025,True,True
41.05,2.95,North-Eastern,Arid & Semi-Arid (ASAL),9,2017|2018|2019|2020|2021|2022|2023|2024|2025,True,True
34.75,2.85,Rift Valley,Highlands & Rift,9,2017|2018|2019|2020|2021|2022|2023|2024|2025,True,True
34.85,2.85,Rift Valley,Highlands & Rift,9,2017|2018|2019|2020|2021|2022|2023|2024|2025,True,True
34.95,2.85,Rift Valley,Highlands & Rift,9,2017|2018|2019|2020|2021|2022|2023|2024|2025,True,True
35.05,2.85,Rift Valley,Highlands & Rift,9,2017|2018|2019|2020|2021|2022|2023|2024|2025,True,True
35.15,2.85,Rift Valley,Highlands & Rift,9,2017|2018|2019|2020|2021|2022|2023|2024|2025,True,True
35.25,2.85,Rift Valley,Highlands & Rift,9,2017|2018|2019|2020|2021|2022|2023|2024|2025,True,True
35.35,2.85,Rift Valley,Highlands & Rift,9,2017|2018|2019|2020|2021|2022|2023|2024|2025,True,True
35.45,2.85,Rift Valley,Highlands & Rift,9,2017|2018|2019|2020|2021|2022|2023|2024|2025,True,True
35.55,2.85,Rift Valley,Highlands & Rift,9,2017|2018|2019|2020|2021|2022|2023|2024|2025,True,True
35.65,2.85,Rift Valley,Highlands & Rift,9,2017|2018|2019|2020|2021|2022|2023|2024|2025,True,True
35.75,2.85,Rift Valley,Highlands & Rift,9,2017|2018|2019|2020|2021|2022|2023|2024|2025,True,True
35.85,2.85,Rift Valley,Highlands & Rift,9,2017|2018|2019|2020|2021|2022|2023|2024|2025,True,True
35.95,2.85,Rift Valley,Highlands & Rift,9,2017|2018|2019|2020|2021|2022|2023|2024|2025,True,True
36.05,2.85,Rift Valley,Highlands & Rift,9,2017|2018|2019|2020|2021|2022|2023|2024|2025,True,True
36.15,2.85,Rift Valley,Highlands & Rift,9,2017|2018|2019|2020|2021|2022|2023|2024|2025,True,True
36.25,2.85,Rift Valley,Highlands & Rift,9,2017|2018|2019|2020|2021|2022|2023|2024|2025,True,True
36.35,2.85,Rift Valley,Highlands & Rift,9,2017|2018|2019|2020|2021|2022|2023|2024|2025,True,True
36.45,2.85,Eastern,Arid & Semi-Arid (ASAL),9,2017|2018|2019|2020|2021|2022|2023|2024|2025,True,True
36.55,2.85,Eastern,Arid & Semi-Arid (ASAL),9,2017|2018|2019|2020|2021|2022|2023|2024|2025,True,True
36.65,2.85,Eastern,Arid & Semi-Arid (ASAL),9,2017|2018|2019|2020|2021|2022|2023|2024|2025,True,True
36.75,2.85,Eastern,Arid & Semi-Arid (ASAL),9,2017|2018|2019|2020|2021|2022|2023|2024|2025,True,True
36.85,2.85,Eastern,Arid & Semi-Arid (ASAL),9,2017|2018|2019|2020|2021|2022|2023|2024|2025,True,True
36.95,2.85,Eastern,Arid & Semi-Arid (ASAL),9,2017|2018|2019|2020|2021|2022|2023|2024|2025,True,True
37.05,2.85,Eastern,Arid & Semi-Arid (ASAL),9,2017|2018|2019|2020|2021|2022|2023|2024|2025,True,True
37.15,2.85,Eastern,Arid & Semi-Arid (ASAL),9,2017|2018|2019|2020|2021|2022|2023|2024|2025,True,True
37.25,2.85,Eastern,Arid & Semi-Arid (ASAL),9,2017|2018|2019|2020|2021|2022|2023|2024|2025,True,True
37.35,2.85,Eastern,Arid & Semi-Arid (ASAL),9,2017|2018|2019|2020|2021|2022|2023|2024|2025,True,True
37.45,2.85,Eastern,Arid & Semi-Arid (ASAL),9,2017|2018|2019|2020|2021|2022|2023|2024|2025,True,True
37.55,2.85,Eastern,Arid & Semi-Arid (ASAL),9,2017|2018|2019|2020|2021|2022|2023|2024|2025,True,True
37.65,2.85,Eastern,Arid & Semi-Arid (ASAL),9,2017|2018|2019|2020|2021|2022|2023|2024|2025,True,True
37.75,2.85,Eastern,Arid & Semi-Arid (ASAL),9,2017|2018|2019|2020|2021|2022|2023|2024|2025,True,True
37.85,2.85,Eastern,Arid & Semi-Arid (ASAL),9,2017|2018|2019|2020|2021|2022|2023|2024|2025,True,True
37.95,2.85,Eastern,Arid & Semi-Arid (ASAL),9,2017|2018|2019|2020|2021|2022|2023|2024|2025,True,True
38.05,2.85,Eastern,Arid & Semi-Arid (ASAL),9,2017|2018|2019|2020|2021|2022|2023|2024|2025,True,True
38.15,2.85,Eastern,Arid & Semi-Arid (ASAL),9,2017|2018|2019|2020|2021|2022|2023|2024|2025,True,True
38.25,2.85,Eastern,Arid & Semi-Arid (ASAL),9,2017|2018|2019|2020|2021|2022|2023|2024|2025,True,True
38.35,2.85,Eastern,Arid & Semi-Arid (ASAL),9,2017|2018|2019|2020|2021|2022|2023|2024|2025,True,True
38.45,2.85,Eastern,Arid & Semi-Arid (ASAL),9,2017|2018|2019|2020|2021|2022|2023|2024|2025,True,True
38.55,2.85,Eastern,Arid & Semi-Arid (ASAL),9,2017|2018|2019|2020|2021|2022|2023|2024|2025,True,True
38.65,2.85,Eastern,Arid & Semi-Arid (ASAL),9,2017|2018|2019|2020|2021|2022|2023|2024|2025,True,True
38.75,2.85,Eastern,Arid & Semi-Arid (ASAL),9,2017|2018|2019|2020|2021|2022|2023|2024|2025,True,True
38.85,2.85,Eastern,Arid & Semi-Arid (ASAL),9,2017|2018|2019|2020|2021|2022|2023|2024|2025,True,True
38.95,2.85,Eastern,Arid & Semi-Arid (ASAL),9,2017|2018|2019|2020|2021|2022|2023|2024|2025,True,True
39.05,2.85,Eastern,Arid & Semi-Arid (ASAL),9,2017|2018|2019|2020|2021|2022|2023|2024|2025,True,True
39.15,2.85,North-Eastern,Arid & Semi-Arid (ASAL),9,2017|2018|2019|2020|2021|2022|2023|2024|2025,True,True
39.25,2.85,North-Eastern,Arid & Semi-Arid (ASAL),9,2017|2018|2019|2020|2021|2022|2023|2024|2025,True,True
39.35,2.85,North-Eastern,Arid & Semi-Arid (ASAL),9,2017|2018|2019|2020|2021|2022|2023|2024|2025,True,True
39.45,2.85,North-Eastern,Arid & Semi-Arid (ASAL),9,2017|2018|2019|2020|2021|2022|2023|2024|2025,True,True
39.55,2.85,North-Eastern,Arid & Semi-Arid (ASAL),9,2017|2018|2019|2020|2021|2022|2023|2024|2025,True,True
39.65,2.85,North-Eastern,Arid & Semi-Arid (ASAL),9,2017|2018|2019|2020|2021|2022|2023|2024|2025,True,True
39.75,2.85,North-Eastern,Arid & Semi-Arid (ASAL),9,2017|2018|2019|2020|2021|2022|2023|2024|2025,True,True
39.85,2.85,North-Eastern,Arid & Semi-Arid (ASAL),9,2017|2018|2019|2020|2021|2022|2023|2024|2025,True,True
39.95,2.85,North-Eastern,Arid & Semi-Arid (ASAL),9,2017|2018|2019|2020|2021|2022|2023|2024|2025,True,True
40.05,2.85,North-Eastern,Arid & Semi-Arid (ASAL),9,2017|2018|2019|2020|2021|2022|2023|2024|2025,True,True
40.15,2.85,North-Eastern,Arid & Semi-Arid (ASAL),9,2017|2018|2019|2020|2021|2022|2023|2024|2025,True,True
40.25,2.85,North-Eastern,Arid & Semi-Arid (ASAL),9,2017|2018|2019|2020|2021|2022|2023|2024|2025,True,True
40.35,2.85,North-Eastern,Arid & Semi-Arid (ASAL),9,2017|2018|2019|2020|2021|2022|2023|2024|2025,True,True
40.45,2.85,North-Eastern,Arid & Semi-Arid (ASAL),9,2017|2018|2019|2020|2021|2022|2023|2024|2025,True,True
40.55,2.85,North-Eastern,Arid & Semi-Arid (ASAL),9,2017|2018|2019|2020|2021|2022|2023|2024|2025,True,True
40.65,2.85,North-Eastern,Arid & Semi-Arid (ASAL),9,2017|2018|2019|2020|2021|2022|2023|2024|2025,True,True
40.75,2.85,North-Eastern,Arid & Semi-Arid (ASAL),9,2017|2018|2019|2020|2021|2022|2023|2024|2025,True,True
40.85,2.85,North-Eastern,Arid & Semi-Arid (ASAL),9,2017|2018|2019|2020|2021|2022|2023|2024|2025,True,True
40.95,2.85,North-Eastern,Arid & Semi-Arid (ASAL),9,2017|2018|2019|2020|2021|2022|2023|2024|2025,True,True
34.85,2.75,Rift Valley,Highlands & Rift,9,2017|2018|2019|2020|2021|2022|2023|2024|2025,True,True
34.95,2.75,Rift Valley,Highlands & Rift,9,2017|2018|2019|2020|2021|2022|2023|2024|2025,True,True
35.05,2.75,Rift Valley,Highlands & Rift,9,2017|2018|2019|2020|2021|2022|2023|2024|2025,True,True
35.15,2.75,Rift Valley,Highlands & Rift,9,2017|2018|2019|2020|2021|2022|2023|2024|2025,True,True
35.25,2.75,Rift Valley,Highlands & Rift,9,2017|2018|2019|2020|2021|2022|2023|2024|2025,True,True
35.35,2.75,Rift Valley,Highlands & Rift,9,2017|2018|2019|2020|2021|2022|2023|2024|2025,True,True
35.45,2.75,Rift Valley,Highlands & Rift,9,2017|2018|2019|2020|2021|2022|2023|2024|2025,True,True
35.55,2.75,Rift Valley,Highlands & Rift,9,2017|2018|2019|2020|2021|2022|2023|2024|2025,True,True
35.65,2.75,Rift Valley,Highlands & Rift,9,2017|2018|2019|2020|2021|2022|2023|2024|2025,True,True
35.75,2.75,Rift Valley,Highlands & Rift,9,2017|2018|2019|2020|2021|2022|2023|2024|2025,True,True
35.85,2.75,Rift Valley,Highlands & Rift,9,2017|2018|2019|2020|2021|2022|2023|2024|2025,True,True
35.95,2.75,Rift Valley,Highlands & Rift,9,2017|2018|2019|2020|2021|2022|2023|2024|2025,True,True
36.05,2.75,Rift Valley,Highlands & Rift,9,2017|2018|2019|2020|2021|2022|2023|2024|2025,True,True
36.15,2.75,Rift Valley,Highlands & Rift,9,2017|2018|2019|2020|2021|2022|2023|2024|2025,True,True
36.25,2.75,Rift Valley,Highlands & Rift,9,2017|2018|2019|2020|2021|2022|2023|2024|2025,True,True
36.35,2.75,Rift Valley,Highlands & Rift,9,2017|2018|2019|2020|2021|2022|2023|2024|2025,True,True
36.45,2.75,Eastern,Arid & Semi-Arid (ASAL),9,2017|2018|2019|2020|2021|2022|2023|2024|2025,True,True
36.55,2.75,Eastern,Arid & Semi-Arid (ASAL),9,2017|2018|2019|2020|2021|2022|2023|2024|2025,True,True
36.65,2.75,Eastern,Arid & Semi-Arid (ASAL),9,2017|2018|2019|2020|2021|2022|2023|2024|2025,True,True
36.75,2.75,Eastern,Arid & Semi-Arid (ASAL),9,2017|2018|2019|2020|2021|2022|2023|2024|2025,True,True
36.85,2.75,Eastern,Arid & Semi-Arid (ASAL),9,2017|2018|2019|2020|2021|2022|2023|2024|2025,True,True
36.95,2.75,Eastern,Arid & Semi-Arid (ASAL),9,2017|2018|2019|2020|2021|2022|2023|2024|2025,True,True
37.05,2.75,Eastern,Arid & Semi-Arid (ASAL),9,2017|2018|2019|2020|2021|2022|2023|2024|2025,True,True
37.15,2.75,Eastern,Arid & Semi-Arid (ASAL),9,2017|2018|2019|2020|2021|2022|2023|2024|2025,True,True
37.25,2.75,Eastern,Arid & Semi-Arid (ASAL),9,2017|2018|2019|2020|2021|2022|2023|2024|2025,True,True
37.35,2.75,Eastern,Arid & Semi-Arid (ASAL),9,2017|2018|2019|2020|2021|2022|2023|2024|2025,True,True
37.45,2.75,Eastern,Arid & Semi-Arid (ASAL),9,2017|2018|2019|2020|2021|2022|2023|2024|2025,True,True
37.55,2.75,Eastern,Arid & Semi-Arid (ASAL),9,2017|2018|2019|2020|2021|2022|2023|2024|2025,True,True
37.65,2.75,Eastern,Arid & Semi-Arid (ASAL),9,2017|2018|2019|2020|2021|2022|2023|2024|2025,True,True
37.75,2.75,Eastern,Arid & Semi-Arid (ASAL),9,2017|2018|2019|2020|2021|2022|2023|2024|2025,True,True
37.85,2.75,Eastern,Arid & Semi-Arid (ASAL),9,2017|2018|2019|2020|2021|2022|2023|2024|2025,True,True
37.95,2.75,Eastern,Arid & Semi-Arid (ASAL),9,2017|2018|2019|2020|2021|2022|2023|2024|2025,True,True
38.05,2.75,Eastern,Arid & Semi-Arid (ASAL),9,2017|2018|2019|2020|2021|2022|2023|2024|2025,True,True
38.15,2.75,Eastern,Arid & Semi-Arid (ASAL),9,2017|2018|2019|2020|2021|2022|2023|2024|2025,True,True
38.25,2.75,Eastern,Arid & Semi-Arid (ASAL),9,2017|2018|2019|2020|2021|2022|2023|2024|2025,True,True
38.35,2.75,Eastern,Arid & Semi-Arid (ASAL),9,2017|2018|2019|2020|2021|2022|2023|2024|2025,True,True
38.45,2.75,Eastern,Arid & Semi-Arid (ASAL),9,2017|2018|2019|2020|2021|2022|2023|2024|2025,True,True
38.55,2.75,Eastern,Arid & Semi-Arid (ASAL),9,2017|2018|2019|2020|2021|2022|2023|2024|2025,True,True
38.65,2.75,Eastern,Arid & Semi-Arid (ASAL),9,2017|2018|2019|2020|2021|2022|2023|2024|2025,True,True
38.75,2.75,Eastern,Arid & Semi-Arid (ASAL),9,2017|2018|2019|2020|2021|2022|2023|2024|2025,True,True
38.85,2.75,Eastern,Arid & Semi-Arid (ASAL),9,2017|2018|2019|2020|2021|2022|2023|2024|2025,True,True
38.95,2.75,Eastern,Arid & Semi-Arid (ASAL),9,2017|2018|2019|2020|2021|2022|2023|2024|2025,True,True
39.05,2.75,North-Eastern,Arid & Semi-Arid (ASAL),9,2017|2018|2019|2020|2021|2022|2023|2024|2025,True,True
39.15,2.75,North-Eastern,Arid & Semi-Arid (ASAL),9,2017|2018|2019|2020|2021|2022|2023|2024|2025,True,True
39.25,2.75,North-Eastern,Arid & Semi-Arid (ASAL),9,2017|2018|2019|2020|2021|2022|2023|2024|2025,True,True
39.35,2.75,North-Eastern,Arid & Semi-Arid (ASAL),9,2017|2018|2019|2020|2021|2022|2023|2024|2025,True,True
39.45,2.75,North-Eastern,Arid & Semi-Arid (ASAL),9,2017|2018|2019|2020|2021|2022|2023|2024|2025,True,True
39.55,2.75,North-Eastern,Arid & Semi-Arid (ASAL),9,2017|2018|2019|2020|2021|2022|2023|2024|2025,True,True
39.65,2.75,North-Eastern,Arid & Semi-Arid (ASAL),9,2017|2018|2019|2020|2021|2022|2023|2024|2025,True,True
39.75,2.75,North-Eastern,Arid & Semi-Arid (ASAL),9,2017|2018|2019|2020|2021|2022|2023|2024|2025,True,True
39.85,2.75,North-Eastern,Arid & Semi-Arid (ASAL),9,2017|2018|2019|2020|2021|2022|2023|2024|2025,True,True
39.95,2.75,North-Eastern,Arid & Semi-Arid (ASAL),9,2017|2018|2019|2020|2021|2022|2023|2024|2025,True,True
40.05,2.75,North-Eastern,Arid & Semi-Arid (ASAL),9,2017|2018|2019|2020|2021|2022|2023|2024|2025,True,True
40.15,2.75,North-Eastern,Arid & Semi-Arid (ASAL),9,2017|2018|2019|2020|2021|2022|2023|2024|2025,True,True
40.25,2.75,North-Eastern,Arid & Semi-Arid (ASAL),9,2017|2018|2019|2020|2021|2022|2023|2024|2025,True,True
40.35,2.75,North-Eastern,Arid & Semi-Arid (ASAL),9,2017|2018|2019|2020|2021|2022|2023|2024|2025,True,True
40.45,2.75,North-Eastern,Arid & Semi-Arid (ASAL),9,2017|2018|2019|2020|2021|2022|2023|2024|2025,True,True
40.55,2.75,North-Eastern,Arid & Semi-Arid (ASAL),9,2017|2018|2019|2020|2021|2022|2023|2024|2025,True,True
40.65,2.75,North-Eastern,Arid & Semi-Arid (ASAL),9,2017|2018|2019|2020|2021|2022|2023|2024|2025,True,True
40.75,2.75,North-Eastern,Arid & Semi-Arid (ASAL),9,2017|2018|2019|2020|2021|2022|2023|2024|2025,True,True
40.85,2.75,North-Eastern,Arid & Semi-Arid (ASAL),9,2017|2018|2019|2020|2021|2022|2023|2024|2025,True,True
40.95,2.75,North-Eastern,Arid & Semi-Arid (ASAL),9,2017|2018|2019|2020|2021|2022|2023|2024|2025,True,True
34.85,2.65,Rift Valley,Highlands & Rift,9,2017|2018|2019|2020|2021|2022|2023|2024|2025,True,True
34.95,2.65,Rift Valley,Highlands & Rift,9,2017|2018|2019|2020|2021|2022|2023|2024|2025,True,True
35.05,2.65,Rift Valley,Highlands & Rift,9,2017|2018|2019|2020|2021|2022|2023|2024|2025,True,True
35.15,2.65,Rift Valley,Highlands & Rift,9,2017|2018|2019|2020|2021|2022|2023|2024|2025,True,True
35.25,2.65,Rift Valley,Highlands & Rift,9,2017|2018|2019|2020|2021|2022|2023|2024|2025,True,True
35.35,2.65,Rift Valley,Highlands & Rift,9,2017|2018|2019|2020|2021|2022|2023|2024|2025,True,True
35.45,2.65,Rift Valley,Highlands & Rift,9,2017|2018|2019|2020|2021|2022|2023|2024|2025,True,True
35.55,2.65,Rift Valley,Highlands & Rift,9,2017|2018|2019|2020|2021|2022|2023|2024|2025,True,True
35.65,2.65,Rift Valley,Highlands & Rift,9,2017|2018|2019|2020|2021|2022|2023|2024|2025,True,True
35.75,2.65,Rift Valley,Highlands & Rift,9,2017|2018|2019|2020|2021|2022|2023|2024|2025,True,True
35.85,2.65,Rift Valley,Highlands & Rift,9,2017|2018|2019|2020|2021|2022|2023|2024|2025,True,True
35.95,2.65,Rift Valley,Highlands & Rift,9,2017|2018|2019|2020|2021|2022|2023|2024|2025,True,True
36.05,2.65,Rift Valley,Highlands & Rift,9,2017|2018|2019|2020|2021|2022|2023|2024|2025,True,True
36.15,2.65,Rift Valley,Highlands & Rift,9,2017|2018|2019|2020|2021|2022|2023|2024|2025,True,True
36.25,2.65,Rift Valley,Highlands & Rift,9,2017|2018|2019|2020|2021|2022|2023|2024|2025,True,True
36.35,2.65,Rift Valley,Highlands & Rift,9,2017|2018|2019|2020|2021|2022|2023|2024|2025,True,True
36.45,2.65,Eastern,Arid & Semi-Arid (ASAL),9,2017|2018|2019|2020|2021|2022|2023|2024|2025,True,True
36.55,2.65,Eastern,Arid & Semi-Arid (ASAL),9,2017|2018|2019|2020|2021|2022|2023|2024|2025,True,True
36.65,2.65,Eastern,Arid & Semi-Arid (ASAL),9,2017|2018|2019|2020|2021|2022|2023|2024|2025,True,True
36.75,2.65,Eastern,Arid & Semi-Arid (ASAL),9,2017|2018|2019|2020|2021|2022|2023|2024|2025,True,True
36.85,2.65,Eastern,Arid & Semi-Arid (ASAL),9,2017|2018|2019|2020|2021|2022|2023|2024|2025,True,True
36.95,2.65,Eastern,Arid & Semi-Arid (ASAL),9,2017|2018|2019|2020|2021|2022|2023|2024|2025,True,True
37.05,2.65,Eastern,Arid & Semi-Arid (ASAL),9,2017|2018|2019|2020|2021|2022|2023|2024|2025,True,True
37.15,2.65,Eastern,Arid & Semi-Arid (ASAL),9,2017|2018|2019|2020|2021|2022|2023|2024|2025,True,True
37.25,2.65,Eastern,Arid & Semi-Arid (ASAL),9,2017|2018|2019|2020|2021|2022|2023|2024|2025,True,True
37.35,2.65,Eastern,Arid & Semi-Arid (ASAL),9,2017|2018|2019|2020|2021|2022|2023|2024|2025,True,True
37.45,2.65,Eastern,Arid & Semi-Arid (ASAL),9,2017|2018|2019|2020|2021|2022|2023|2024|2025,True,True
37.55,2.65,Eastern,Arid & Semi-Arid (ASAL),9,2017|2018|2019|2020|2021|2022|2023|2024|2025,True,True
37.65,2.65,Eastern,Arid & Semi-Arid (ASAL),9,2017|2018|2019|2020|2021|2022|2023|2024|2025,True,True
37.75,2.65,Eastern,Arid & Semi-Arid (ASAL),9,2017|2018|2019|2020|2021|2022|2023|2024|2025,True,True
37.85,2.65,Eastern,Arid & Semi-Arid (ASAL),9,2017|2018|2019|2020|2021|2022|2023|2024|2025,True,True
37.95,2.65,Eastern,Arid & Semi-Arid (ASAL),9,2017|2018|2019|2020|2021|2022|2023|2024|2025,True,True
38.05,2.65,Eastern,Arid & Semi-Arid (ASAL),9,2017|2018|2019|2020|2021|2022|2023|2024|2025,True,True
38.15,2.65,Eastern,Arid & Semi-Arid (ASAL),9,2017|2018|2019|2020|2021|2022|2023|2024|2025,True,True
38.25,2.65,Eastern,Arid & Semi-Arid (ASAL),9,2017|2018|2019|2020|2021|2022|2023|2024|2025,True,True
38.35,2.65,Eastern,Arid & Semi-Arid (ASAL),9,2017|2018|2019|2020|2021|2022|2023|2024|2025,True,True
38.45,2.65,Eastern,Arid & Semi-Arid (ASAL),9,2017|2018|2019|2020|2021|2022|2023|2024|2025,True,True
38.55,2.65,Eastern,Arid & Semi-Arid (ASAL),9,2017|2018|2019|2020|2021|2022|2023|2024|2025,True,True
38.65,2.65,Eastern,Arid & Semi-Arid (ASAL),9,2017|2018|2019|2020|2021|2022|2023|2024|2025,True,True
38.75,2.65,Eastern,Arid & Semi-Arid (ASAL),9,2017|2018|2019|2020|2021|2022|2023|2024|2025,True,True
38.85,2.65,Eastern,Arid & Semi-Arid (ASAL),9,2017|2018|2019|2020|2021|2022|2023|2024|2025,True,True
38.95,2.65,Eastern,Arid & Semi-Arid (ASAL),9,2017|2018|2019|2020|2021|2022|2023|2024|2025,True,True
39.05,2.65,North-Eastern,Arid & Semi-Arid (ASAL),9,2017|2018|2019|2020|2021|2022|2023|2024|2025,True,True
39.15,2.65,North-Eastern,Arid & Semi-Arid (ASAL),9,2017|2018|2019|2020|2021|2022|2023|2024|2025,True,True
39.25,2.65,North-Eastern,Arid & Semi-Arid (ASAL),9,2017|2018|2019|2020|2021|2022|2023|2024|2025,True,True
39.35,2.65,North-Eastern,Arid & Semi-Arid (ASAL),9,2017|2018|2019|2020|2021|2022|2023|2024|2025,True,True
39.45,2.65,North-Eastern,Arid & Semi-Arid (ASAL),9,2017|2018|2019|2020|2021|2022|2023|2024|2025,True,True
39.55,2.65,North-Eastern,Arid & Semi-Arid (ASAL),9,2017|2018|2019|2020|2021|2022|2023|2024|2025,True,True
39.65,2.65,North-Eastern,Arid & Semi-Arid (ASAL),9,2017|2018|2019|2020|2021|2022|2023|2024|2025,True,True
39.75,2.65,North-Eastern,Arid & Semi-Arid (ASAL),9,2017|2018|2019|2020|2021|2022|2023|2024|2025,True,True
39.85,2.65,North-Eastern,Arid & Semi-Arid (ASAL),9,2017|2018|2019|2020|2021|2022|2023|2024|2025,True,True
39.95,2.65,North-Eastern,Arid & Semi-Arid (ASAL),9,2017|2018|2019|2020|2021|2022|2023|2024|2025,True,True
40.05,2.65,North-Eastern,Arid & Semi-Arid (ASAL),9,2017|2018|2019|2020|2021|2022|2023|2024|2025,True,True
40.15,2.65,North-Eastern,Arid & Semi-Arid (ASAL),9,2017|2018|2019|2020|2021|2022|2023|2024|2025,True,True
40.25,2.65,North-Eastern,Arid & Semi-Arid (ASAL),9,2017|2018|2019|2020|2021|2022|2023|2024|2025,True,True
40.35,2.65,North-Eastern,Arid & Semi-Arid (ASAL),9,2017|2018|2019|2020|2021|2022|2023|2024|2025,True,True
40.45,2.65,North-Eastern,Arid & Semi-Arid (ASAL),9,2017|2018|2019|2020|2021|2022|2023|2024|2025,True,True
40.55,2.65,North-Eastern,Arid & Semi-Arid (ASAL),9,2017|2018|2019|2020|2021|2022|2023|2024|2025,True,True
40.65,2.65,North-Eastern,Arid & Semi-Arid (ASAL),9,2017|2018|2019|2020|2021|2022|2023|2024|2025,True,True
40.75,2.65,North-Eastern,Arid & Semi-Arid (ASAL),9,2017|2018|2019|2020|2021|2022|2023|2024|2025,True,True
40.85,2.65,North-Eastern,Arid & Semi-Arid (ASAL),9,2017|2018|2019|2020|2021|2022|2023|2024|2025,True,True
40.95,2.65,North-Eastern,Arid & Semi-Arid (ASAL),9,2017|2018|2019|2020|2021|2022|2023|2024|2025,True,True
34.95,2.55,Rift Valley,Highlands & Rift,9,2017|2018|2019|2020|2021|2022|2023|2024|2025,True,True
35.05,2.55,Rift Valley,Highlands & Rift,9,2017|2018|2019|2020|2021|2022|2023|2024|2025,True,True
35.15,2.55,Rift Valley,Highlands & Rift,9,2017|2018|2019|2020|2021|2022|2023|2024|2025,True,True
35.25,2.55,Rift Valley,Highlands & Rift,9,2017|2018|2019|2020|2021|2022|2023|2024|2025,True,True
35.35,2.55,Rift Valley,Highlands & Rift,9,2017|2018|2019|2020|2021|2022|2023|2024|2025,True,True
35.45,2.55,Rift Valley,Highlands & Rift,9,2017|2018|2019|2020|2021|2022|2023|2024|2025,True,True
35.55,2.55,Rift Valley,Highlands & Rift,9,2017|2018|2019|2020|2021|2022|2023|2024|2025,True,True
35.65,2.55,Rift Valley,Highlands & Rift,9,2017|2018|2019|2020|2021|2022|2023|2024|2025,True,True
35.75,2.55,Rift Valley,Highlands & Rift,9,2017|2018|2019|2020|2021|2022|2023|2024|2025,True,True
35.85,2.55,Rift Valley,Highlands & Rift,9,2017|2018|2019|2020|2021|2022|2023|2024|2025,True,True
35.95,2.55,Rift Valley,Highlands & Rift,9,2017|2018|2019|2020|2021|2022|2023|2024|2025,True,True
36.05,2.55,Rift Valley,Highlands & Rift,9,2017|2018|2019|2020|2021|2022|2023|2024|2025,True,True
36.15,2.55,Rift Valley,Highlands & Rift,9,2017|2018|2019|2020|2021|2022|2023|2024|2025,True,True
36.25,2.55,Rift Valley,Highlands & Rift,9,2017|2018|2019|2020|2021|2022|2023|2024|2025,True,True
36.35,2.55,Rift Valley,Highlands & Rift,9,2017|2018|2019|2020|2021|2022|2023|2024|2025,True,True
36.45,2.55,Rift Valley,Highlands & Rift,9,2017|2018|2019|2020|2021|2022|2023|2024|2025,True,True
36.55,2.55,Eastern,Arid & Semi-Arid (ASAL),9,2017|2018|2019|2020|2021|2022|2023|2024|2025,True,True
36.65,2.55,Eastern,Arid & Semi-Arid (ASAL),9,2017|2018|2019|2020|2021|2022|2023|2024|2025,True,True
36.75,2.55,Eastern,Arid & Semi-Arid (ASAL),9,2017|2018|2019|2020|2021|2022|2023|2024|2025,True,True
36.85,2.55,Eastern,Arid & Semi-Arid (ASAL),9,2017|2018|2019|2020|2021|2022|2023|2024|2025,True,True
36.95,2.55,Eastern,Arid & Semi-Arid (ASAL),9,2017|2018|2019|2020|2021|2022|2023|2024|2025,True,True
37.05,2.55,Eastern,Arid & Semi-Arid (ASAL),9,2017|2018|2019|2020|2021|2022|2023|2024|2025,True,True
37.15,2.55,Eastern,Arid & Semi-Arid (ASAL),9,2017|2018|2019|2020|2021|2022|2023|2024|2025,True,True
37.25,2.55,Eastern,Arid & Semi-Arid (ASAL),9,2017|2018|2019|2020|2021|2022|2023|2024|2025,True,True
37.35,2.55,Eastern,Arid & Semi-Arid (ASAL),9,2017|2018|2019|2020|2021|2022|2023|2024|2025,True,True
37.45,2.55,Eastern,Arid & Semi-Arid (ASAL),9,2017|2018|2019|2020|2021|2022|2023|2024|2025,True,True
37.55,2.55,Eastern,Arid & Semi-Arid (ASAL),9,2017|2018|2019|2020|2021|2022|2023|2024|2025,True,True
37.65,2.55,Eastern,Arid & Semi-Arid (ASAL),9,2017|2018|2019|2020|2021|2022|2023|2024|2025,True,True
37.75,2.55,Eastern,Arid & Semi-Arid (ASAL),9,2017|2018|2019|2020|2021|2022|2023|2024|2025,True,True
37.85,2.55,Eastern,Arid & Semi-Arid (ASAL),9,2017|2018|2019|2020|2021|2022|2023|2024|2025,True,True
37.95,2.55,Eastern,Arid & Semi-Arid (ASAL),9,2017|2018|2019|2020|2021|2022|2023|2024|2025,True,True
38.05,2.55,Eastern,Arid & Semi-Arid (ASAL),9,2017|2018|2019|2020|2021|2022|2023|2024|2025,True,True
38.15,2.55,Eastern,Arid & Semi-Arid (ASAL),9,2017|2018|2019|2020|2021|2022|2023|2024|2025,True,True
38.25,2.55,Eastern,Arid & Semi-Arid (ASAL),9,2017|2018|2019|2020|2021|2022|2023|2024|2025,True,True
38.35,2.55,Eastern,Arid & Semi-Arid (ASAL),9,2017|2018|2019|2020|2021|2022|2023|2024|2025,True,True
38.45,2.55,Eastern,Arid & Semi-Arid (ASAL),9,2017|2018|2019|2020|2021|2022|2023|2024|2025,True,True
38.55,2.55,Eastern,Arid & Semi-Arid (ASAL),9,2017|2018|2019|2020|2021|2022|2023|2024|2025,True,True
38.65,2.55,Eastern,Arid & Semi-Arid (ASAL),9,2017|2018|2019|2020|2021|2022|2023|2024|2025,True,True
38.75,2.55,Eastern,Arid & Semi-Arid (ASAL),9,2017|2018|2019|2020|2021|2022|2023|2024|2025,True,True
38.85,2.55,Eastern,Arid & Semi-Arid (ASAL),9,2017|2018|2019|2020|2021|2022|2023|2024|2025,True,True
38.95,2.55,Eastern,Arid & Semi-Arid (ASAL),9,2017|2018|2019|2020|2021|2022|2023|2024|2025,True,True
39.05,2.55,North-Eastern,Arid & Semi-Arid (ASAL),9,2017|2018|2019|2020|2021|2022|2023|2024|2025,True,True
39.15,2.55,North-Eastern,Arid & Semi-Arid (ASAL),9,2017|2018|2019|2020|2021|2022|2023|2024|2025,True,True
39.25,2.55,North-Eastern,Arid & Semi-Arid (ASAL),9,2017|2018|2019|2020|2021|2022|2023|2024|2025,True,True
39.35,2.55,North-Eastern,Arid & Semi-Arid (ASAL),9,2017|2018|2019|2020|2021|2022|2023|2024|2025,True,True
39.45,2.55,North-Eastern,Arid & Semi-Arid (ASAL),9,2017|2018|2019|2020|2021|2022|2023|2024|2025,True,True
39.55,2.55,North-Eastern,Arid & Semi-Arid (ASAL),9,2017|2018|2019|2020|2021|2022|2023|2024|2025,True,True
39.65,2.55,North-Eastern,Arid & Semi-Arid (ASAL),9,2017|2018|2019|2020|2021|2022|2023|2024|2025,True,True
39.75,2.55,North-Eastern,Arid & Semi-Arid (ASAL),9,2017|2018|2019|2020|2021|2022|2023|2024|2025,True,True
39.85,2.55,North-Eastern,Arid & Semi-Arid (ASAL),9,2017|2018|2019|2020|2021|2022|2023|2024|2025,True,True
39.95,2.55,North-Eastern,Arid & Semi-Arid (ASAL),9,2017|2018|2019|2020|2021|2022|2023|2024|2025,True,True
40.05,2.55,North-Eastern,Arid & Semi-Arid (ASAL),9,2017|2018|2019|2020|2021|2022|2023|2024|2025,True,True
40.15,2.55,North-Eastern,Arid & Semi-Arid (ASAL),9,2017|2018|2019|2020|2021|2022|2023|2024|2025,True,True
40.25,2.55,North-Eastern,Arid & Semi-Arid (ASAL),9,2017|2018|2019|2020|2021|2022|2023|2024|2025,True,True
40.35,2.55,North-Eastern,Arid & Semi-Arid (ASAL),9,2017|2018|2019|2020|2021|2022|2023|2024|2025,True,True
40.45,2.55,North-Eastern,Arid & Semi-Arid (ASAL),9,2017|2018|2019|2020|2021|2022|2023|2024|2025,True,True
40.55,2.55,North-Eastern,Arid & Semi-Arid (ASAL),9,2017|2018|2019|2020|2021|2022|2023|2024|2025,True,True
40.65,2.55,North-Eastern,Arid & Semi-Arid (ASAL),9,2017|2018|2019|2020|2021|2022|2023|2024|2025,True,True
40.75,2.55,North-Eastern,Arid & Semi-Arid (ASAL),9,2017|2018|2019|2020|2021|2022|2023|2024|2025,True,True
40.85,2.55,North-Eastern,Arid & Semi-Arid (ASAL),9,2017|2018|2019|2020|2021|2022|2023|2024|2025,True,True
40.95,2.55,North-Eastern,Arid & Semi-Arid (ASAL),9,2017|2018|2019|2020|2021|2022|2023|2024|2025,True,True
34.95,2.45,Rift Valley,Highlands & Rift,9,2017|2018|2019|2020|2021|2022|2023|2024|2025,True,True
35.05,2.45,Rift Valley,Highlands & Rift,9,2017|2018|2019|2020|2021|2022|2023|2024|2025,True,True
35.15,2.45,Rift Valley,Highlands & Rift,9,2017|2018|2019|2020|2021|2022|2023|2024|2025,True,True
35.25,2.45,Rift Valley,Highlands & Rift,9,2017|2018|2019|2020|2021|2022|2023|2024|2025,True,True
35.35,2.45,Rift Valley,Highlands & Rift,9,2017|2018|2019|2020|2021|2022|2023|2024|2025,True,True
35.45,2.45,Rift Valley,Highlands & Rift,9,2017|2018|2019|2020|2021|2022|2023|2024|2025,True,True
35.55,2.45,Rift Valley,Highlands & Rift,9,2017|2018|2019|2020|2021|2022|2023|2024|2025,True,True
35.65,2.45,Rift Valley,Highlands & Rift,9,2017|2018|2019|2020|2021|2022|2023|2024|2025,True,True
35.75,2.45,Rift Valley,Highlands & Rift,9,2017|2018|2019|2020|2021|2022|2023|2024|2025,True,True
35.85,2.45,Rift Valley,Highlands & Rift,9,2017|2018|2019|2020|2021|2022|2023|2024|2025,True,True
35.95,2.45,Rift Valley,Highlands & Rift,9,2017|2018|2019|2020|2021|2022|2023|2024|2025,True,True
36.05,2.45,Rift Valley,Highlands & Rift,9,2017|2018|2019|2020|2021|2022|2023|2024|2025,True,True
36.15,2.45,Rift Valley,Highlands & Rift,9,2017|2018|2019|2020|2021|2022|2023|2024|2025,True,True
36.25,2.45,Rift Valley,Highlands & Rift,9,2017|2018|2019|2020|2021|2022|2023|2024|2025,True,True
36.35,2.45,Rift Valley,Highlands & Rift,9,2017|2018|2019|2020|2021|2022|2023|2024|2025,True,True
36.45,2.45,Rift Valley,Highlands & Rift,9,2017|2018|2019|2020|2021|2022|2023|2024|2025,True,True
36.55,2.45,Eastern,Arid & Semi-Arid (ASAL),9,2017|2018|2019|2020|2021|2022|2023|2024|2025,True,True
36.65,2.45,Eastern,Arid & Semi-Arid (ASAL),9,2017|2018|2019|2020|2021|2022|2023|2024|2025,True,True
36.75,2.45,Rift Valley,Highlands & Rift,9,2017|2018|2019|2020|2021|2022|2023|2024|2025,True,True
36.85,2.45,Eastern,Arid & Semi-Arid (ASAL),9,2017|2018|2019|2020|2021|2022|2023|2024|2025,True,True
36.95,2.45,Eastern,Arid & Semi-Arid (ASAL),9,2017|2018|2019|2020|2021|2022|2023|2024|2025,True,True
37.05,2.45,Eastern,Arid & Semi-Arid (ASAL),9,2017|2018|2019|2020|2021|2022|2023|2024|2025,True,True
37.15,2.45,Eastern,Arid & Semi-Arid (ASAL),9,2017|2018|2019|2020|2021|2022|2023|2024|2025,True,True
37.25,2.45,Eastern,Arid & Semi-Arid (ASAL),9,2017|2018|2019|2020|2021|2022|2023|2024|2025,True,True
37.35,2.45,Eastern,Arid & Semi-Arid (ASAL),9,2017|2018|2019|2020|2021|2022|2023|2024|2025,True,True
37.45,2.45,Eastern,Arid & Semi-Arid (ASAL),9,2017|2018|2019|2020|2021|2022|2023|2024|2025,True,True
37.55,2.45,Eastern,Arid & Semi-Arid (ASAL),9,2017|2018|2019|2020|2021|2022|2023|2024|2025,True,True
37.65,2.45,Eastern,Arid & Semi-Arid (ASAL),9,2017|2018|2019|2020|2021|2022|2023|2024|2025,True,True
37.75,2.45,Eastern,Arid & Semi-Arid (ASAL),9,2017|2018|2019|2020|2021|2022|2023|2024|2025,True,True
37.85,2.45,Eastern,Arid & Semi-Arid (ASAL),9,2017|2018|2019|2020|2021|2022|2023|2024|2025,True,True
37.95,2.45,Eastern,Arid & Semi-Arid (ASAL),9,2017|2018|2019|2020|2021|2022|2023|2024|2025,True,True
38.05,2.45,Eastern,Arid & Semi-Arid (ASAL),9,2017|2018|2019|2020|2021|2022|2023|2024|2025,True,True
38.15,2.45,Eastern,Arid & Semi-Arid (ASAL),9,2017|2018|2019|2020|2021|2022|2023|2024|2025,True,True
38.25,2.45,Eastern,Arid & Semi-Arid (ASAL),9,2017|2018|2019|2020|2021|2022|2023|2024|2025,True,True
38.35,2.45,Eastern,Arid & Semi-Arid (ASAL),9,2017|2018|2019|2020|2021|2022|2023|2024|2025,True,True
38.45,2.45,Eastern,Arid & Semi-Arid (ASAL),9,2017|2018|2019|2020|2021|2022|2023|2024|2025,True,True
38.55,2.45,Eastern,Arid & Semi-Arid (ASAL),9,2017|2018|2019|2020|2021|2022|2023|2024|2025,True,True
38.65,2.45,Eastern,Arid & Semi-Arid (ASAL),9,2017|2018|2019|2020|2021|2022|2023|2024|2025,True,True
38.75,2.45,Eastern,Arid & Semi-Arid (ASAL),9,2017|2018|2019|2020|2021|2022|2023|2024|2025,True,True
38.85,2.45,Eastern,Arid & Semi-Arid (ASAL),9,2017|2018|2019|2020|2021|2022|2023|2024|2025,True,True
38.95,2.45,North-Eastern,Arid & Semi-Arid (ASAL),9,2017|2018|2019|2020|2021|2022|2023|2024|2025,True,True
39.05,2.45,North-Eastern,Arid & Semi-Arid (ASAL),9,2017|2018|2019|2020|2021|2022|2023|2024|2025,True,True
39.15,2.45,North-Eastern,Arid & Semi-Arid (ASAL),9,2017|2018|2019|2020|2021|2022|2023|2024|2025,True,True
39.25,2.45,North-Eastern,Arid & Semi-Arid (ASAL),9,2017|2018|2019|2020|2021|2022|2023|2024|2025,True,True
39.35,2.45,North-Eastern,Arid & Semi-Arid (ASAL),9,2017|2018|2019|2020|2021|2022|2023|2024|2025,True,True
39.45,2.45,North-Eastern,Arid & Semi-Arid (ASAL),9,2017|2018|2019|2020|2021|2022|2023|2024|2025,True,True
39.55,2.45,North-Eastern,Arid & Semi-Arid (ASAL),9,2017|2018|2019|2020|2021|2022|2023|2024|2025,True,True
39.65,2.45,North-Eastern,Arid & Semi-Arid (ASAL),9,2017|2018|2019|2020|2021|2022|2023|2024|2025,True,True
39.75,2.45,North-Eastern,Arid & Semi-Arid (ASAL),9,2017|2018|2019|2020|2021|2022|2023|2024|2025,True,True
39.85,2.45,North-Eastern,Arid & Semi-Arid (ASAL),9,2017|2018|2019|2020|2021|2022|2023|2024|2025,True,True
39.95,2.45,North-Eastern,Arid & Semi-Arid (ASAL),9,2017|2018|2019|2020|2021|2022|2023|2024|2025,True,True
40.05,2.45,North-Eastern,Arid & Semi-Arid (ASAL),9,2017|2018|2019|2020|2021|2022|2023|2024|2025,True,True
40.15,2.45,North-Eastern,Arid & Semi-Arid (ASAL),9,2017|2018|2019|2020|2021|2022|2023|2024|2025,True,True
40.25,2.45,North-Eastern,Arid & Semi-Arid (ASAL),9,2017|2018|2019|2020|2021|2022|2023|2024|2025,True,True
40.35,2.45,North-Eastern,Arid & Semi-Arid (ASAL),9,2017|2018|2019|2020|2021|2022|2023|2024|2025,True,True
40.45,2.45,North-Eastern,Arid & Semi-Arid (ASAL),9,2017|2018|2019|2020|2021|2022|2023|2024|2025,True,True
40.55,2.45,North-Eastern,Arid & Semi-Arid (ASAL),9,2017|2018|2019|2020|2021|2022|2023|2024|2025,True,True
40.65,2.45,North-Eastern,Arid & Semi-Arid (ASAL),9,2017|2018|2019|2020|2021|2022|2023|2024|2025,True,True
40.75,2.45,North-Eastern,Arid & Semi-Arid (ASAL),9,2017|2018|2019|2020|2021|2022|2023|2024|2025,True,True
40.85,2.45,North-Eastern,Arid & Semi-Arid (ASAL),9,2017|2018|2019|2020|2021|2022|2023|2024|2025,True,True
40.95,2.45,North-Eastern,Arid & Semi-Arid (ASAL),9,2017|2018|2019|2020|2021|2022|2023|2024|2025,True,True
34.95,2.35,Rift Valley,Highlands & Rift,9,2017|2018|2019|2020|2021|2022|2023|2024|2025,True,True
35.05,2.35,Rift Valley,Highlands & Rift,9,2017|2018|2019|2020|2021|2022|2023|2024|2025,True,True
35.15,2.35,Rift Valley,Highlands & Rift,9,2017|2018|2019|2020|2021|2022|2023|2024|2025,True,True
35.25,2.35,Rift Valley,Highlands & Rift,9,2017|2018|2019|2020|2021|2022|2023|2024|2025,True,True
35.35,2.35,Rift Valley,Highlands & Rift,9,2017|2018|2019|2020|2021|2022|2023|2024|2025,True,True
35.45,2.35,Rift Valley,Highlands & Rift,9,2017|2018|2019|2020|2021|2022|2023|2024|2025,True,True
35.55,2.35,Rift Valley,Highlands & Rift,9,2017|2018|2019|2020|2021|2022|2023|2024|2025,True,True
35.65,2.35,Rift Valley,Highlands & Rift,9,2017|2018|2019|2020|2021|2022|2023|2024|2025,True,True
35.75,2.35,Rift Valley,Highlands & Rift,9,2017|2018|2019|2020|2021|2022|2023|2024|2025,True,True
35.85,2.35,Rift Valley,Highlands & Rift,9,2017|2018|2019|2020|2021|2022|2023|2024|2025,True,True
35.95,2.35,Rift Valley,Highlands & Rift,9,2017|2018|2019|2020|2021|2022|2023|2024|2025,True,True
36.05,2.35,Rift Valley,Highlands & Rift,9,2017|2018|2019|2020|2021|2022|2023|2024|2025,True,True
36.15,2.35,Rift Valley,Highlands & Rift,9,2017|2018|2019|2020|2021|2022|2023|2024|2025,True,True
36.25,2.35,Rift Valley,Highlands & Rift,9,2017|2018|2019|2020|2021|2022|2023|2024|2025,True,True
36.35,2.35,Rift Valley,Highlands & Rift,9,2017|2018|2019|2020|2021|2022|2023|2024|2025,True,True
36.45,2.35,Rift Valley,Highlands & Rift,9,2017|2018|2019|2020|2021|2022|2023|2024|2025,True,True
36.55,2.35,Rift Valley,Highlands & Rift,9,2017|2018|2019|2020|2021|2022|2023|2024|2025,True,True
36.65,2.35,Rift Valley,Highlands & Rift,9,2017|2018|2019|2020|2021|2022|2023|2024|2025,True,True
36.75,2.35,Rift Valley,Highlands & Rift,9,2017|2018|2019|2020|2021|2022|2023|2024|2025,True,True
36.85,2.35,Eastern,Arid & Semi-Arid (ASAL),9,2017|2018|2019|2020|2021|2022|2023|2024|2025,True,True
36.95,2.35,Eastern,Arid & Semi-Arid (ASAL),9,2017|2018|2019|2020|2021|2022|2023|2024|2025,True,True
37.05,2.35,Eastern,Arid & Semi-Arid (ASAL),9,2017|2018|2019|2020|2021|2022|2023|2024|2025,True,True
37.15,2.35,Eastern,Arid & Semi-Arid (ASAL),9,2017|2018|2019|2020|2021|2022|2023|2024|2025,True,True
37.25,2.35,Eastern,Arid & Semi-Arid (ASAL),9,2017|2018|2019|2020|2021|2022|2023|2024|2025,True,True
37.35,2.35,Eastern,Arid & Semi-Arid (ASAL),9,2017|2018|2019|2020|2021|2022|2023|2024|2025,True,True
37.45,2.35,Eastern,Arid & Semi-Arid (ASAL),9,2017|2018|2019|2020|2021|2022|2023|2024|2025,True,True
37.55,2.35,Eastern,Arid & Semi-Arid (ASAL),9,2017|2018|2019|2020|2021|2022|2023|2024|2025,True,True
37.65,2.35,Eastern,Arid & Semi-Arid (ASAL),9,2017|2018|2019|2020|2021|2022|2023|2024|2025,True,True
37.75,2.35,Eastern,Arid & Semi-Arid (ASAL),9,2017|2018|2019|2020|2021|2022|2023|2024|2025,True,True
37.85,2.35,Eastern,Arid & Semi-Arid (ASAL),9,2017|2018|2019|2020|2021|2022|2023|2024|2025,True,True
37.95,2.35,Eastern,Arid & Semi-Arid (ASAL),9,2017|2018|2019|2020|2021|2022|2023|2024|2025,True,True
38.05,2.35,Eastern,Arid & Semi-Arid (ASAL),9,2017|2018|2019|2020|2021|2022|2023|2024|2025,True,True
38.15,2.35,Eastern,Arid & Semi-Arid (ASAL),9,2017|2018|2019|2020|2021|2022|2023|2024|2025,True,True
38.25,2.35,Eastern,Arid & Semi-Arid (ASAL),9,2017|2018|2019|2020|2021|2022|2023|2024|2025,True,True
38.35,2.35,Eastern,Arid & Semi-Arid (ASAL),9,2017|2018|2019|2020|2021|2022|2023|2024|2025,True,True
38.45,2.35,Eastern,Arid & Semi-Arid (ASAL),9,2017|2018|2019|2020|2021|2022|2023|2024|2025,True,True
38.55,2.35,Eastern,Arid & Semi-Arid (ASAL),9,2017|2018|2019|2020|2021|2022|2023|2024|2025,True,True
38.65,2.35,Eastern,Arid & Semi-Arid (ASAL),9,2017|2018|2019|2020|2021|2022|2023|2024|2025,True,True
38.75,2.35,Eastern,Arid & Semi-Arid (ASAL),9,2017|2018|2019|2020|2021|2022|2023|2024|2025,True,True
38.85,2.35,Eastern,Arid & Semi-Arid (ASAL),9,2017|2018|2019|2020|2021|2022|2023|2024|2025,True,True
38.95,2.35,North-Eastern,Arid & Semi-Arid (ASAL),9,2017|2018|2019|2020|2021|2022|2023|2024|2025,True,True
39.05,2.35,North-Eastern,Arid & Semi-Arid (ASAL),9,2017|2018|2019|2020|2021|2022|2023|2024|2025,True,True
39.15,2.35,North-Eastern,Arid & Semi-Arid (ASAL),9,2017|2018|2019|2020|2021|2022|2023|2024|2025,True,True
39.25,2.35,North-Eastern,Arid & Semi-Arid (ASAL),9,2017|2018|2019|2020|2021|2022|2023|2024|2025,True,True
39.35,2.35,North-Eastern,Arid & Semi-Arid (ASAL),9,2017|2018|2019|2020|2021|2022|2023|2024|2025,True,True
39.45,2.35,North-Eastern,Arid & Semi-Arid (ASAL),9,2017|2018|2019|2020|2021|2022|2023|2024|2025,True,True
39.55,2.35,North-Eastern,Arid & Semi-Arid (ASAL),9,2017|2018|2019|2020|2021|2022|2023|2024|2025,True,True
39.65,2.35,North-Eastern,Arid & Semi-Arid (ASAL),9,2017|2018|2019|2020|2021|2022|2023|2024|2025,True,True
39.75,2.35,North-Eastern,Arid & Semi-Arid (ASAL),9,2017|2018|2019|2020|2021|2022|2023|2024|2025,True,True
39.85,2.35,North-Eastern,Arid & Semi-Arid (ASAL),9,2017|2018|2019|2020|2021|2022|2023|2024|2025,True,True
39.95,2.35,North-Eastern,Arid & Semi-Arid (ASAL),9,2017|2018|2019|2020|2021|2022|2023|2024|2025,True,True
40.05,2.35,North-Eastern,Arid & Semi-Arid (ASAL),9,2017|2018|2019|2020|2021|2022|2023|2024|2025,True,True
40.15,2.35,North-Eastern,Arid & Semi-Arid (ASAL),9,2017|2018|2019|2020|2021|2022|2023|2024|2025,True,True
40.25,2.35,North-Eastern,Arid & Semi-Arid (ASAL),9,2017|2018|2019|2020|2021|2022|2023|2024|2025,True,True
40.35,2.35,North-Eastern,Arid & Semi-Arid (ASAL),9,2017|2018|2019|2020|2021|2022|2023|2024|2025,True,True
40.45,2.35,North-Eastern,Arid & Semi-Arid (ASAL),9,2017|2018|2019|2020|2021|2022|2023|2024|2025,True,True
40.55,2.35,North-Eastern,Arid & Semi-Arid (ASAL),9,2017|2018|2019|2020|2021|2022|2023|2024|2025,True,True
40.65,2.35,North-Eastern,Arid & Semi-Arid (ASAL),9,2017|2018|2019|2020|2021|2022|2023|2024|2025,True,True
40.75,2.35,North-Eastern,Arid & Semi-Arid (ASAL),9,2017|2018|2019|2020|2021|2022|2023|2024|2025,True,True
40.85,2.35,North-Eastern,Arid & Semi-Arid (ASAL),9,2017|2018|2019|2020|2021|2022|2023|2024|2025,True,True
40.95,2.35,North-Eastern,Arid & Semi-Arid (ASAL),9,2017|2018|2019|2020|2021|2022|2023|2024|2025,True,True
34.95,2.25,Rift Valley,Highlands & Rift,9,2017|2018|2019|2020|2021|2022|2023|2024|2025,True,True
35.05,2.25,Rift Valley,Highlands & Rift,9,2017|2018|2019|2020|2021|2022|2023|2024|2025,True,True
35.15,2.25,Rift Valley,Highlands & Rift,9,2017|2018|2019|2020|2021|2022|2023|2024|2025,True,True
35.25,2.25,Rift Valley,Highlands & Rift,9,2017|2018|2019|2020|2021|2022|2023|2024|2025,True,True
35.35,2.25,Rift Valley,Highlands & Rift,9,2017|2018|2019|2020|2021|2022|2023|2024|2025,True,True
35.45,2.25,Rift Valley,Highlands & Rift,9,2017|2018|2019|2020|2021|2022|2023|2024|2025,True,True
35.55,2.25,Rift Valley,Highlands & Rift,9,2017|2018|2019|2020|2021|2022|2023|2024|2025,True,True
35.65,2.25,Rift Valley,Highlands & Rift,9,2017|2018|2019|2020|2021|2022|2023|2024|2025,True,True
35.75,2.25,Rift Valley,Highlands & Rift,9,2017|2018|2019|2020|2021|2022|2023|2024|2025,True,True
35.85,2.25,Rift Valley,Highlands & Rift,9,2017|2018|2019|2020|2021|2022|2023|2024|2025,True,True
35.95,2.25,Rift Valley,Highlands & Rift,9,2017|2018|2019|2020|2021|2022|2023|2024|2025,True,True
36.05,2.25,Rift Valley,Highlands & Rift,9,2017|2018|2019|2020|2021|2022|2023|2024|2025,True,True
36.15,2.25,Rift Valley,Highlands & Rift,9,2017|2018|2019|2020|2021|2022|2023|2024|2025,True,True
36.25,2.25,Rift Valley,Highlands & Rift,9,2017|2018|2019|2020|2021|2022|2023|2024|2025,True,True
36.35,2.25,Rift Valley,Highlands & Rift,9,2017|2018|2019|2020|2021|2022|2023|2024|2025,True,True
36.45,2.25,Rift Valley,Highlands & Rift,9,2017|2018|2019|2020|2021|2022|2023|2024|2025,True,True
36.55,2.25,Rift Valley,Highlands & Rift,9,2017|2018|2019|2020|2021|2022|2023|2024|2025,True,True
36.65,2.25,Rift Valley,Highlands & Rift,9,2017|2018|2019|2020|2021|2022|2023|2024|2025,True,True
36.75,2.25,Rift Valley,Highlands & Rift,9,2017|2018|2019|2020|2021|2022|2023|2024|2025,True,True
36.85,2.25,Rift Valley,Highlands & Rift,9,2017|2018|2019|2020|2021|2022|2023|2024|2025,True,True
36.95,2.25,Eastern,Arid & Semi-Arid (ASAL),9,2017|2018|2019|2020|2021|2022|2023|2024|2025,True,True
37.05,2.25,Eastern,Arid & Semi-Arid (ASAL),9,2017|2018|2019|2020|2021|2022|2023|2024|2025,True,True
37.15,2.25,Eastern,Arid & Semi-Arid (ASAL),9,2017|2018|2019|2020|2021|2022|2023|2024|2025,True,True
37.25,2.25,Eastern,Arid & Semi-Arid (ASAL),9,2017|2018|2019|2020|2021|2022|2023|2024|2025,True,True
37.35,2.25,Eastern,Arid & Semi-Arid (ASAL),9,2017|2018|2019|2020|2021|2022|2023|2024|2025,True,True
37.45,2.25,Eastern,Arid & Semi-Arid (ASAL),9,2017|2018|2019|2020|2021|2022|2023|2024|2025,True,True
37.55,2.25,Eastern,Arid & Semi-Arid (ASAL),9,2017|2018|2019|2020|2021|2022|2023|2024|2025,True,True
37.65,2.25,Eastern,Arid & Semi-Arid (ASAL),9,2017|2018|2019|2020|2021|2022|2023|2024|2025,True,True
37.75,2.25,Eastern,Arid & Semi-Arid (ASAL),9,2017|2018|2019|2020|2021|2022|2023|2024|2025,True,True
37.85,2.25,Eastern,Arid & Semi-Arid (ASAL),9,2017|2018|2019|2020|2021|2022|2023|2024|2025,True,True
37.95,2.25,Eastern,Arid & Semi-Arid (ASAL),9,2017|2018|2019|2020|2021|2022|2023|2024|2025,True,True
38.05,2.25,Eastern,Arid & Semi-Arid (ASAL),9,2017|2018|2019|2020|2021|2022|2023|2024|2025,True,True
38.15,2.25,Eastern,Arid & Semi-Arid (ASAL),9,2017|2018|2019|2020|2021|2022|2023|2024|2025,True,True
38.25,2.25,Eastern,Arid & Semi-Arid (ASAL),9,2017|2018|2019|2020|2021|2022|2023|2024|2025,True,True
38.35,2.25,Eastern,Arid & Semi-Arid (ASAL),9,2017|2018|2019|2020|2021|2022|2023|2024|2025,True,True
38.45,2.25,Eastern,Arid & Semi-Arid (ASAL),9,2017|2018|2019|2020|2021|2022|2023|2024|2025,True,True
38.55,2.25,Eastern,Arid & Semi-Arid (ASAL),9,2017|2018|2019|2020|2021|2022|2023|2024|2025,True,True
38.65,2.25,Eastern,Arid & Semi-Arid (ASAL),9,2017|2018|2019|2020|2021|2022|2023|2024|2025,True,True
38.75,2.25,Eastern,Arid & Semi-Arid (ASAL),9,2017|2018|2019|2020|2021|2022|2023|2024|2025,True,True
38.85,2.25,Eastern,Arid & Semi-Arid (ASAL),9,2017|2018|2019|2020|2021|2022|2023|2024|2025,True,True
38.95,2.25,North-Eastern,Arid & Semi-Arid (ASAL),9,2017|2018|2019|2020|2021|2022|2023|2024|2025,True,True
39.05,2.25,North-Eastern,Arid & Semi-Arid (ASAL),9,2017|2018|2019|2020|2021|2022|2023|2024|2025,True,True
39.15,2.25,North-Eastern,Arid & Semi-Arid (ASAL),9,2017|2018|2019|2020|2021|2022|2023|2024|2025,True,True
39.25,2.25,North-Eastern,Arid & Semi-Arid (ASAL),9,2017|2018|2019|2020|2021|2022|2023|2024|2025,True,True
39.35,2.25,North-Eastern,Arid & Semi-Arid (ASAL),9,2017|2018|2019|2020|2021|2022|2023|2024|2025,True,True
39.45,2.25,North-Eastern,Arid & Semi-Arid (ASAL),9,2017|2018|2019|2020|2021|2022|2023|2024|2025,True,True
39.55,2.25,North-Eastern,Arid & Semi-Arid (ASAL),9,2017|2018|2019|2020|2021|2022|2023|2024|2025,True,True
39.65,2.25,North-Eastern,Arid & Semi-Arid (ASAL),9,2017|2018|2019|2020|2021|2022|2023|2024|2025,True,True
39.75,2.25,North-Eastern,Arid & Semi-Arid (ASAL),9,2017|2018|2019|2020|2021|2022|2023|2024|2025,True,True
39.85,2.25,North-Eastern,Arid & Semi-Arid (ASAL),9,2017|2018|2019|2020|2021|2022|2023|2024|2025,True,True
39.95,2.25,North-Eastern,Arid & Semi-Arid (ASAL),9,2017|2018|2019|2020|2021|2022|2023|2024|2025,True,True
40.05,2.25,North-Eastern,Arid & Semi-Arid (ASAL),9,2017|2018|2019|2020|2021|2022|2023|2024|2025,True,True
40.15,2.25,North-Eastern,Arid & Semi-Arid (ASAL),9,2017|2018|2019|2020|2021|2022|2023|2024|2025,True,True
40.25,2.25,North-Eastern,Arid & Semi-Arid (ASAL),9,2017|2018|2019|2020|2021|2022|2023|2024|2025,True,True
40.35,2.25,North-Eastern,Arid & Semi-Arid (ASAL),9,2017|2018|2019|2020|2021|2022|2023|2024|2025,True,True
40.45,2.25,North-Eastern,Arid & Semi-Arid (ASAL),9,2017|2018|2019|2020|2021|2022|2023|2024|2025,True,True
40.55,2.25,North-Eastern,Arid & Semi-Arid (ASAL),9,2017|2018|2019|2020|2021|2022|2023|2024|2025,True,True
40.65,2.25,North-Eastern,Arid & Semi-Arid (ASAL),9,2017|2018|2019|2020|2021|2022|2023|2024|2025,True,True
40.75,2.25,North-Eastern,Arid & Semi-Arid (ASAL),9,2017|2018|2019|2020|2021|2022|2023|2024|2025,True,True
40.85,2.25,North-Eastern,Arid & Semi-Arid (ASAL),9,2017|2018|2019|2020|2021|2022|2023|2024|2025,True,True
40.95,2.25,North-Eastern,Arid & Semi-Arid (ASAL),9,2017|2018|2019|2020|2021|2022|2023|2024|2025,True,True
34.95,2.15,Rift Valley,Highlands & Rift,9,2017|2018|2019|2020|2021|2022|2023|2024|2025,True,True
35.05,2.15,Rift Valley,Highlands & Rift,9,2017|2018|2019|2020|2021|2022|2023|2024|2025,True,True
35.15,2.15,Rift Valley,Highlands & Rift,9,2017|2018|2019|2020|2021|2022|2023|2024|2025,True,True
35.25,2.15,Rift Valley,Highlands & Rift,9,2017|2018|2019|2020|2021|2022|2023|2024|2025,True,True
35.35,2.15,Rift Valley,Highlands & Rift,9,2017|2018|2019|2020|2021|2022|2023|2024|2025,True,True
35.45,2.15,Rift Valley,Highlands & Rift,9,2017|2018|2019|2020|2021|2022|2023|2024|2025,True,True
35.55,2.15,Rift Valley,Highlands & Rift,9,2017|2018|2019|2020|2021|2022|2023|2024|2025,True,True
35.65,2.15,Rift Valley,Highlands & Rift,9,2017|2018|2019|2020|2021|2022|2023|2024|2025,True,True
35.75,2.15,Rift Valley,Highlands & Rift,9,2017|2018|2019|2020|2021|2022|2023|2024|2025,True,True
35.85,2.15,Rift Valley,Highlands & Rift,9,2017|2018|2019|2020|2021|2022|2023|2024|2025,True,True
35.95,2.15,Rift Valley,Highlands & Rift,9,2017|2018|2019|2020|2021|2022|2023|2024|2025,True,True
36.05,2.15,Rift Valley,Highlands & Rift,9,2017|2018|2019|2020|2021|2022|2023|2024|2025,True,True
36.15,2.15,Rift Valley,Highlands & Rift,9,2017|2018|2019|2020|2021|2022|2023|2024|2025,True,True
36.25,2.15,Rift Valley,Highlands & Rift,9,2017|2018|2019|2020|2021|2022|2023|2024|2025,True,True
36.35,2.15,Rift Valley,Highlands & Rift,9,2017|2018|2019|2020|2021|2022|2023|2024|2025,True,True
36.45,2.15,Rift Valley,Highlands & Rift,9,2017|2018|2019|2020|2021|2022|2023|2024|2025,True,True
36.55,2.15,Rift Valley,Highlands & Rift,9,2017|2018|2019|2020|2021|2022|2023|2024|2025,True,True
36.65,2.15,Rift Valley,Highlands & Rift,9,2017|2018|2019|2020|2021|2022|2023|2024|2025,True,True
36.75,2.15,Rift Valley,Highlands & Rift,9,2017|2018|2019|2020|2021|2022|2023|2024|2025,True,True
36.85,2.15,Rift Valley,Highlands & Rift,9,2017|2018|2019|2020|2021|2022|2023|2024|2025,True,True
36.95,2.15,Eastern,Arid & Semi-Arid (ASAL),9,2017|2018|2019|2020|2021|2022|2023|2024|2025,True,True
37.05,2.15,Eastern,Arid & Semi-Arid (ASAL),9,2017|2018|2019|2020|2021|2022|2023|2024|2025,True,True
37.15,2.15,Eastern,Arid & Semi-Arid (ASAL),9,2017|2018|2019|2020|2021|2022|2023|2024|2025,True,True
37.25,2.15,Eastern,Arid & Semi-Arid (ASAL),9,2017|2018|2019|2020|2021|2022|2023|2024|2025,True,True
37.35,2.15,Eastern,Arid & Semi-Arid (ASAL),9,2017|2018|2019|2020|2021|2022|2023|2024|2025,True,True
37.45,2.15,Eastern,Arid & Semi-Arid (ASAL),9,2017|2018|2019|2020|2021|2022|2023|2024|2025,True,True
37.55,2.15,Eastern,Arid & Semi-Arid (ASAL),9,2017|2018|2019|2020|2021|2022|2023|2024|2025,True,True
37.65,2.15,Eastern,Arid & Semi-Arid (ASAL),9,2017|2018|2019|2020|2021|2022|2023|2024|2025,True,True
37.75,2.15,Eastern,Arid & Semi-Arid (ASAL),9,2017|2018|2019|2020|2021|2022|2023|2024|2025,True,True
37.85,2.15,Eastern,Arid & Semi-Arid (ASAL),9,2017|2018|2019|2020|2021|2022|2023|2024|2025,True,True
37.95,2.15,Eastern,Arid & Semi-Arid (ASAL),9,2017|2018|2019|2020|2021|2022|2023|2024|2025,True,True
38.05,2.15,Eastern,Arid & Semi-Arid (ASAL),9,2017|2018|2019|2020|2021|2022|2023|2024|2025,True,True
38.15,2.15,Eastern,Arid & Semi-Arid (ASAL),9,2017|2018|2019|2020|2021|2022|2023|2024|2025,True,True
38.25,2.15,Eastern,Arid & Semi-Arid (ASAL),9,2017|2018|2019|2020|2021|2022|2023|2024|2025,True,True
38.35,2.15,Eastern,Arid & Semi-Arid (ASAL),9,2017|2018|2019|2020|2021|2022|2023|2024|2025,True,True
38.45,2.15,Eastern,Arid & Semi-Arid (ASAL),9,2017|2018|2019|2020|2021|2022|2023|2024|2025,True,True
38.55,2.15,Eastern,Arid & Semi-Arid (ASAL),9,2017|2018|2019|2020|2021|2022|2023|2024|2025,True,True
38.65,2.15,Eastern,Arid & Semi-Arid (ASAL),9,2017|2018|2019|2020|2021|2022|2023|2024|2025,True,True
38.75,2.15,Eastern,Arid & Semi-Arid (ASAL),9,2017|2018|2019|2020|2021|2022|2023|2024|2025,True,True
38.85,2.15,Eastern,Arid & Semi-Arid (ASAL),9,2017|2018|2019|2020|2021|2022|2023|2024|2025,True,True
38.95,2.15,North-Eastern,Arid & Semi-Arid (ASAL),9,2017|2018|2019|2020|2021|2022|2023|2024|2025,True,True
39.05,2.15,North-Eastern,Arid & Semi-Arid (ASAL),9,2017|2018|2019|2020|2021|2022|2023|2024|2025,True,True
39.15,2.15,North-Eastern,Arid & Semi-Arid (ASAL),9,2017|2018|2019|2020|2021|2022|2023|2024|2025,True,True
39.25,2.15,North-Eastern,Arid & Semi-Arid (ASAL),9,2017|2018|2019|2020|2021|2022|2023|2024|2025,True,True
39.35,2.15,North-Eastern,Arid & Semi-Arid (ASAL),9,2017|2018|2019|2020|2021|2022|2023|2024|2025,True,True
39.45,2.15,North-Eastern,Arid & Semi-Arid (ASAL),9,2017|2018|2019|2020|2021|2022|2023|2024|2025,True,True
39.55,2.15,North-Eastern,Arid & Semi-Arid (ASAL),9,2017|2018|2019|2020|2021|2022|2023|2024|2025,True,True
39.65,2.15,North-Eastern,Arid & Semi-Arid (ASAL),9,2017|2018|2019|2020|2021|2022|2023|2024|2025,True,True
39.75,2.15,North-Eastern,Arid & Semi-Arid (ASAL),9,2017|2018|2019|2020|2021|2022|2023|2024|2025,True,True
39.85,2.15,North-Eastern,Arid & Semi-Arid (ASAL),9,2017|2018|2019|2020|2021|2022|2023|2024|2025,True,True
39.95,2.15,North-Eastern,Arid & Semi-Arid (ASAL),9,2017|2018|2019|2020|2021|2022|2023|2024|2025,True,True
40.05,2.15,North-Eastern,Arid & Semi-Arid (ASAL),9,2017|2018|2019|2020|2021|2022|2023|2024|2025,True,True
40.15,2.15,North-Eastern,Arid & Semi-Arid (ASAL),9,2017|2018|2019|2020|2021|2022|2023|2024|2025,True,True
40.25,2.15,North-Eastern,Arid & Semi-Arid (ASAL),9,2017|2018|2019|2020|2021|2022|2023|2024|2025,True,True
40.35,2.15,North-Eastern,Arid & Semi-Arid (ASAL),9,2017|2018|2019|2020|2021|2022|2023|2024|2025,True,True
40.45,2.15,North-Eastern,Arid & Semi-Arid (ASAL),9,2017|2018|2019|2020|2021|2022|2023|2024|2025,True,True
40.55,2.15,North-Eastern,Arid & Semi-Arid (ASAL),9,2017|2018|2019|2020|2021|2022|2023|2024|2025,True,True
40.65,2.15,North-Eastern,Arid & Semi-Arid (ASAL),9,2017|2018|2019|2020|2021|2022|2023|2024|2025,True,True
40.75,2.15,North-Eastern,Arid & Semi-Arid (ASAL),9,2017|2018|2019|2020|2021|2022|2023|2024|2025,True,True
40.85,2.15,North-Eastern,Arid & Semi-Arid (ASAL),9,2017|2018|2019|2020|2021|2022|2023|2024|2025,True,True
40.95,2.15,North-Eastern,Arid & Semi-Arid (ASAL),9,2017|2018|2019|2020|2021|2022|2023|2024|2025,True,True
35.05,2.05,Rift Valley,Highlands & Rift,9,2017|2018|2019|2020|2021|2022|2023|2024|2025,True,True
35.15,2.05,Rift Valley,Highlands & Rift,9,2017|2018|2019|2020|2021|2022|2023|2024|2025,True,True
35.25,2.05,Rift Valley,Highlands & Rift,9,2017|2018|2019|2020|2021|2022|2023|2024|2025,True,True
35.35,2.05,Rift Valley,Highlands & Rift,9,2017|2018|2019|2020|2021|2022|2023|2024|2025,True,True
35.45,2.05,Rift Valley,Highlands & Rift,9,2017|2018|2019|2020|2021|2022|2023|2024|2025,True,True
35.55,2.05,Rift Valley,Highlands & Rift,9,2017|2018|2019|2020|2021|2022|2023|2024|2025,True,True
35.65,2.05,Rift Valley,Highlands & Rift,9,2017|2018|2019|2020|2021|2022|2023|2024|2025,True,True
35.75,2.05,Rift Valley,Highlands & Rift,9,2017|2018|2019|2020|2021|2022|2023|2024|2025,True,True
35.85,2.05,Rift Valley,Highlands & Rift,9,2017|2018|2019|2020|2021|2022|2023|2024|2025,True,True
35.95,2.05,Rift Valley,Highlands & Rift,9,2017|2018|2019|2020|2021|2022|2023|2024|2025,True,True
36.05,2.05,Rift Valley,Highlands & Rift,9,2017|2018|2019|2020|2021|2022|2023|2024|2025,True,True
36.15,2.05,Rift Valley,Highlands & Rift,9,2017|2018|2019|2020|2021|2022|2023|2024|2025,True,True
36.25,2.05,Rift Valley,Highlands & Rift,9,2017|2018|2019|2020|2021|2022|2023|2024|2025,True,True
36.35,2.05,Rift Valley,Highlands & Rift,9,2017|2018|2019|2020|2021|2022|2023|2024|2025,True,True
36.45,2.05,Rift Valley,Highlands & Rift,9,2017|2018|2019|2020|2021|2022|2023|2024|2025,True,True
36.55,2.05,Rift Valley,Highlands & Rift,9,2017|2018|2019|2020|2021|2022|2023|2024|2025,True,True
36.65,2.05,Rift Valley,Highlands & Rift,9,2017|2018|2019|2020|2021|2022|2023|2024|2025,True,True
36.75,2.05,Rift Valley,Highlands & Rift,9,2017|2018|2019|2020|2021|2022|2023|2024|2025,True,True
36.85,2.05,Rift Valley,Highlands & Rift,9,2017|2018|2019|2020|2021|2022|2023|2024|2025,True,True
36.95,2.05,Rift Valley,Highlands & Rift,9,2017|2018|2019|2020|2021|2022|2023|2024|2025,True,True
37.05,2.05,Eastern,Arid & Semi-Arid (ASAL),9,2017|2018|2019|2020|2021|2022|2023|2024|2025,True,True
37.15,2.05,Eastern,Arid & Semi-Arid (ASAL),9,2017|2018|2019|2020|2021|2022|2023|2024|2025,True,True
37.25,2.05,Eastern,Arid & Semi-Arid (ASAL),9,2017|2018|2019|2020|2021|2022|2023|2024|2025,True,True
37.35,2.05,Eastern,Arid & Semi-Arid (ASAL),9,2017|2018|2019|2020|2021|2022|2023|2024|2025,True,True
37.45,2.05,Eastern,Arid & Semi-Arid (ASAL),9,2017|2018|2019|2020|2021|2022|2023|2024|2025,True,True
37.55,2.05,Eastern,Arid & Semi-Arid (ASAL),9,2017|2018|2019|2020|2021|2022|2023|2024|2025,True,True
37.65,2.05,Eastern,Arid & Semi-Arid (ASAL),9,2017|2018|2019|2020|2021|2022|2023|2024|2025,True,True
37.75,2.05,Eastern,Arid & Semi-Arid (ASAL),9,2017|2018|2019|2020|2021|2022|2023|2024|2025,True,True
37.85,2.05,Eastern,Arid & Semi-Arid (ASAL),9,2017|2018|2019|2020|2021|2022|2023|2024|2025,True,True
37.95,2.05,Eastern,Arid & Semi-Arid (ASAL),9,2017|2018|2019|2020|2021|2022|2023|2024|2025,True,True
38.05,2.05,Eastern,Arid & Semi-Arid (ASAL),9,2017|2018|2019|2020|2021|2022|2023|2024|2025,True,True
38.15,2.05,Eastern,Arid & Semi-Arid (ASAL),9,2017|2018|2019|2020|2021|2022|2023|2024|2025,True,True
38.25,2.05,Eastern,Arid & Semi-Arid (ASAL),9,2017|2018|2019|2020|2021|2022|2023|2024|2025,True,True
38.35,2.05,Eastern,Arid & Semi-Arid (ASAL),9,2017|2018|2019|2020|2021|2022|2023|2024|2025,True,True
38.45,2.05,Eastern,Arid & Semi-Arid (ASAL),9,2017|2018|2019|2020|2021|2022|2023|2024|2025,True,True
38.55,2.05,Eastern,Arid & Semi-Arid (ASAL),9,2017|2018|2019|2020|2021|2022|2023|2024|2025,True,True
38.65,2.05,Eastern,Arid & Semi-Arid (ASAL),9,2017|2018|2019|2020|2021|2022|2023|2024|2025,True,True
38.75,2.05,Eastern,Arid & Semi-Arid (ASAL),9,2017|2018|2019|2020|2021|2022|2023|2024|2025,True,True
38.85,2.05,Eastern,Arid & Semi-Arid (ASAL),9,2017|2018|2019|2020|2021|2022|2023|2024|2025,True,True
38.95,2.05,Eastern,Arid & Semi-Arid (ASAL),9,2017|2018|2019|2020|2021|2022|2023|2024|2025,True,True
39.05,2.05,North-Eastern,Arid & Semi-Arid (ASAL),9,2017|2018|2019|2020|2021|2022|2023|2024|2025,True,True
39.15,2.05,North-Eastern,Arid & Semi-Arid (ASAL),9,2017|2018|2019|2020|2021|2022|2023|2024|2025,True,True
39.25,2.05,North-Eastern,Arid & Semi-Arid (ASAL),9,2017|2018|2019|2020|2021|2022|2023|2024|2025,True,True
39.35,2.05,North-Eastern,Arid & Semi-Arid (ASAL),9,2017|2018|2019|2020|2021|2022|2023|2024|2025,True,True
39.45,2.05,North-Eastern,Arid & Semi-Arid (ASAL),9,2017|2018|2019|2020|2021|2022|2023|2024|2025,True,True
39.55,2.05,North-Eastern,Arid & Semi-Arid (ASAL),9,2017|2018|2019|2020|2021|2022|2023|2024|2025,True,True
39.65,2.05,North-Eastern,Arid & Semi-Arid (ASAL),9,2017|2018|2019|2020|2021|2022|2023|2024|2025,True,True
39.75,2.05,North-Eastern,Arid & Semi-Arid (ASAL),9,2017|2018|2019|2020|2021|2022|2023|2024|2025,True,True
39.85,2.05,North-Eastern,Arid & Semi-Arid (ASAL),9,2017|2018|2019|2020|2021|2022|2023|2024|2025,True,True
39.95,2.05,North-Eastern,Arid & Semi-Arid (ASAL),9,2017|2018|2019|2020|2021|2022|2023|2024|2025,True,True
40.05,2.05,North-Eastern,Arid & Semi-Arid (ASAL),9,2017|2018|2019|2020|2021|2022|2023|2024|2025,True,True
40.15,2.05,North-Eastern,Arid & Semi-Arid (ASAL),9,2017|2018|2019|2020|2021|2022|2023|2024|2025,True,True
40.25,2.05,North-Eastern,Arid & Semi-Arid (ASAL),9,2017|2018|2019|2020|2021|2022|2023|2024|2025,True,True
40.35,2.05,North-Eastern,Arid & Semi-Arid (ASAL),9,2017|2018|2019|2020|2021|2022|2023|2024|2025,True,True
40.45,2.05,North-Eastern,Arid & Semi-Arid (ASAL),9,2017|2018|2019|2020|2021|2022|2023|2024|2025,True,True
40.55,2.05,North-Eastern,Arid & Semi-Arid (ASAL),9,2017|2018|2019|2020|2021|2022|2023|2024|2025,True,True
40.65,2.05,North-Eastern,Arid & Semi-Arid (ASAL),9,2017|2018|2019|2020|2021|2022|2023|2024|2025,True,True
40.75,2.05,North-Eastern,Arid & Semi-Arid (ASAL),9,2017|2018|2019|2020|2021|2022|2023|2024|2025,True,True
40.85,2.05,North-Eastern,Arid & Semi-Arid (ASAL),9,2017|2018|2019|2020|2021|2022|2023|2024|2025,True,True
40.95,2.05,North-Eastern,Arid & Semi-Arid (ASAL),9,2017|2018|2019|2020|2021|2022|2023|2024|2025,True,True
35.05,1.95,Rift Valley,Highlands & Rift,9,2017|2018|2019|2020|2021|2022|2023|2024|2025,True,True
35.15,1.95,Rift Valley,Highlands & Rift,9,2017|2018|2019|2020|2021|2022|2023|2024|2025,True,True
35.25,1.95,Rift Valley,Highlands & Rift,9,2017|2018|2019|2020|2021|2022|2023|2024|2025,True,True
35.35,1.95,Rift Valley,Highlands & Rift,9,2017|2018|2019|2020|2021|2022|2023|2024|2025,True,True
35.45,1.95,Rift Valley,Highlands & Rift,9,2017|2018|2019|2020|2021|2022|2023|2024|2025,True,True
35.55,1.95,Rift Valley,Highlands & Rift,9,2017|2018|2019|2020|2021|2022|2023|2024|2025,True,True
35.65,1.95,Rift Valley,Highlands & Rift,9,2017|2018|2019|2020|2021|2022|2023|2024|2025,True,True
35.75,1.95,Rift Valley,Highlands & Rift,9,2017|2018|2019|2020|2021|2022|2023|2024|2025,True,True
35.85,1.95,Rift Valley,Highlands & Rift,9,2017|2018|2019|2020|2021|2022|2023|2024|2025,True,True
35.95,1.95,Rift Valley,Highlands & Rift,9,2017|2018|2019|2020|2021|2022|2023|2024|2025,True,True
36.05,1.95,Rift Valley,Highlands & Rift,9,2017|2018|2019|2020|2021|2022|2023|2024|2025,True,True
36.15,1.95,Rift Valley,Highlands & Rift,9,2017|2018|2019|2020|2021|2022|2023|2024|2025,True,True
36.25,1.95,Rift Valley,Highlands & Rift,9,2017|2018|2019|2020|2021|2022|2023|2024|2025,True,True
36.35,1.95,Rift Valley,Highlands & Rift,9,2017|2018|2019|2020|2021|2022|2023|2024|2025,True,True
36.45,1.95,Rift Valley,Highlands & Rift,9,2017|2018|2019|2020|2021|2022|2023|2024|2025,True,True
36.55,1.95,Rift Valley,Highlands & Rift,9,2017|2018|2019|2020|2021|2022|2023|2024|2025,True,True
36.65,1.95,Rift Valley,Highlands & Rift,9,2017|2018|2019|2020|2021|2022|2023|2024|2025,True,True
36.75,1.95,Rift Valley,Highlands & Rift,9,2017|2018|2019|2020|2021|2022|2023|2024|2025,True,True
36.85,1.95,Rift Valley,Highlands & Rift,9,2017|2018|2019|2020|2021|2022|2023|2024|2025,True,True
36.95,1.95,Rift Valley,Highlands & Rift,9,2017|2018|2019|2020|2021|2022|2023|2024|2025,True,True
37.05,1.95,Rift Valley,Highlands & Rift,9,2017|2018|2019|2020|2021|2022|2023|2024|2025,True,True
37.15,1.95,Rift Valley,Highlands & Rift,9,2017|2018|2019|2020|2021|2022|2023|2024|2025,True,True
37.25,1.95,Eastern,Arid & Semi-Arid (ASAL),9,2017|2018|2019|2020|2021|2022|2023|2024|2025,True,True
37.35,1.95,Eastern,Arid & Semi-Arid (ASAL),9,2017|2018|2019|2020|2021|2022|2023|2024|2025,True,True
37.45,1.95,Eastern,Arid & Semi-Arid (ASAL),9,2017|2018|2019|2020|2021|2022|2023|2024|2025,True,True
37.55,1.95,Eastern,Arid & Semi-Arid (ASAL),9,2017|2018|2019|2020|2021|2022|2023|2024|2025,True,True
37.65,1.95,Eastern,Arid & Semi-Arid (ASAL),9,2017|2018|2019|2020|2021|2022|2023|2024|2025,True,True
37.75,1.95,Eastern,Arid & Semi-Arid (ASAL),9,2017|2018|2019|2020|2021|2022|2023|2024|2025,True,True
37.85,1.95,Eastern,Arid & Semi-Arid (ASAL),9,2017|2018|2019|2020|2021|2022|2023|2024|2025,True,True
37.95,1.95,Eastern,Arid & Semi-Arid (ASAL),9,2017|2018|2019|2020|2021|2022|2023|2024|2025,True,True
38.05,1.95,Eastern,Arid & Semi-Arid (ASAL),9,2017|2018|2019|2020|2021|2022|2023|2024|2025,True,True
38.15,1.95,Eastern,Arid & Semi-Arid (ASAL),9,2017|2018|2019|2020|2021|2022|2023|2024|2025,True,True
38.25,1.95,Eastern,Arid & Semi-Arid (ASAL),9,2017|2018|2019|2020|2021|2022|2023|2024|2025,True,True
38.35,1.95,Eastern,Arid & Semi-Arid (ASAL),9,2017|2018|2019|2020|2021|2022|2023|2024|2025,True,True
38.45,1.95,Eastern,Arid & Semi-Arid (ASAL),9,2017|2018|2019|2020|2021|2022|2023|2024|2025,True,True
38.55,1.95,Eastern,Arid & Semi-Arid (ASAL),9,2017|2018|2019|2020|2021|2022|2023|2024|2025,True,True
38.65,1.95,Eastern,Arid & Semi-Arid (ASAL),9,2017|2018|2019|2020|2021|2022|2023|2024|2025,True,True
38.75,1.95,Eastern,Arid & Semi-Arid (ASAL),9,2017|2018|2019|2020|2021|2022|2023|2024|2025,True,True
38.85,1.95,Eastern,Arid & Semi-Arid (ASAL),9,2017|2018|2019|2020|2021|2022|2023|2024|2025,True,True
38.95,1.95,Eastern,Arid & Semi-Arid (ASAL),9,2017|2018|2019|2020|2021|2022|2023|2024|2025,True,True
39.05,1.95,North-Eastern,Arid & Semi-Arid (ASAL),9,2017|2018|2019|2020|2021|2022|2023|2024|2025,True,True
39.15,1.95,North-Eastern,Arid & Semi-Arid (ASAL),9,2017|2018|2019|2020|2021|2022|2023|2024|2025,True,True
39.25,1.95,North-Eastern,Arid & Semi-Arid (ASAL),9,2017|2018|2019|2020|2021|2022|2023|2024|2025,True,True
39.35,1.95,North-Eastern,Arid & Semi-Arid (ASAL),9,2017|2018|2019|2020|2021|2022|2023|2024|2025,True,True
39.45,1.95,North-Eastern,Arid & Semi-Arid (ASAL),9,2017|2018|2019|2020|2021|2022|2023|2024|2025,True,True
39.55,1.95,North-Eastern,Arid & Semi-Arid (ASAL),9,2017|2018|2019|2020|2021|2022|2023|2024|2025,True,True
39.65,1.95,North-Eastern,Arid & Semi-Arid (ASAL),9,2017|2018|2019|2020|2021|2022|2023|2024|2025,True,True
39.75,1.95,North-Eastern,Arid & Semi-Arid (ASAL),9,2017|2018|2019|2020|2021|2022|2023|2024|2025,True,True
39.85,1.95,North-Eastern,Arid & Semi-Arid (ASAL),9,2017|2018|2019|2020|2021|2022|2023|2024|2025,True,True
39.95,1.95,North-Eastern,Arid & Semi-Arid (ASAL),9,2017|2018|2019|2020|2021|2022|2023|2024|2025,True,True
40.05,1.95,North-Eastern,Arid & Semi-Arid (ASAL),9,2017|2018|2019|2020|2021|2022|2023|2024|2025,True,True
40.15,1.95,North-Eastern,Arid & Semi-Arid (ASAL),9,2017|2018|2019|2020|2021|2022|2023|2024|2025,True,True
40.25,1.95,North-Eastern,Arid & Semi-Arid (ASAL),9,2017|2018|2019|2020|2021|2022|2023|2024|2025,True,True
40.35,1.95,North-Eastern,Arid & Semi-Arid (ASAL),9,2017|2018|2019|2020|2021|2022|2023|2024|2025,True,True
40.45,1.95,North-Eastern,Arid & Semi-Arid (ASAL),9,2017|2018|2019|2020|2021|2022|2023|2024|2025,True,True
40.55,1.95,North-Eastern,Arid & Semi-Arid (ASAL),9,2017|2018|2019|2020|2021|2022|2023|2024|2025,True,True
40.65,1.95,North-Eastern,Arid & Semi-Arid (ASAL),9,2017|2018|2019|2020|2021|2022|2023|2024|2025,True,True
40.75,1.95,North-Eastern,Arid & Semi-Arid (ASAL),9,2017|2018|2019|2020|2021|2022|2023|2024|2025,True,True
40.85,1.95,North-Eastern,Arid & Semi-Arid (ASAL),9,2017|2018|2019|2020|2021|2022|2023|2024|2025,True,True
40.95,1.95,North-Eastern,Arid & Semi-Arid (ASAL),9,2017|2018|2019|2020|2021|2022|2023|2024|2025,True,True
35.05,1.85,Rift Valley,Highlands & Rift,9,2017|2018|2019|2020|2021|2022|2023|2024|2025,True,True
35.15,1.85,Rift Valley,Highlands & Rift,9,2017|2018|2019|2020|2021|2022|2023|2024|2025,True,True
35.25,1.85,Rift Valley,Highlands & Rift,9,2017|2018|2019|2020|2021|2022|2023|2024|2025,True,True
35.35,1.85,Rift Valley,Highlands & Rift,9,2017|2018|2019|2020|2021|2022|2023|2024|2025,True,True
35.45,1.85,Rift Valley,Highlands & Rift,9,2017|2018|2019|2020|2021|2022|2023|2024|2025,True,True
35.55,1.85,Rift Valley,Highlands & Rift,9,2017|2018|2019|2020|2021|2022|2023|2024|2025,True,True
35.65,1.85,Rift Valley,Highlands & Rift,9,2017|2018|2019|2020|2021|2022|2023|2024|2025,True,True
35.75,1.85,Rift Valley,Highlands & Rift,9,2017|2018|2019|2020|2021|2022|2023|2024|2025,True,True
35.85,1.85,Rift Valley,Highlands & Rift,9,2017|2018|2019|2020|2021|2022|2023|2024|2025,True,True
35.95,1.85,Rift Valley,Highlands & Rift,9,2017|2018|2019|2020|2021|2022|2023|2024|2025,True,True
36.05,1.85,Rift Valley,Highlands & Rift,9,2017|2018|2019|2020|2021|2022|2023|2024|2025,True,True
36.15,1.85,Rift Valley,Highlands & Rift,9,2017|2018|2019|2020|2021|2022|2023|2024|2025,True,True
36.25,1.85,Rift Valley,Highlands & Rift,9,2017|2018|2019|2020|2021|2022|2023|2024|2025,True,True
36.35,1.85,Rift Valley,Highlands & Rift,9,2017|2018|2019|2020|2021|2022|2023|2024|2025,True,True
36.45,1.85,Rift Valley,Highlands & Rift,9,2017|2018|2019|2020|2021|2022|2023|2024|2025,True,True
36.55,1.85,Rift Valley,Highlands & Rift,9,2017|2018|2019|2020|2021|2022|2023|2024|2025,True,True
36.65,1.85,Rift Valley,Highlands & Rift,9,2017|2018|2019|2020|2021|2022|2023|2024|2025,True,True
36.75,1.85,Rift Valley,Highlands & Rift,9,2017|2018|2019|2020|2021|2022|2023|2024|2025,True,True
36.85,1.85,Rift Valley,Highlands & Rift,9,2017|2018|2019|2020|2021|2022|2023|2024|2025,True,True
36.95,1.85,Rift Valley,Highlands & Rift,9,2017|2018|2019|2020|2021|2022|2023|2024|2025,True,True
37.05,1.85,Rift Valley,Highlands & Rift,9,2017|2018|2019|2020|2021|2022|2023|2024|2025,True,True
37.15,1.85,Rift Valley,Highlands & Rift,9,2017|2018|2019|2020|2021|2022|2023|2024|2025,True,True
37.25,1.85,Rift Valley,Highlands & Rift,9,2017|2018|2019|2020|2021|2022|2023|2024|2025,True,True
37.35,1.85,Eastern,Arid & Semi-Arid (ASAL),9,2017|2018|2019|2020|2021|2022|2023|2024|2025,True,True
37.45,1.85,Eastern,Arid & Semi-Arid (ASAL),9,2017|2018|2019|2020|2021|2022|2023|2024|2025,True,True
37.55,1.85,Eastern,Arid & Semi-Arid (ASAL),9,2017|2018|2019|2020|2021|2022|2023|2024|2025,True,True
37.65,1.85,Eastern,Arid & Semi-Arid (ASAL),9,2017|2018|2019|2020|2021|2022|2023|2024|2025,True,True
37.75,1.85,Eastern,Arid & Semi-Arid (ASAL),9,2017|2018|2019|2020|2021|2022|2023|2024|2025,True,True
37.85,1.85,Eastern,Arid & Semi-Arid (ASAL),9,2017|2018|2019|2020|2021|2022|2023|2024|2025,True,True
37.95,1.85,Eastern,Arid & Semi-Arid (ASAL),9,2017|2018|2019|2020|2021|2022|2023|2024|2025,True,True
38.05,1.85,Eastern,Arid & Semi-Arid (ASAL),9,2017|2018|2019|2020|2021|2022|2023|2024|2025,True,True
38.15,1.85,Eastern,Arid & Semi-Arid (ASAL),9,2017|2018|2019|2020|2021|2022|2023|2024|2025,True,True
38.25,1.85,Eastern,Arid & Semi-Arid (ASAL),9,2017|2018|2019|2020|2021|2022|2023|2024|2025,True,True
38.35,1.85,Eastern,Arid & Semi-Arid (ASAL),9,2017|2018|2019|2020|2021|2022|2023|2024|2025,True,True
38.45,1.85,Eastern,Arid & Semi-Arid (ASAL),9,2017|2018|2019|2020|2021|2022|2023|2024|2025,True,True
38.55,1.85,Eastern,Arid & Semi-Arid (ASAL),9,2017|2018|2019|2020|2021|2022|2023|2024|2025,True,True
38.65,1.85,Eastern,Arid & Semi-Arid (ASAL),9,2017|2018|2019|2020|2021|2022|2023|2024|2025,True,True
38.75,1.85,Eastern,Arid & Semi-Arid (ASAL),9,2017|2018|2019|2020|2021|2022|2023|2024|2025,True,True
38.85,1.85,Eastern,Arid & Semi-Arid (ASAL),9,2017|2018|2019|2020|2021|2022|2023|2024|2025,True,True
38.95,1.85,Eastern,Arid & Semi-Arid (ASAL),9,2017|2018|2019|2020|2021|2022|2023|2024|2025,True,True
39.05,1.85,Eastern,Arid & Semi-Arid (ASAL),9,2017|2018|2019|2020|2021|2022|2023|2024|2025,True,True
39.15,1.85,North-Eastern,Arid & Semi-Arid (ASAL),9,2017|2018|2019|2020|2021|2022|2023|2024|2025,True,True
39.25,1.85,North-Eastern,Arid & Semi-Arid (ASAL),9,2017|2018|2019|2020|2021|2022|2023|2024|2025,True,True
39.35,1.85,North-Eastern,Arid & Semi-Arid (ASAL),9,2017|2018|2019|2020|2021|2022|2023|2024|2025,True,True
39.45,1.85,North-Eastern,Arid & Semi-Arid (ASAL),9,2017|2018|2019|2020|2021|2022|2023|2024|2025,True,True
39.55,1.85,North-Eastern,Arid & Semi-Arid (ASAL),9,2017|2018|2019|2020|2021|2022|2023|2024|2025,True,True
39.65,1.85,North-Eastern,Arid & Semi-Arid (ASAL),9,2017|2018|2019|2020|2021|2022|2023|2024|2025,True,True
39.75,1.85,North-Eastern,Arid & Semi-Arid (ASAL),9,2017|2018|2019|2020|2021|2022|2023|2024|2025,True,True
39.85,1.85,North-Eastern,Arid & Semi-Arid (ASAL),9,2017|2018|2019|2020|2021|2022|2023|2024|2025,True,True
39.95,1.85,North-Eastern,Arid & Semi-Arid (ASAL),9,2017|2018|2019|2020|2021|2022|2023|2024|2025,True,True
40.05,1.85,North-Eastern,Arid & Semi-Arid (ASAL),9,2017|2018|2019|2020|2021|2022|2023|2024|2025,True,True
40.15,1.85,North-Eastern,Arid & Semi-Arid (ASAL),9,2017|2018|2019|2020|2021|2022|2023|2024|2025,True,True
40.25,1.85,North-Eastern,Arid & Semi-Arid (ASAL),9,2017|2018|2019|2020|2021|2022|2023|2024|2025,True,True
40.35,1.85,North-Eastern,Arid & Semi-Arid (ASAL),9,2017|2018|2019|2020|2021|2022|2023|2024|2025,True,True
40.45,1.85,North-Eastern,Arid & Semi-Arid (ASAL),9,2017|2018|2019|2020|2021|2022|2023|2024|2025,True,True
40.55,1.85,North-Eastern,Arid & Semi-Arid (ASAL),9,2017|2018|2019|2020|2021|2022|2023|2024|2025,True,True
40.65,1.85,North-Eastern,Arid & Semi-Arid (ASAL),9,2017|2018|2019|2020|2021|2022|2023|2024|2025,True,True
40.75,1.85,North-Eastern,Arid & Semi-Arid (ASAL),9,2017|2018|2019|2020|2021|2022|2023|2024|2025,True,True
40.85,1.85,North-Eastern,Arid & Semi-Arid (ASAL),9,2017|2018|2019|2020|2021|2022|2023|2024|2025,True,True
40.95,1.85,North-Eastern,Arid & Semi-Arid (ASAL),9,2017|2018|2019|2020|2021|2022|2023|2024|2025,True,True
35.05,1.75,Rift Valley,Highlands & Rift,9,2017|2018|2019|2020|2021|2022|2023|2024|2025,True,True
35.15,1.75,Rift Valley,Highlands & Rift,9,2017|2018|2019|2020|2021|2022|2023|2024|2025,True,True
35.25,1.75,Rift Valley,Highlands & Rift,9,2017|2018|2019|2020|2021|2022|2023|2024|2025,True,True
35.35,1.75,Rift Valley,Highlands & Rift,9,2017|2018|2019|2020|2021|2022|2023|2024|2025,True,True
35.45,1.75,Rift Valley,Highlands & Rift,9,2017|2018|2019|2020|2021|2022|2023|2024|2025,True,True
35.55,1.75,Rift Valley,Highlands & Rift,9,2017|2018|2019|2020|2021|2022|2023|2024|2025,True,True
35.65,1.75,Rift Valley,Highlands & Rift,9,2017|2018|2019|2020|2021|2022|2023|2024|2025,True,True
35.75,1.75,Rift Valley,Highlands & Rift,9,2017|2018|2019|2020|2021|2022|2023|2024|2025,True,True
35.85,1.75,Rift Valley,Highlands & Rift,9,2017|2018|2019|2020|2021|2022|2023|2024|2025,True,True
35.95,1.75,Rift Valley,Highlands & Rift,9,2017|2018|2019|2020|2021|2022|2023|2024|2025,True,True
36.05,1.75,Rift Valley,Highlands & Rift,9,2017|2018|2019|2020|2021|2022|2023|2024|2025,True,True
36.15,1.75,Rift Valley,Highlands & Rift,9,2017|2018|2019|2020|2021|2022|2023|2024|2025,True,True
36.25,1.75,Rift Valley,Highlands & Rift,9,2017|2018|2019|2020|2021|2022|2023|2024|2025,True,True
36.35,1.75,Rift Valley,Highlands & Rift,9,2017|2018|2019|2020|2021|2022|2023|2024|2025,True,True
36.45,1.75,Rift Valley,Highlands & Rift,9,2017|2018|2019|2020|2021|2022|2023|2024|2025,True,True
36.55,1.75,Rift Valley,Highlands & Rift,9,2017|2018|2019|2020|2021|2022|2023|2024|2025,True,True
36.65,1.75,Rift Valley,Highlands & Rift,9,2017|2018|2019|2020|2021|2022|2023|2024|2025,True,True
36.75,1.75,Rift Valley,Highlands & Rift,9,2017|2018|2019|2020|2021|2022|2023|2024|2025,True,True
36.85,1.75,Rift Valley,Highlands & Rift,9,2017|2018|2019|2020|2021|2022|2023|2024|2025,True,True
36.95,1.75,Rift Valley,Highlands & Rift,9,2017|2018|2019|2020|2021|2022|2023|2024|2025,True,True
37.05,1.75,Rift Valley,Highlands & Rift,9,2017|2018|2019|2020|2021|2022|2023|2024|2025,True,True
37.15,1.75,Rift Valley,Highlands & Rift,9,2017|2018|2019|2020|2021|2022|2023|2024|2025,True,True
37.25,1.75,Rift Valley,Highlands & Rift,9,2017|2018|2019|2020|2021|2022|2023|2024|2025,True,True
37.35,1.75,Rift Valley,Highlands & Rift,9,2017|2018|2019|2020|2021|2022|2023|2024|2025,True,True
37.45,1.75,Eastern,Arid & Semi-Arid (ASAL),9,2017|2018|2019|2020|2021|2022|2023|2024|2025,True,True
37.55,1.75,Eastern,Arid & Semi-Arid (ASAL),9,2017|2018|2019|2020|2021|2022|2023|2024|2025,True,True
37.65,1.75,Eastern,Arid & Semi-Arid (ASAL),9,2017|2018|2019|2020|2021|2022|2023|2024|2025,True,True
37.75,1.75,Eastern,Arid & Semi-Arid (ASAL),9,2017|2018|2019|2020|2021|2022|2023|2024|2025,True,True
37.85,1.75,Eastern,Arid & Semi-Arid (ASAL),9,2017|2018|2019|2020|2021|2022|2023|2024|2025,True,True
37.95,1.75,Eastern,Arid & Semi-Arid (ASAL),9,2017|2018|2019|2020|2021|2022|2023|2024|2025,True,True
38.05,1.75,Eastern,Arid & Semi-Arid (ASAL),9,2017|2018|2019|2020|2021|2022|2023|2024|2025,True,True
38.15,1.75,Eastern,Arid & Semi-Arid (ASAL),9,2017|2018|2019|2020|2021|2022|2023|2024|2025,True,True
38.25,1.75,Eastern,Arid & Semi-Arid (ASAL),9,2017|2018|2019|2020|2021|2022|2023|2024|2025,True,True
38.35,1.75,Eastern,Arid & Semi-Arid (ASAL),9,2017|2018|2019|2020|2021|2022|2023|2024|2025,True,True
38.45,1.75,Eastern,Arid & Semi-Arid (ASAL),9,2017|2018|2019|2020|2021|2022|2023|2024|2025,True,True
38.55,1.75,Eastern,Arid & Semi-Arid (ASAL),9,2017|2018|2019|2020|2021|2022|2023|2024|2025,True,True
38.65,1.75,Eastern,Arid & Semi-Arid (ASAL),9,2017|2018|2019|2020|2021|2022|2023|2024|2025,True,True
38.75,1.75,Eastern,Arid & Semi-Arid (ASAL),9,2017|2018|2019|2020|2021|2022|2023|2024|2025,True,True
38.85,1.75,Eastern,Arid & Semi-Arid (ASAL),9,2017|2018|2019|2020|2021|2022|2023|2024|2025,True,True
38.95,1.75,Eastern,Arid & Semi-Arid (ASAL),9,2017|2018|2019|2020|2021|2022|2023|2024|2025,True,True
39.05,1.75,Eastern,Arid & Semi-Arid (ASAL),9,2017|2018|2019|2020|2021|2022|2023|2024|2025,True,True
39.15,1.75,Eastern,Arid & Semi-Arid (ASAL),9,2017|2018|2019|2020|2021|2022|2023|2024|2025,True,True
39.25,1.75,North-Eastern,Arid & Semi-Arid (ASAL),9,2017|2018|2019|2020|2021|2022|2023|2024|2025,True,True
39.35,1.75,North-Eastern,Arid & Semi-Arid (ASAL),9,2017|2018|2019|2020|2021|2022|2023|2024|2025,True,True
39.45,1.75,North-Eastern,Arid & Semi-Arid (ASAL),9,2017|2018|2019|2020|2021|2022|2023|2024|2025,True,True
39.55,1.75,North-Eastern,Arid & Semi-Arid (ASAL),9,2017|2018|2019|2020|2021|2022|2023|2024|2025,True,True
39.65,1.75,North-Eastern,Arid & Semi-Arid (ASAL),9,2017|2018|2019|2020|2021|2022|2023|2024|2025,True,True
39.75,1.75,North-Eastern,Arid & Semi-Arid (ASAL),9,2017|2018|2019|2020|2021|2022|2023|2024|2025,True,True
39.85,1.75,North-Eastern,Arid & Semi-Arid (ASAL),9,2017|2018|2019|2020|2021|2022|2023|2024|2025,True,True
39.95,1.75,North-Eastern,Arid & Semi-Arid (ASAL),9,2017|2018|2019|2020|2021|2022|2023|2024|2025,True,True
40.05,1.75,North-Eastern,Arid & Semi-Arid (ASAL),9,2017|2018|2019|2020|2021|2022|2023|2024|2025,True,True
40.15,1.75,North-Eastern,Arid & Semi-Arid (ASAL),9,2017|2018|2019|2020|2021|2022|2023|2024|2025,True,True
40.25,1.75,North-Eastern,Arid & Semi-Arid (ASAL),9,2017|2018|2019|2020|2021|2022|2023|2024|2025,True,True
40.35,1.75,North-Eastern,Arid & Semi-Arid (ASAL),9,2017|2018|2019|2020|2021|2022|2023|2024|2025,True,True
40.45,1.75,North-Eastern,Arid & Semi-Arid (ASAL),9,2017|2018|2019|2020|2021|2022|2023|2024|2025,True,True
40.55,1.75,North-Eastern,Arid & Semi-Arid (ASAL),9,2017|2018|2019|2020|2021|2022|2023|2024|2025,True,True
40.65,1.75,North-Eastern,Arid & Semi-Arid (ASAL),9,2017|2018|2019|2020|2021|2022|2023|2024|2025,True,True
40.75,1.75,North-Eastern,Arid & Semi-Arid (ASAL),9,2017|2018|2019|2020|2021|2022|2023|2024|2025,True,True
40.85,1.75,North-Eastern,Arid & Semi-Arid (ASAL),9,2017|2018|2019|2020|2021|2022|2023|2024|2025,True,True
40.95,1.75,North-Eastern,Arid & Semi-Arid (ASAL),9,2017|2018|2019|2020|2021|2022|2023|2024|2025,True,True
35.05,1.65,Rift Valley,Highlands & Rift,9,2017|2018|2019|2020|2021|2022|2023|2024|2025,True,True
35.15,1.65,Rift Valley,Highlands & Rift,9,2017|2018|2019|2020|2021|2022|2023|2024|2025,True,True
35.25,1.65,Rift Valley,Highlands & Rift,9,2017|2018|2019|2020|2021|2022|2023|2024|2025,True,True
35.35,1.65,Rift Valley,Highlands & Rift,9,2017|2018|2019|2020|2021|2022|2023|2024|2025,True,True
35.45,1.65,Rift Valley,Highlands & Rift,9,2017|2018|2019|2020|2021|2022|2023|2024|2025,True,True
35.55,1.65,Rift Valley,Highlands & Rift,9,2017|2018|2019|2020|2021|2022|2023|2024|2025,True,True
35.65,1.65,Rift Valley,Highlands & Rift,9,2017|2018|2019|2020|2021|2022|2023|2024|2025,True,True
35.75,1.65,Rift Valley,Highlands & Rift,9,2017|2018|2019|2020|2021|2022|2023|2024|2025,True,True
35.85,1.65,Rift Valley,Highlands & Rift,9,2017|2018|2019|2020|2021|2022|2023|2024|2025,True,True
35.95,1.65,Rift Valley,Highlands & Rift,9,2017|2018|2019|2020|2021|2022|2023|2024|2025,True,True
36.05,1.65,Rift Valley,Highlands & Rift,9,2017|2018|2019|2020|2021|2022|2023|2024|2025,True,True
36.15,1.65,Rift Valley,Highlands & Rift,9,2017|2018|2019|2020|2021|2022|2023|2024|2025,True,True
36.25,1.65,Rift Valley,Highlands & Rift,9,2017|2018|2019|2020|2021|2022|2023|2024|2025,True,True
36.35,1.65,Rift Valley,Highlands & Rift,9,2017|2018|2019|2020|2021|2022|2023|2024|2025,True,True
36.45,1.65,Rift Valley,Highlands & Rift,9,2017|2018|2019|2020|2021|2022|2023|2024|2025,True,True
36.55,1.65,Rift Valley,Highlands & Rift,9,2017|2018|2019|2020|2021|2022|2023|2024|2025,True,True
36.65,1.65,Rift Valley,Highlands & Rift,9,2017|2018|2019|2020|2021|2022|2023|2024|2025,True,True
36.75,1.65,Rift Valley,Highlands & Rift,9,2017|2018|2019|2020|2021|2022|2023|2024|2025,True,True
36.85,1.65,Rift Valley,Highlands & Rift,9,2017|2018|2019|2020|2021|2022|2023|2024|2025,True,True
36.95,1.65,Rift Valley,Highlands & Rift,9,2017|2018|2019|2020|2021|2022|2023|2024|2025,True,True
37.05,1.65,Rift Valley,Highlands & Rift,9,2017|2018|2019|2020|2021|2022|2023|2024|2025,True,True
37.15,1.65,Rift Valley,Highlands & Rift,9,2017|2018|2019|2020|2021|2022|2023|2024|2025,True,True
37.25,1.65,Rift Valley,Highlands & Rift,9,2017|2018|2019|2020|2021|2022|2023|2024|2025,True,True
37.35,1.65,Rift Valley,Highlands & Rift,9,2017|2018|2019|2020|2021|2022|2023|2024|2025,True,True
37.45,1.65,Eastern,Arid & Semi-Arid (ASAL),9,2017|2018|2019|2020|2021|2022|2023|2024|2025,True,True
37.55,1.65,Eastern,Arid & Semi-Arid (ASAL),9,2017|2018|2019|2020|2021|2022|2023|2024|2025,True,True
37.65,1.65,Eastern,Arid & Semi-Arid (ASAL),9,2017|2018|2019|2020|2021|2022|2023|2024|2025,True,True
37.75,1.65,Eastern,Arid & Semi-Arid (ASAL),9,2017|2018|2019|2020|2021|2022|2023|2024|2025,True,True
37.85,1.65,Eastern,Arid & Semi-Arid (ASAL),9,2017|2018|2019|2020|2021|2022|2023|2024|2025,True,True
37.95,1.65,Eastern,Arid & Semi-Arid (ASAL),9,2017|2018|2019|2020|2021|2022|2023|2024|2025,True,True
38.05,1.65,Eastern,Arid & Semi-Arid (ASAL),9,2017|2018|2019|2020|2021|2022|2023|2024|2025,True,True
38.15,1.65,Eastern,Arid & Semi-Arid (ASAL),9,2017|2018|2019|2020|2021|2022|2023|2024|2025,True,True
38.25,1.65,Eastern,Arid & Semi-Arid (ASAL),9,2017|2018|2019|2020|2021|2022|2023|2024|2025,True,True
38.35,1.65,Eastern,Arid & Semi-Arid (ASAL),9,2017|2018|2019|2020|2021|2022|2023|2024|2025,True,True
38.45,1.65,Eastern,Arid & Semi-Arid (ASAL),9,2017|2018|2019|2020|2021|2022|2023|2024|2025,True,True
38.55,1.65,Eastern,Arid & Semi-Arid (ASAL),9,2017|2018|2019|2020|2021|2022|2023|2024|2025,True,True
38.65,1.65,Eastern,Arid & Semi-Arid (ASAL),9,2017|2018|2019|2020|2021|2022|2023|2024|2025,True,True
38.75,1.65,Eastern,Arid & Semi-Arid (ASAL),9,2017|2018|2019|2020|2021|2022|2023|2024|2025,True,True
38.85,1.65,Eastern,Arid & Semi-Arid (ASAL),9,2017|2018|2019|2020|2021|2022|2023|2024|2025,True,True
38.95,1.65,Eastern,Arid & Semi-Arid (ASAL),9,2017|2018|2019|2020|2021|2022|2023|2024|2025,True,True
39.05,1.65,Eastern,Arid & Semi-Arid (ASAL),9,2017|2018|2019|2020|2021|2022|2023|2024|2025,True,True
39.15,1.65,Eastern,Arid & Semi-Arid (ASAL),9,2017|2018|2019|2020|2021|2022|2023|2024|2025,True,True
39.25,1.65,Eastern,Arid & Semi-Arid (ASAL),9,2017|2018|2019|2020|2021|2022|2023|2024|2025,True,True
39.35,1.65,North-Eastern,Arid & Semi-Arid (ASAL),9,2017|2018|2019|2020|2021|2022|2023|2024|2025,True,True
39.45,1.65,North-Eastern,Arid & Semi-Arid (ASAL),9,2017|2018|2019|2020|2021|2022|2023|2024|2025,True,True
39.55,1.65,North-Eastern,Arid & Semi-Arid (ASAL),9,2017|2018|2019|2020|2021|2022|2023|2024|2025,True,True
39.65,1.65,North-Eastern,Arid & Semi-Arid (ASAL),9,2017|2018|2019|2020|2021|2022|2023|2024|2025,True,True
39.75,1.65,North-Eastern,Arid & Semi-Arid (ASAL),9,2017|2018|2019|2020|2021|2022|2023|2024|2025,True,True
39.85,1.65,North-Eastern,Arid & Semi-Arid (ASAL),9,2017|2018|2019|2020|2021|2022|2023|2024|2025,True,True
39.95,1.65,North-Eastern,Arid & Semi-Arid (ASAL),9,2017|2018|2019|2020|2021|2022|2023|2024|2025,True,True
40.05,1.65,North-Eastern,Arid & Semi-Arid (ASAL),9,2017|2018|2019|2020|2021|2022|2023|2024|2025,True,True
40.15,1.65,North-Eastern,Arid & Semi-Arid (ASAL),9,2017|2018|2019|2020|2021|2022|2023|2024|2025,True,True
40.25,1.65,North-Eastern,Arid & Semi-Arid (ASAL),9,2017|2018|2019|2020|2021|2022|2023|2024|2025,True,True
40.35,1.65,North-Eastern,Arid & Semi-Arid (ASAL),9,2017|2018|2019|2020|2021|2022|2023|2024|2025,True,True
40.45,1.65,North-Eastern,Arid & Semi-Arid (ASAL),9,2017|2018|2019|2020|2021|2022|2023|2024|2025,True,True
40.55,1.65,North-Eastern,Arid & Semi-Arid (ASAL),9,2017|2018|2019|2020|2021|2022|2023|2024|2025,True,True
40.65,1.65,North-Eastern,Arid & Semi-Arid (ASAL),9,2017|2018|2019|2020|2021|2022|2023|2024|2025,True,True
40.75,1.65,North-Eastern,Arid & Semi-Arid (ASAL),9,2017|2018|2019|2020|2021|2022|2023|2024|2025,True,True
40.85,1.65,North-Eastern,Arid & Semi-Arid (ASAL),9,2017|2018|2019|2020|2021|2022|2023|2024|2025,True,True
40.95,1.65,North-Eastern,Arid & Semi-Arid (ASAL),9,2017|2018|2019|2020|2021|2022|2023|2024|2025,True,True
34.95,1.55,Rift Valley,Highlands & Rift,9,2017|2018|2019|2020|2021|2022|2023|2024|2025,True,True
35.05,1.55,Rift Valley,Highlands & Rift,9,2017|2018|2019|2020|2021|2022|2023|2024|2025,True,True
35.15,1.55,Rift Valley,Highlands & Rift,9,2017|2018|2019|2020|2021|2022|2023|2024|2025,True,True
35.25,1.55,Rift Valley,Highlands & Rift,9,2017|2018|2019|2020|2021|2022|2023|2024|2025,True,True
35.35,1.55,Rift Valley,Highlands & Rift,9,2017|2018|2019|2020|2021|2022|2023|2024|2025,True,True
35.45,1.55,Rift Valley,Highlands & Rift,9,2017|2018|2019|2020|2021|2022|2023|2024|2025,True,True
35.55,1.55,Rift Valley,Highlands & Rift,9,2017|2018|2019|2020|2021|2022|2023|2024|2025,True,True
35.65,1.55,Rift Valley,Highlands & Rift,9,2017|2018|2019|2020|2021|2022|2023|2024|2025,True,True
35.75,1.55,Rift Valley,Highlands & Rift,9,2017|2018|2019|2020|2021|2022|2023|2024|2025,True,True
35.85,1.55,Rift Valley,Highlands & Rift,9,2017|2018|2019|2020|2021|2022|2023|2024|2025,True,True
35.95,1.55,Rift Valley,Highlands & Rift,9,2017|2018|2019|2020|2021|2022|2023|2024|2025,True,True
36.05,1.55,Rift Valley,Highlands & Rift,9,2017|2018|2019|2020|2021|2022|2023|2024|2025,True,True
36.15,1.55,Rift Valley,Highlands & Rift,9,2017|2018|2019|2020|2021|2022|2023|2024|2025,True,True
36.25,1.55,Rift Valley,Highlands & Rift,9,2017|2018|2019|2020|2021|2022|2023|2024|2025,True,True
36.35,1.55,Rift Valley,Highlands & Rift,9,2017|2018|2019|2020|2021|2022|2023|2024|2025,True,True
36.45,1.55,Rift Valley,Highlands & Rift,9,2017|2018|2019|2020|2021|2022|2023|2024|2025,True,True
36.55,1.55,Rift Valley,Highlands & Rift,9,2017|2018|2019|2020|2021|2022|2023|2024|2025,True,True
36.65,1.55,Rift Valley,Highlands & Rift,9,2017|2018|2019|2020|2021|2022|2023|2024|2025,True,True
36.75,1.55,Rift Valley,Highlands & Rift,9,2017|2018|2019|2020|2021|2022|2023|2024|2025,True,True
36.85,1.55,Rift Valley,Highlands & Rift,9,2017|2018|2019|2020|2021|2022|2023|2024|2025,True,True
36.95,1.55,Rift Valley,Highlands & Rift,9,2017|2018|2019|2020|2021|2022|2023|2024|2025,True,True
37.05,1.55,Rift Valley,Highlands & Rift,9,2017|2018|2019|2020|2021|2022|2023|2024|2025,True,True
37.15,1.55,Rift Valley,Highlands & Rift,9,2017|2018|2019|2020|2021|2022|2023|2024|2025,True,True
37.25,1.55,Rift Valley,Highlands & Rift,9,2017|2018|2019|2020|2021|2022|2023|2024|2025,True,True
37.35,1.55,Rift Valley,Highlands & Rift,9,2017|2018|2019|2020|2021|2022|2023|2024|2025,True,True
37.45,1.55,Rift Valley,Highlands & Rift,9,2017|2018|2019|2020|2021|2022|2023|2024|2025,True,True
37.55,1.55,Eastern,Arid & Semi-Arid (ASAL),9,2017|2018|2019|2020|2021|2022|2023|2024|2025,True,True
37.65,1.55,Eastern,Arid & Semi-Arid (ASAL),9,2017|2018|2019|2020|2021|2022|2023|2024|2025,True,True
37.75,1.55,Eastern,Arid & Semi-Arid (ASAL),9,2017|2018|2019|2020|2021|2022|2023|2024|2025,True,True
37.85,1.55,Eastern,Arid & Semi-Arid (ASAL),9,2017|2018|2019|2020|2021|2022|2023|2024|2025,True,True
37.95,1.55,Eastern,Arid & Semi-Arid (ASAL),9,2017|2018|2019|2020|2021|2022|2023|2024|2025,True,True
38.05,1.55,Eastern,Arid & Semi-Arid (ASAL),9,2017|2018|2019|2020|2021|2022|2023|2024|2025,True,True
38.15,1.55,Eastern,Arid & Semi-Arid (ASAL),9,2017|2018|2019|2020|2021|2022|2023|2024|2025,True,True
38.25,1.55,Eastern,Arid & Semi-Arid (ASAL),9,2017|2018|2019|2020|2021|2022|2023|2024|2025,True,True
38.35,1.55,Eastern,Arid & Semi-Arid (ASAL),9,2017|2018|2019|2020|2021|2022|2023|2024|2025,True,True
38.45,1.55,Eastern,Arid & Semi-Arid (ASAL),9,2017|2018|2019|2020|2021|2022|2023|2024|2025,True,True
38.55,1.55,Eastern,Arid & Semi-Arid (ASAL),9,2017|2018|2019|2020|2021|2022|2023|2024|2025,True,True
38.65,1.55,Eastern,Arid & Semi-Arid (ASAL),9,2017|2018|2019|2020|2021|2022|2023|2024|2025,True,True
38.75,1.55,Eastern,Arid & Semi-Arid (ASAL),9,2017|2018|2019|2020|2021|2022|2023|2024|2025,True,True
38.85,1.55,Eastern,Arid & Semi-Arid (ASAL),9,2017|2018|2019|2020|2021|2022|2023|2024|2025,True,True
38.95,1.55,Eastern,Arid & Semi-Arid (ASAL),9,2017|2018|2019|2020|2021|2022|2023|2024|2025,True,True
39.05,1.55,Eastern,Arid & Semi-Arid (ASAL),9,2017|2018|2019|2020|2021|2022|2023|2024|2025,True,True
39.15,1.55,Eastern,Arid & Semi-Arid (ASAL),9,2017|2018|2019|2020|2021|2022|2023|2024|2025,True,True
39.25,1.55,Eastern,Arid & Semi-Arid (ASAL),9,2017|2018|2019|2020|2021|2022|2023|2024|2025,True,True
39.35,1.55,Eastern,Arid & Semi-Arid (ASAL),9,2017|2018|2019|2020|2021|2022|2023|2024|2025,True,True
39.45,1.55,North-Eastern,Arid & Semi-Arid (ASAL),9,2017|2018|2019|2020|2021|2022|2023|2024|2025,True,True
39.55,1.55,North-Eastern,Arid & Semi-Arid (ASAL),9,2017|2018|2019|2020|2021|2022|2023|2024|2025,True,True
39.65,1.55,North-Eastern,Arid & Semi-Arid (ASAL),9,2017|2018|2019|2020|2021|2022|2023|2024|2025,True,True
39.75,1.55,North-Eastern,Arid & Semi-Arid (ASAL),9,2017|2018|2019|2020|2021|2022|2023|2024|2025,True,True
39.85,1.55,North-Eastern,Arid & Semi-Arid (ASAL),9,2017|2018|2019|2020|2021|2022|2023|2024|2025,True,True
39.95,1.55,North-Eastern,Arid & Semi-Arid (ASAL),9,2017|2018|2019|2020|2021|2022|2023|2024|2025,True,True
40.05,1.55,North-Eastern,Arid & Semi-Arid (ASAL),9,2017|2018|2019|2020|2021|2022|2023|2024|2025,True,True
40.15,1.55,North-Eastern,Arid & Semi-Arid (ASAL),9,2017|2018|2019|2020|2021|2022|2023|2024|2025,True,True
40.25,1.55,North-Eastern,Arid & Semi-Arid (ASAL),9,2017|2018|2019|2020|2021|2022|2023|2024|2025,True,True
40.35,1.55,North-Eastern,Arid & Semi-Arid (ASAL),9,2017|2018|2019|2020|2021|2022|2023|2024|2025,True,True
40.45,1.55,North-Eastern,Arid & Semi-Arid (ASAL),9,2017|2018|2019|2020|2021|2022|2023|2024|2025,True,True
40.55,1.55,North-Eastern,Arid & Semi-Arid (ASAL),9,2017|2018|2019|2020|2021|2022|2023|2024|2025,True,True
40.65,1.55,North-Eastern,Arid & Semi-Arid (ASAL),9,2017|2018|2019|2020|2021|2022|2023|2024|2025,True,True
40.75,1.55,North-Eastern,Arid & Semi-Arid (ASAL),9,2017|2018|2019|2020|2021|2022|2023|2024|2025,True,True
40.85,1.55,North-Eastern,Arid & Semi-Arid (ASAL),9,2017|2018|2019|2020|2021|2022|2023|2024|2025,True,True
40.95,1.55,North-Eastern,Arid & Semi-Arid (ASAL),9,2017|2018|2019|2020|2021|2022|2023|2024|2025,True,True
34.85,1.45,Rift Valley,Highlands & Rift,9,2017|2018|2019|2020|2021|2022|2023|2024|2025,True,True
34.95,1.45,Rift Valley,Highlands & Rift,9,2017|2018|2019|2020|2021|2022|2023|2024|2025,True,True
35.05,1.45,Rift Valley,Highlands & Rift,9,2017|2018|2019|2020|2021|2022|2023|2024|2025,True,True
35.15,1.45,Rift Valley,Highlands & Rift,9,2017|2018|2019|2020|2021|2022|2023|2024|2025,True,True
35.25,1.45,Rift Valley,Highlands & Rift,9,2017|2018|2019|2020|2021|2022|2023|2024|2025,True,True
35.35,1.45,Rift Valley,Highlands & Rift,9,2017|2018|2019|2020|2021|2022|2023|2024|2025,True,True
35.45,1.45,Rift Valley,Highlands & Rift,9,2017|2018|2019|2020|2021|2022|2023|2024|2025,True,True
35.55,1.45,Rift Valley,Highlands & Rift,9,2017|2018|2019|2020|2021|2022|2023|2024|2025,True,True
35.65,1.45,Rift Valley,Highlands & Rift,9,2017|2018|2019|2020|2021|2022|2023|2024|2025,True,True
35.75,1.45,Rift Valley,Highlands & Rift,9,2017|2018|2019|2020|2021|2022|2023|2024|2025,True,True
35.85,1.45,Rift Valley,Highlands & Rift,9,2017|2018|2019|2020|2021|2022|2023|2024|2025,True,True
35.95,1.45,Rift Valley,Highlands & Rift,9,2017|2018|2019|2020|2021|2022|2023|2024|2025,True,True
36.05,1.45,Rift Valley,Highlands & Rift,9,2017|2018|2019|2020|2021|2022|2023|2024|2025,True,True
36.15,1.45,Rift Valley,Highlands & Rift,9,2017|2018|2019|2020|2021|2022|2023|2024|2025,True,True
36.25,1.45,Rift Valley,Highlands & Rift,9,2017|2018|2019|2020|2021|2022|2023|2024|2025,True,True
36.35,1.45,Rift Valley,Highlands & Rift,9,2017|2018|2019|2020|2021|2022|2023|2024|2025,True,True
36.45,1.45,Rift Valley,Highlands & Rift,9,2017|2018|2019|2020|2021|2022|2023|2024|2025,True,True
36.55,1.45,Rift Valley,Highlands & Rift,9,2017|2018|2019|2020|2021|2022|2023|2024|2025,True,True
36.65,1.45,Rift Valley,Highlands & Rift,9,2017|2018|2019|2020|2021|2022|2023|2024|2025,True,True
36.75,1.45,Rift Valley,Highlands & Rift,9,2017|2018|2019|2020|2021|2022|2023|2024|2025,True,True
36.85,1.45,Rift Valley,Highlands & Rift,9,2017|2018|2019|2020|2021|2022|2023|2024|2025,True,True
36.95,1.45,Rift Valley,Highlands & Rift,9,2017|2018|2019|2020|2021|2022|2023|2024|2025,True,True
37.05,1.45,Rift Valley,Highlands & Rift,9,2017|2018|2019|2020|2021|2022|2023|2024|2025,True,True
37.15,1.45,Rift Valley,Highlands & Rift,9,2017|2018|2019|2020|2021|2022|2023|2024|2025,True,True
37.25,1.45,Rift Valley,Highlands & Rift,9,2017|2018|2019|2020|2021|2022|2023|2024|2025,True,True
37.35,1.45,Rift Valley,Highlands & Rift,9,2017|2018|2019|2020|2021|2022|2023|2024|2025,True,True
37.45,1.45,Rift Valley,Highlands & Rift,9,2017|2018|2019|2020|2021|2022|2023|2024|2025,True,True
37.55,1.45,Eastern,Arid & Semi-Arid (ASAL),9,2017|2018|2019|2020|2021|2022|2023|2024|2025,True,True
37.65,1.45,Eastern,Arid & Semi-Arid (ASAL),9,2017|2018|2019|2020|2021|2022|2023|2024|2025,True,True
37.75,1.45,Rift Valley,Highlands & Rift,9,2017|2018|2019|2020|2021|2022|2023|2024|2025,True,True
37.85,1.45,Rift Valley,Highlands & Rift,9,2017|2018|2019|2020|2021|2022|2023|2024|2025,True,True
37.95,1.45,Eastern,Arid & Semi-Arid (ASAL),9,2017|2018|2019|2020|2021|2022|2023|2024|2025,True,True
38.05,1.45,Eastern,Arid & Semi-Arid (ASAL),9,2017|2018|2019|2020|2021|2022|2023|2024|2025,True,True
38.15,1.45,Eastern,Arid & Semi-Arid (ASAL),9,2017|2018|2019|2020|2021|2022|2023|2024|2025,True,True
38.25,1.45,Eastern,Arid & Semi-Arid (ASAL),9,2017|2018|2019|2020|2021|2022|2023|2024|2025,True,True
38.35,1.45,Eastern,Arid & Semi-Arid (ASAL),9,2017|2018|2019|2020|2021|2022|2023|2024|2025,True,True
38.45,1.45,Eastern,Arid & Semi-Arid (ASAL),9,2017|2018|2019|2020|2021|2022|2023|2024|2025,True,True
38.55,1.45,Eastern,Arid & Semi-Arid (ASAL),9,2017|2018|2019|2020|2021|2022|2023|2024|2025,True,True
38.65,1.45,Eastern,Arid & Semi-Arid (ASAL),9,2017|2018|2019|2020|2021|2022|2023|2024|2025,True,True
38.75,1.45,Eastern,Arid & Semi-Arid (ASAL),9,2017|2018|2019|2020|2021|2022|2023|2024|2025,True,True
38.85,1.45,Eastern,Arid & Semi-Arid (ASAL),9,2017|2018|2019|2020|2021|2022|2023|2024|2025,True,True
38.95,1.45,Eastern,Arid & Semi-Arid (ASAL),9,2017|2018|2019|2020|2021|2022|2023|2024|2025,True,True
39.05,1.45,Eastern,Arid & Semi-Arid (ASAL),9,2017|2018|2019|2020|2021|2022|2023|2024|2025,True,True
39.15,1.45,Eastern,Arid & Semi-Arid (ASAL),9,2017|2018|2019|2020|2021|2022|2023|2024|2025,True,True
39.25,1.45,Eastern,Arid & Semi-Arid (ASAL),9,2017|2018|2019|2020|2021|2022|2023|2024|2025,True,True
39.35,1.45,North-Eastern,Arid & Semi-Arid (ASAL),9,2017|2018|2019|2020|2021|2022|2023|2024|2025,True,True
39.45,1.45,North-Eastern,Arid & Semi-Arid (ASAL),9,2017|2018|2019|2020|2021|2022|2023|2024|2025,True,True
39.55,1.45,North-Eastern,Arid & Semi-Arid (ASAL),9,2017|2018|2019|2020|2021|2022|2023|2024|2025,True,True
39.65,1.45,North-Eastern,Arid & Semi-Arid (ASAL),9,2017|2018|2019|2020|2021|2022|2023|2024|2025,True,True
39.75,1.45,North-Eastern,Arid & Semi-Arid (ASAL),9,2017|2018|2019|2020|2021|2022|2023|2024|2025,True,True
39.85,1.45,North-Eastern,Arid & Semi-Arid (ASAL),9,2017|2018|2019|2020|2021|2022|2023|2024|2025,True,True
39.95,1.45,North-Eastern,Arid & Semi-Arid (ASAL),9,2017|2018|2019|2020|2021|2022|2023|2024|2025,True,True
40.05,1.45,North-Eastern,Arid & Semi-Arid (ASAL),9,2017|2018|2019|2020|2021|2022|2023|2024|2025,True,True
40.15,1.45,North-Eastern,Arid & Semi-Arid (ASAL),9,2017|2018|2019|2020|2021|2022|2023|2024|2025,True,True
40.25,1.45,North-Eastern,Arid & Semi-Arid (ASAL),9,2017|2018|2019|2020|2021|2022|2023|2024|2025,True,True
40.35,1.45,North-Eastern,Arid & Semi-Arid (ASAL),9,2017|2018|2019|2020|2021|2022|2023|2024|2025,True,True
40.45,1.45,North-Eastern,Arid & Semi-Arid (ASAL),9,2017|2018|2019|2020|2021|2022|2023|2024|2025,True,True
40.55,1.45,North-Eastern,Arid & Semi-Arid (ASAL),9,2017|2018|2019|2020|2021|2022|2023|2024|2025,True,True
40.65,1.45,North-Eastern,Arid & Semi-Arid (ASAL),9,2017|2018|2019|2020|2021|2022|2023|2024|2025,True,True
40.75,1.45,North-Eastern,Arid & Semi-Arid (ASAL),9,2017|2018|2019|2020|2021|2022|2023|2024|2025,True,True
40.85,1.45,North-Eastern,Arid & Semi-Arid (ASAL),9,2017|2018|2019|2020|2021|2022|2023|2024|2025,True,True
40.95,1.45,North-Eastern,Arid & Semi-Arid (ASAL),9,2017|2018|2019|2020|2021|2022|2023|2024|2025,True,True
34.85,1.35,Rift Valley,Highlands & Rift,9,2017|2018|2019|2020|2021|2022|2023|2024|2025,True,True
34.95,1.35,Rift Valley,Highlands & Rift,9,2017|2018|2019|2020|2021|2022|2023|2024|2025,True,True
35.05,1.35,Rift Valley,Highlands & Rift,9,2017|2018|2019|2020|2021|2022|2023|2024|2025,True,True
35.15,1.35,Rift Valley,Highlands & Rift,9,2017|2018|2019|2020|2021|2022|2023|2024|2025,True,True
35.25,1.35,Rift Valley,Highlands & Rift,9,2017|2018|2019|2020|2021|2022|2023|2024|2025,True,True
35.35,1.35,Rift Valley,Highlands & Rift,9,2017|2018|2019|2020|2021|2022|2023|2024|2025,True,True
35.45,1.35,Rift Valley,Highlands & Rift,9,2017|2018|2019|2020|2021|2022|2023|2024|2025,True,True
35.55,1.35,Rift Valley,Highlands & Rift,9,2017|2018|2019|2020|2021|2022|2023|2024|2025,True,True
35.65,1.35,Rift Valley,Highlands & Rift,9,2017|2018|2019|2020|2021|2022|2023|2024|2025,True,True
35.75,1.35,Rift Valley,Highlands & Rift,9,2017|2018|2019|2020|2021|2022|2023|2024|2025,True,True
35.85,1.35,Rift Valley,Highlands & Rift,9,2017|2018|2019|2020|2021|2022|2023|2024|2025,True,True
35.95,1.35,Rift Valley,Highlands & Rift,9,2017|2018|2019|2020|2021|2022|2023|2024|2025,True,True
36.05,1.35,Rift Valley,Highlands & Rift,9,2017|2018|2019|2020|2021|2022|2023|2024|2025,True,True
36.15,1.35,Rift Valley,Highlands & Rift,9,2017|2018|2019|2020|2021|2022|2023|2024|2025,True,True
36.25,1.35,Rift Valley,Highlands & Rift,9,2017|2018|2019|2020|2021|2022|2023|2024|2025,True,True
36.35,1.35,Rift Valley,Highlands & Rift,9,2017|2018|2019|2020|2021|2022|2023|2024|2025,True,True
36.45,1.35,Rift Valley,Highlands & Rift,9,2017|2018|2019|2020|2021|2022|2023|2024|2025,True,True
36.55,1.35,Rift Valley,Highlands & Rift,9,2017|2018|2019|2020|2021|2022|2023|2024|2025,True,True
36.65,1.35,Rift Valley,Highlands & Rift,9,2017|2018|2019|2020|2021|2022|2023|2024|2025,True,True
36.75,1.35,Rift Valley,Highlands & Rift,9,2017|2018|2019|2020|2021|2022|2023|2024|2025,True,True
36.85,1.35,Rift Valley,Highlands & Rift,9,2017|2018|2019|2020|2021|2022|2023|2024|2025,True,True
36.95,1.35,Rift Valley,Highlands & Rift,9,2017|2018|2019|2020|2021|2022|2023|2024|2025,True,True
37.05,1.35,Rift Valley,Highlands & Rift,9,2017|2018|2019|2020|2021|2022|2023|2024|2025,True,True
37.15,1.35,Rift Valley,Highlands & Rift,9,2017|2018|2019|2020|2021|2022|2023|2024|2025,True,True
37.25,1.35,Rift Valley,Highlands & Rift,9,2017|2018|2019|2020|2021|2022|2023|2024|2025,True,True
37.35,1.35,Rift Valley,Highlands & Rift,9,2017|2018|2019|2020|2021|2022|2023|2024|2025,True,True
37.45,1.35,Rift Valley,Highlands & Rift,9,2017|2018|2019|2020|2021|2022|2023|2024|2025,True,True
37.55,1.35,Rift Valley,Highlands & Rift,9,2017|2018|2019|2020|2021|2022|2023|2024|2025,True,True
37.65,1.35,Rift Valley,Highlands & Rift,9,2017|2018|2019|2020|2021|2022|2023|2024|2025,True,True
37.75,1.35,Rift Valley,Highlands & Rift,9,2017|2018|2019|2020|2021|2022|2023|2024|2025,True,True
37.85,1.35,Rift Valley,Highlands & Rift,9,2017|2018|2019|2020|2021|2022|2023|2024|2025,True,True
37.95,1.35,Eastern,Arid & Semi-Arid (ASAL),9,2017|2018|2019|2020|2021|2022|2023|2024|2025,True,True
38.05,1.35,Eastern,Arid & Semi-Arid (ASAL),9,2017|2018|2019|2020|2021|2022|2023|2024|2025,True,True
38.15,1.35,Eastern,Arid & Semi-Arid (ASAL),9,2017|2018|2019|2020|2021|2022|2023|2024|2025,True,True
38.25,1.35,Eastern,Arid & Semi-Arid (ASAL),9,2017|2018|2019|2020|2021|2022|2023|2024|2025,True,True
38.35,1.35,Eastern,Arid & Semi-Arid (ASAL),9,2017|2018|2019|2020|2021|2022|2023|2024|2025,True,True
38.45,1.35,Eastern,Arid & Semi-Arid (ASAL),9,2017|2018|2019|2020|2021|2022|2023|2024|2025,True,True
38.55,1.35,Eastern,Arid & Semi-Arid (ASAL),9,2017|2018|2019|2020|2021|2022|2023|2024|2025,True,True
38.65,1.35,Eastern,Arid & Semi-Arid (ASAL),9,2017|2018|2019|2020|2021|2022|2023|2024|2025,True,True
38.75,1.35,Eastern,Arid & Semi-Arid (ASAL),9,2017|2018|2019|2020|2021|2022|2023|2024|2025,True,True
38.85,1.35,Eastern,Arid & Semi-Arid (ASAL),9,2017|2018|2019|2020|2021|2022|2023|2024|2025,True,True
38.95,1.35,Eastern,Arid & Semi-Arid (ASAL),9,2017|2018|2019|2020|2021|2022|2023|2024|2025,True,True
39.05,1.35,Eastern,Arid & Semi-Arid (ASAL),9,2017|2018|2019|2020|2021|2022|2023|2024|2025,True,True
39.15,1.35,Eastern,Arid & Semi-Arid (ASAL),9,2017|2018|2019|2020|2021|2022|2023|2024|2025,True,True
39.25,1.35,Eastern,Arid & Semi-Arid (ASAL),9,2017|2018|2019|2020|2021|2022|2023|2024|2025,True,True
39.35,1.35,North-Eastern,Arid & Semi-Arid (ASAL),9,2017|2018|2019|2020|2021|2022|2023|2024|2025,True,True
39.45,1.35,North-Eastern,Arid & Semi-Arid (ASAL),9,2017|2018|2019|2020|2021|2022|2023|2024|2025,True,True
39.55,1.35,North-Eastern,Arid & Semi-Arid (ASAL),9,2017|2018|2019|2020|2021|2022|2023|2024|2025,True,True
39.65,1.35,North-Eastern,Arid & Semi-Arid (ASAL),9,2017|2018|2019|2020|2021|2022|2023|2024|2025,True,True
39.75,1.35,North-Eastern,Arid & Semi-Arid (ASAL),9,2017|2018|2019|2020|2021|2022|2023|2024|2025,True,True
39.85,1.35,North-Eastern,Arid & Semi-Arid (ASAL),9,2017|2018|2019|2020|2021|2022|2023|2024|2025,True,True
39.95,1.35,North-Eastern,Arid & Semi-Arid (ASAL),9,2017|2018|2019|2020|2021|2022|2023|2024|2025,True,True
40.05,1.35,North-Eastern,Arid & Semi-Arid (ASAL),9,2017|2018|2019|2020|2021|2022|2023|2024|2025,True,True
40.15,1.35,North-Eastern,Arid & Semi-Arid (ASAL),9,2017|2018|2019|2020|2021|2022|2023|2024|2025,True,True
40.25,1.35,North-Eastern,Arid & Semi-Arid (ASAL),9,2017|2018|2019|2020|2021|2022|2023|2024|2025,True,True
40.35,1.35,North-Eastern,Arid & Semi-Arid (ASAL),9,2017|2018|2019|2020|2021|2022|2023|2024|2025,True,True
40.45,1.35,North-Eastern,Arid & Semi-Arid (ASAL),9,2017|2018|2019|2020|2021|2022|2023|2024|2025,True,True
40.55,1.35,North-Eastern,Arid & Semi-Arid (ASAL),9,2017|2018|2019|2020|2021|2022|2023|2024|2025,True,True
40.65,1.35,North-Eastern,Arid & Semi-Arid (ASAL),9,2017|2018|2019|2020|2021|2022|2023|2024|2025,True,True
40.75,1.35,North-Eastern,Arid & Semi-Arid (ASAL),9,2017|2018|2019|2020|2021|2022|2023|2024|2025,True,True
40.85,1.35,North-Eastern,Arid & Semi-Arid (ASAL),9,2017|2018|2019|2020|2021|2022|2023|2024|2025,True,True
40.95,1.35,North-Eastern,Arid & Semi-Arid (ASAL),9,2017|2018|2019|2020|2021|2022|2023|2024|2025,True,True
34.85,1.25,Rift Valley,Highlands & Rift,9,2017|2018|2019|2020|2021|2022|2023|2024|2025,True,True
34.95,1.25,Rift Valley,Highlands & Rift,9,2017|2018|2019|2020|2021|2022|2023|2024|2025,True,True
35.05,1.25,Rift Valley,Highlands & Rift,9,2017|2018|2019|2020|2021|2022|2023|2024|2025,True,True
35.15,1.25,Rift Valley,Highlands & Rift,9,2017|2018|2019|2020|2021|2022|2023|2024|2025,True,True
35.25,1.25,Rift Valley,Highlands & Rift,9,2017|2018|2019|2020|2021|2022|2023|2024|2025,True,True
35.35,1.25,Rift Valley,Highlands & Rift,9,2017|2018|2019|2020|2021|2022|2023|2024|2025,True,True
35.45,1.25,Rift Valley,Highlands & Rift,9,2017|2018|2019|2020|2021|2022|2023|2024|2025,True,True
35.55,1.25,Rift Valley,Highlands & Rift,9,2017|2018|2019|2020|2021|2022|2023|2024|2025,True,True
35.65,1.25,Rift Valley,Highlands & Rift,9,2017|2018|2019|2020|2021|2022|2023|2024|2025,True,True
35.75,1.25,Rift Valley,Highlands & Rift,9,2017|2018|2019|2020|2021|2022|2023|2024|2025,True,True
35.85,1.25,Rift Valley,Highlands & Rift,9,2017|2018|2019|2020|2021|2022|2023|2024|2025,True,True
35.95,1.25,Rift Valley,Highlands & Rift,9,2017|2018|2019|2020|2021|2022|2023|2024|2025,True,True
36.05,1.25,Rift Valley,Highlands & Rift,9,2017|2018|2019|2020|2021|2022|2023|2024|2025,True,True
36.15,1.25,Rift Valley,Highlands & Rift,9,2017|2018|2019|2020|2021|2022|2023|2024|2025,True,True
36.25,1.25,Rift Valley,Highlands & Rift,9,2017|2018|2019|2020|2021|2022|2023|2024|2025,True,True
36.35,1.25,Rift Valley,Highlands & Rift,9,2017|2018|2019|2020|2021|2022|2023|2024|2025,True,True
36.45,1.25,Rift Valley,Highlands & Rift,9,2017|2018|2019|2020|2021|2022|2023|2024|2025,True,True
36.55,1.25,Rift Valley,Highlands & Rift,9,2017|2018|2019|2020|2021|2022|2023|2024|2025,True,True
36.65,1.25,Rift Valley,Highlands & Rift,9,2017|2018|2019|2020|2021|2022|2023|2024|2025,True,True
36.75,1.25,Rift Valley,Highlands & Rift,9,2017|2018|2019|2020|2021|2022|2023|2024|2025,True,True
36.85,1.25,Rift Valley,Highlands & Rift,9,2017|2018|2019|2020|2021|2022|2023|2024|2025,True,True
36.95,1.25,Rift Valley,Highlands & Rift,9,2017|2018|2019|2020|2021|2022|2023|2024|2025,True,True
37.05,1.25,Rift Valley,Highlands & Rift,9,2017|2018|2019|2020|2021|2022|2023|2024|2025,True,True
37.15,1.25,Rift Valley,Highlands & Rift,9,2017|2018|2019|2020|2021|2022|2023|2024|2025,True,True
37.25,1.25,Rift Valley,Highlands & Rift,9,2017|2018|2019|2020|2021|2022|2023|2024|2025,True,True
37.35,1.25,Rift Valley,Highlands & Rift,9,2017|2018|2019|2020|2021|2022|2023|2024|2025,True,True
37.45,1.25,Rift Valley,Highlands & Rift,9,2017|2018|2019|2020|2021|2022|2023|2024|2025,True,True
37.55,1.25,Rift Valley,Highlands & Rift,9,2017|2018|2019|2020|2021|2022|2023|2024|2025,True,True
37.65,1.25,Rift Valley,Highlands & Rift,9,2017|2018|2019|2020|2021|2022|2023|2024|2025,True,True
37.75,1.25,Rift Valley,Highlands & Rift,9,2017|2018|2019|2020|2021|2022|2023|2024|2025,True,True
37.85,1.25,Rift Valley,Highlands & Rift,9,2017|2018|2019|2020|2021|2022|2023|2024|2025,True,True
37.95,1.25,Rift Valley,Highlands & Rift,9,2017|2018|2019|2020|2021|2022|2023|2024|2025,True,True
38.05,1.25,Eastern,Arid & Semi-Arid (ASAL),9,2017|2018|2019|2020|2021|2022|2023|2024|2025,True,True
38.15,1.25,Eastern,Arid & Semi-Arid (ASAL),9,2017|2018|2019|2020|2021|2022|2023|2024|2025,True,True
38.25,1.25,Eastern,Arid & Semi-Arid (ASAL),9,2017|2018|2019|2020|2021|2022|2023|2024|2025,True,True
38.35,1.25,Eastern,Arid & Semi-Arid (ASAL),9,2017|2018|2019|2020|2021|2022|2023|2024|2025,True,True
38.45,1.25,Eastern,Arid & Semi-Arid (ASAL),9,2017|2018|2019|2020|2021|2022|2023|2024|2025,True,True
38.55,1.25,Eastern,Arid & Semi-Arid (ASAL),9,2017|2018|2019|2020|2021|2022|2023|2024|2025,True,True
38.65,1.25,Eastern,Arid & Semi-Arid (ASAL),9,2017|2018|2019|2020|2021|2022|2023|2024|2025,True,True
38.75,1.25,Eastern,Arid & Semi-Arid (ASAL),9,2017|2018|2019|2020|2021|2022|2023|2024|2025,True,True
38.85,1.25,Eastern,Arid & Semi-Arid (ASAL),9,2017|2018|2019|2020|2021|2022|2023|2024|2025,True,True
38.95,1.25,Eastern,Arid & Semi-Arid (ASAL),9,2017|2018|2019|2020|2021|2022|2023|2024|2025,True,True
39.05,1.25,Eastern,Arid & Semi-Arid (ASAL),9,2017|2018|2019|2020|2021|2022|2023|2024|2025,True,True
39.15,1.25,Eastern,Arid & Semi-Arid (ASAL),9,2017|2018|2019|2020|2021|2022|2023|2024|2025,True,True
39.25,1.25,Eastern,Arid & Semi-Arid (ASAL),9,2017|2018|2019|2020|2021|2022|2023|2024|2025,True,True
39.35,1.25,Eastern,Arid & Semi-Arid (ASAL),9,2017|2018|2019|2020|2021|2022|2023|2024|2025,True,True
39.45,1.25,North-Eastern,Arid & Semi-Arid (ASAL),9,2017|2018|2019|2020|2021|2022|2023|2024|2025,True,True
39.55,1.25,North-Eastern,Arid & Semi-Arid (ASAL),9,2017|2018|2019|2020|2021|2022|2023|2024|2025,True,True
39.65,1.25,North-Eastern,Arid & Semi-Arid (ASAL),9,2017|2018|2019|2020|2021|2022|2023|2024|2025,True,True
39.75,1.25,North-Eastern,Arid & Semi-Arid (ASAL),9,2017|2018|2019|2020|2021|2022|2023|2024|2025,True,True
39.85,1.25,North-Eastern,Arid & Semi-Arid (ASAL),9,2017|2018|2019|2020|2021|2022|2023|2024|2025,True,True
39.95,1.25,North-Eastern,Arid & Semi-Arid (ASAL),9,2017|2018|2019|2020|2021|2022|2023|2024|2025,True,True
40.05,1.25,North-Eastern,Arid & Semi-Arid (ASAL),9,2017|2018|2019|2020|2021|2022|2023|2024|2025,True,True
40.15,1.25,North-Eastern,Arid & Semi-Arid (ASAL),9,2017|2018|2019|2020|2021|2022|2023|2024|2025,True,True
40.25,1.25,North-Eastern,Arid & Semi-Arid (ASAL),9,2017|2018|2019|2020|2021|2022|2023|2024|2025,True,True
40.35,1.25,North-Eastern,Arid & Semi-Arid (ASAL),9,2017|2018|2019|2020|2021|2022|2023|2024|2025,True,True
40.45,1.25,North-Eastern,Arid & Semi-Arid (ASAL),9,2017|2018|2019|2020|2021|2022|2023|2024|2025,True,True
40.55,1.25,North-Eastern,Arid & Semi-Arid (ASAL),9,2017|2018|2019|2020|2021|2022|2023|2024|2025,True,True
40.65,1.25,North-Eastern,Arid & Semi-Arid (ASAL),9,2017|2018|2019|2020|2021|2022|2023|2024|2025,True,True
40.75,1.25,North-Eastern,Arid & Semi-Arid (ASAL),9,2017|2018|2019|2020|2021|2022|2023|2024|2025,True,True
40.85,1.25,North-Eastern,Arid & Semi-Arid (ASAL),9,2017|2018|2019|2020|2021|2022|2023|2024|2025,True,True
40.95,1.25,North-Eastern,Arid & Semi-Arid (ASAL),9,2017|2018|2019|2020|2021|2022|2023|2024|2025,True,True
34.65,1.15,Rift Valley,Highlands & Rift,9,2017|2018|2019|2020|2021|2022|2023|2024|2025,True,True
34.75,1.15,Rift Valley,Highlands & Rift,9,2017|2018|2019|2020|2021|2022|2023|2024|2025,True,True
34.85,1.15,Rift Valley,Highlands & Rift,9,2017|2018|2019|2020|2021|2022|2023|2024|2025,True,True
34.95,1.15,Rift Valley,Highlands & Rift,9,2017|2018|2019|2020|2021|2022|2023|2024|2025,True,True
35.05,1.15,Rift Valley,Highlands & Rift,9,2017|2018|2019|2020|2021|2022|2023|2024|2025,True,True
35.15,1.15,Rift Valley,Highlands & Rift,9,2017|2018|2019|2020|2021|2022|2023|2024|2025,True,True
35.25,1.15,Rift Valley,Highlands & Rift,9,2017|2018|2019|2020|2021|2022|2023|2024|2025,True,True
35.35,1.15,Rift Valley,Highlands & Rift,9,2017|2018|2019|2020|2021|2022|2023|2024|2025,True,True
35.45,1.15,Rift Valley,Highlands & Rift,9,2017|2018|2019|2020|2021|2022|2023|2024|2025,True,True
35.55,1.15,Rift Valley,Highlands & Rift,9,2017|2018|2019|2020|2021|2022|2023|2024|2025,True,True
35.65,1.15,Rift Valley,Highlands & Rift,9,2017|2018|2019|2020|2021|2022|2023|2024|2025,True,True
35.75,1.15,Rift Valley,Highlands & Rift,9,2017|2018|2019|2020|2021|2022|2023|2024|2025,True,True
35.85,1.15,Rift Valley,Highlands & Rift,9,2017|2018|2019|2020|2021|2022|2023|2024|2025,True,True
35.95,1.15,Rift Valley,Highlands & Rift,9,2017|2018|2019|2020|2021|2022|2023|2024|2025,True,True
36.05,1.15,Rift Valley,Highlands & Rift,9,2017|2018|2019|2020|2021|2022|2023|2024|2025,True,True
36.15,1.15,Rift Valley,Highlands & Rift,9,2017|2018|2019|2020|2021|2022|2023|2024|2025,True,True
36.25,1.15,Rift Valley,Highlands & Rift,9,2017|2018|2019|2020|2021|2022|2023|2024|2025,True,True
36.35,1.15,Rift Valley,Highlands & Rift,9,2017|2018|2019|2020|2021|2022|2023|2024|2025,True,True
36.45,1.15,Rift Valley,Highlands & Rift,9,2017|2018|2019|2020|2021|2022|2023|2024|2025,True,True
36.55,1.15,Rift Valley,Highlands & Rift,9,2017|2018|2019|2020|2021|2022|2023|2024|2025,True,True
36.65,1.15,Rift Valley,Highlands & Rift,9,2017|2018|2019|2020|2021|2022|2023|2024|2025,True,True
36.75,1.15,Rift Valley,Highlands & Rift,9,2017|2018|2019|2020|2021|2022|2023|2024|2025,True,True
36.85,1.15,Rift Valley,Highlands & Rift,9,2017|2018|2019|2020|2021|2022|2023|2024|2025,True,True
36.95,1.15,Rift Valley,Highlands & Rift,9,2017|2018|2019|2020|2021|2022|2023|2024|2025,True,True
37.05,1.15,Rift Valley,Highlands & Rift,9,2017|2018|2019|2020|2021|2022|2023|2024|2025,True,True
37.15,1.15,Rift Valley,Highlands & Rift,9,2017|2018|2019|2020|2021|2022|2023|2024|2025,True,True
37.25,1.15,Rift Valley,Highlands & Rift,9,2017|2018|2019|2020|2021|2022|2023|2024|2025,True,True
37.35,1.15,Rift Valley,Highlands & Rift,9,2017|2018|2019|2020|2021|2022|2023|2024|2025,True,True
37.45,1.15,Rift Valley,Highlands & Rift,9,2017|2018|2019|2020|2021|2022|2023|2024|2025,True,True
37.55,1.15,Rift Valley,Highlands & Rift,9,2017|2018|2019|2020|2021|2022|2023|2024|2025,True,True
37.65,1.15,Rift Valley,Highlands & Rift,9,2017|2018|2019|2020|2021|2022|2023|2024|2025,True,True
37.75,1.15,Rift Valley,Highlands & Rift,9,2017|2018|2019|2020|2021|2022|2023|2024|2025,True,True
37.85,1.15,Rift Valley,Highlands & Rift,9,2017|2018|2019|2020|2021|2022|2023|2024|2025,True,True
37.95,1.15,Rift Valley,Highlands & Rift,9,2017|2018|2019|2020|2021|2022|2023|2024|2025,True,True
38.05,1.15,Eastern,Arid & Semi-Arid (ASAL),9,2017|2018|2019|2020|2021|2022|2023|2024|2025,True,True
38.15,1.15,Eastern,Arid & Semi-Arid (ASAL),9,2017|2018|2019|2020|2021|2022|2023|2024|2025,True,True
38.25,1.15,Eastern,Arid & Semi-Arid (ASAL),9,2017|2018|2019|2020|2021|2022|2023|2024|2025,True,True
38.35,1.15,Eastern,Arid & Semi-Arid (ASAL),9,2017|2018|2019|2020|2021|2022|2023|2024|2025,True,True
38.45,1.15,Eastern,Arid & Semi-Arid (ASAL),9,2017|2018|2019|2020|2021|2022|2023|2024|2025,True,True
38.55,1.15,Eastern,Arid & Semi-Arid (ASAL),9,2017|2018|2019|2020|2021|2022|2023|2024|2025,True,True
38.65,1.15,Eastern,Arid & Semi-Arid (ASAL),9,2017|2018|2019|2020|2021|2022|2023|2024|2025,True,True
38.75,1.15,Eastern,Arid & Semi-Arid (ASAL),9,2017|2018|2019|2020|2021|2022|2023|2024|2025,True,True
38.85,1.15,Eastern,Arid & Semi-Arid (ASAL),9,2017|2018|2019|2020|2021|2022|2023|2024|2025,True,True
38.95,1.15,Eastern,Arid & Semi-Arid (ASAL),9,2017|2018|2019|2020|2021|2022|2023|2024|2025,True,True
39.05,1.15,Eastern,Arid & Semi-Arid (ASAL),9,2017|2018|2019|2020|2021|2022|2023|2024|2025,True,True
39.15,1.15,Eastern,Arid & Semi-Arid (ASAL),9,2017|2018|2019|2020|2021|2022|2023|2024|2025,True,True
39.25,1.15,Eastern,Arid & Semi-Arid (ASAL),9,2017|2018|2019|2020|2021|2022|2023|2024|2025,True,True
39.35,1.15,Eastern,Arid & Semi-Arid (ASAL),9,2017|2018|2019|2020|2021|2022|2023|2024|2025,True,True
39.45,1.15,North-Eastern,Arid & Semi-Arid (ASAL),9,2017|2018|2019|2020|2021|2022|2023|2024|2025,True,True
39.55,1.15,North-Eastern,Arid & Semi-Arid (ASAL),9,2017|2018|2019|2020|2021|2022|2023|2024|2025,True,True
39.65,1.15,North-Eastern,Arid & Semi-Arid (ASAL),9,2017|2018|2019|2020|2021|2022|2023|2024|2025,True,True
39.75,1.15,North-Eastern,Arid & Semi-Arid (ASAL),9,2017|2018|2019|2020|2021|2022|2023|2024|2025,True,True
39.85,1.15,North-Eastern,Arid & Semi-Arid (ASAL),9,2017|2018|2019|2020|2021|2022|2023|2024|2025,True,True
39.95,1.15,North-Eastern,Arid & Semi-Arid (ASAL),9,2017|2018|2019|2020|2021|2022|2023|2024|2025,True,True
40.05,1.15,North-Eastern,Arid & Semi-Arid (ASAL),9,2017|2018|2019|2020|2021|2022|2023|2024|2025,True,True
40.15,1.15,North-Eastern,Arid & Semi-Arid (ASAL),9,2017|2018|2019|2020|2021|2022|2023|2024|2025,True,True
40.25,1.15,North-Eastern,Arid & Semi-Arid (ASAL),9,2017|2018|2019|2020|2021|2022|2023|2024|2025,True,True
40.35,1.15,North-Eastern,Arid & Semi-Arid (ASAL),9,2017|2018|2019|2020|2021|2022|2023|2024|2025,True,True
40.45,1.15,North-Eastern,Arid & Semi-Arid (ASAL),9,2017|2018|2019|2020|2021|2022|2023|2024|2025,True,True
40.55,1.15,North-Eastern,Arid & Semi-Arid (ASAL),9,2017|2018|2019|2020|2021|2022|2023|2024|2025,True,True
40.65,1.15,North-Eastern,Arid & Semi-Arid (ASAL),9,2017|2018|2019|2020|2021|2022|2023|2024|2025,True,True
40.75,1.15,North-Eastern,Arid & Semi-Arid (ASAL),9,2017|2018|2019|2020|2021|2022|2023|2024|2025,True,True
40.85,1.15,North-Eastern,Arid & Semi-Arid (ASAL),9,2017|2018|2019|2020|2021|2022|2023|2024|2025,True,True
40.95,1.15,North-Eastern,Arid & Semi-Arid (ASAL),9,2017|2018|2019|2020|2021|2022|2023|2024|2025,True,True
34.55,1.05,Western,Lake Victoria Basin,9,2017|2018|2019|2020|2021|2022|2023|2024|2025,True,True
34.65,1.05,Rift Valley,Highlands & Rift,9,2017|2018|2019|2020|2021|2022|2023|2024|2025,True,True
34.75,1.05,Rift Valley,Highlands & Rift,9,2017|2018|2019|2020|2021|2022|2023|2024|2025,True,True
34.85,1.05,Rift Valley,Highlands & Rift,9,2017|2018|2019|2020|2021|2022|2023|2024|2025,True,True
34.95,1.05,Rift Valley,Highlands & Rift,9,2017|2018|2019|2020|2021|2022|2023|2024|2025,True,True
35.05,1.05,Rift Valley,Highlands & Rift,9,2017|2018|2019|2020|2021|2022|2023|2024|2025,True,True
35.15,1.05,Rift Valley,Highlands & Rift,9,2017|2018|2019|2020|2021|2022|2023|2024|2025,True,True
35.25,1.05,Rift Valley,Highlands & Rift,9,2017|2018|2019|2020|2021|2022|2023|2024|2025,True,True
35.35,1.05,Rift Valley,Highlands & Rift,9,2017|2018|2019|2020|2021|2022|2023|2024|2025,True,True
35.45,1.05,Rift Valley,Highlands & Rift,9,2017|2018|2019|2020|2021|2022|2023|2024|2025,True,True
35.55,1.05,Rift Valley,Highlands & Rift,9,2017|2018|2019|2020|2021|2022|2023|2024|2025,True,True
35.65,1.05,Rift Valley,Highlands & Rift,9,2017|2018|2019|2020|2021|2022|2023|2024|2025,True,True
35.75,1.05,Rift Valley,Highlands & Rift,9,2017|2018|2019|2020|2021|2022|2023|2024|2025,True,True
35.85,1.05,Rift Valley,Highlands & Rift,9,2017|2018|2019|2020|2021|2022|2023|2024|2025,True,True
35.95,1.05,Rift Valley,Highlands & Rift,9,2017|2018|2019|2020|2021|2022|2023|2024|2025,True,True
36.05,1.05,Rift Valley,Highlands & Rift,9,2017|2018|2019|2020|2021|2022|2023|2024|2025,True,True
36.15,1.05,Rift Valley,Highlands & Rift,9,2017|2018|2019|2020|2021|2022|2023|2024|2025,True,True
36.25,1.05,Rift Valley,Highlands & Rift,9,2017|2018|2019|2020|2021|2022|2023|2024|2025,True,True
36.35,1.05,Rift Valley,Highlands & Rift,9,2017|2018|2019|2020|2021|2022|2023|2024|2025,True,True
36.45,1.05,Rift Valley,Highlands & Rift,9,2017|2018|2019|2020|2021|2022|2023|2024|2025,True,True
36.55,1.05,Rift Valley,Highlands & Rift,9,2017|2018|2019|2020|2021|2022|2023|2024|2025,True,True
36.65,1.05,Rift Valley,Highlands & Rift,9,2017|2018|2019|2020|2021|2022|2023|2024|2025,True,True
36.75,1.05,Rift Valley,Highlands & Rift,9,2017|2018|2019|2020|2021|2022|2023|2024|2025,True,True
36.85,1.05,Rift Valley,Highlands & Rift,9,2017|2018|2019|2020|2021|2022|2023|2024|2025,True,True
36.95,1.05,Rift Valley,Highlands & Rift,9,2017|2018|2019|2020|2021|2022|2023|2024|2025,True,True
37.05,1.05,Rift Valley,Highlands & Rift,9,2017|2018|2019|2020|2021|2022|2023|2024|2025,True,True
37.15,1.05,Rift Valley,Highlands & Rift,9,2017|2018|2019|2020|2021|2022|2023|2024|2025,True,True
37.25,1.05,Rift Valley,Highlands & Rift,9,2017|2018|2019|2020|2021|2022|2023|2024|2025,True,True
37.35,1.05,Rift Valley,Highlands & Rift,9,2017|2018|2019|2020|2021|2022|2023|2024|2025,True,True
37.45,1.05,Rift Valley,Highlands & Rift,9,2017|2018|2019|2020|2021|2022|2023|2024|2025,True,True
37.55,1.05,Rift Valley,Highlands & Rift,9,2017|2018|2019|2020|2021|2022|2023|2024|2025,True,True
37.65,1.05,Rift Valley,Highlands & Rift,9,2017|2018|2019|2020|2021|2022|2023|2024|2025,True,True
37.75,1.05,Rift Valley,Highlands & Rift,9,2017|2018|2019|2020|2021|2022|2023|2024|2025,True,True
37.85,1.05,Rift Valley,Highlands & Rift,9,2017|2018|2019|2020|2021|2022|2023|2024|2025,True,True
37.95,1.05,Rift Valley,Highlands & Rift,9,2017|2018|2019|2020|2021|2022|2023|2024|2025,True,True
38.05,1.05,Eastern,Arid & Semi-Arid (ASAL),9,2017|2018|2019|2020|2021|2022|2023|2024|2025,True,True
38.15,1.05,Eastern,Arid & Semi-Arid (ASAL),9,2017|2018|2019|2020|2021|2022|2023|2024|2025,True,True
38.25,1.05,Eastern,Arid & Semi-Arid (ASAL),9,2017|2018|2019|2020|2021|2022|2023|2024|2025,True,True
38.35,1.05,Eastern,Arid & Semi-Arid (ASAL),9,2017|2018|2019|2020|2021|2022|2023|2024|2025,True,True
38.45,1.05,Eastern,Arid & Semi-Arid (ASAL),9,2017|2018|2019|2020|2021|2022|2023|2024|2025,True,True
38.55,1.05,Eastern,Arid & Semi-Arid (ASAL),9,2017|2018|2019|2020|2021|2022|2023|2024|2025,True,True
38.65,1.05,Eastern,Arid & Semi-Arid (ASAL),9,2017|2018|2019|2020|2021|2022|2023|2024|2025,True,True
38.75,1.05,Eastern,Arid & Semi-Arid (ASAL),9,2017|2018|2019|2020|2021|2022|2023|2024|2025,True,True
38.85,1.05,Eastern,Arid & Semi-Arid (ASAL),9,2017|2018|2019|2020|2021|2022|2023|2024|2025,True,True
38.95,1.05,Eastern,Arid & Semi-Arid (ASAL),9,2017|2018|2019|2020|2021|2022|2023|2024|2025,True,True
39.05,1.05,Eastern,Arid & Semi-Arid (ASAL),9,2017|2018|2019|2020|2021|2022|2023|2024|2025,True,True
39.15,1.05,Eastern,Arid & Semi-Arid (ASAL),9,2017|2018|2019|2020|2021|2022|2023|2024|2025,True,True
39.25,1.05,Eastern,Arid & Semi-Arid (ASAL),9,2017|2018|2019|2020|2021|2022|2023|2024|2025,True,True
39.35,1.05,Eastern,Arid & Semi-Arid (ASAL),9,2017|2018|2019|2020|2021|2022|2023|2024|2025,True,True
39.45,1.05,North-Eastern,Arid & Semi-Arid (ASAL),9,2017|2018|2019|2020|2021|2022|2023|2024|2025,True,True
39.55,1.05,North-Eastern,Arid & Semi-Arid (ASAL),9,2017|2018|2019|2020|2021|2022|2023|2024|2025,True,True
39.65,1.05,North-Eastern,Arid & Semi-Arid (ASAL),9,2017|2018|2019|2020|2021|2022|2023|2024|2025,True,True
39.75,1.05,North-Eastern,Arid & Semi-Arid (ASAL),9,2017|2018|2019|2020|2021|2022|2023|2024|2025,True,True
39.85,1.05,North-Eastern,Arid & Semi-Arid (ASAL),9,2017|2018|2019|2020|2021|2022|2023|2024|2025,True,True
39.95,1.05,North-Eastern,Arid & Semi-Arid (ASAL),9,2017|2018|2019|2020|2021|2022|2023|2024|2025,True,True
40.05,1.05,North-Eastern,Arid & Semi-Arid (ASAL),9,2017|2018|2019|2020|2021|2022|2023|2024|2025,True,True
40.15,1.05,North-Eastern,Arid & Semi-Arid (ASAL),9,2017|2018|2019|2020|2021|2022|2023|2024|2025,True,True
40.25,1.05,North-Eastern,Arid & Semi-Arid (ASAL),9,2017|2018|2019|2020|2021|2022|2023|2024|2025,True,True
40.35,1.05,North-Eastern,Arid & Semi-Arid (ASAL),9,2017|2018|2019|2020|2021|2022|2023|2024|2025,True,True
40.45,1.05,North-Eastern,Arid & Semi-Arid (ASAL),9,2017|2018|2019|2020|2021|2022|2023|2024|2025,True,True
40.55,1.05,North-Eastern,Arid & Semi-Arid (ASAL),9,2017|2018|2019|2020|2021|2022|2023|2024|2025,True,True
40.65,1.05,North-Eastern,Arid & Semi-Arid (ASAL),9,2017|2018|2019|2020|2021|2022|2023|2024|2025,True,True
40.75,1.05,North-Eastern,Arid & Semi-Arid (ASAL),9,2017|2018|2019|2020|2021|2022|2023|2024|2025,True,True
40.85,1.05,North-Eastern,Arid & Semi-Arid (ASAL),9,2017|2018|2019|2020|2021|2022|2023|2024|2025,True,True
40.95,1.05,North-Eastern,Arid & Semi-Arid (ASAL),9,2017|2018|2019|2020|2021|2022|2023|2024|2025,True,True
34.55,0.95,Western,Lake Victoria Basin,9,2017|2018|2019|2020|2021|2022|2023|2024|2025,True,True
34.65,0.95,Western,Lake Victoria Basin,9,2017|2018|2019|2020|2021|2022|2023|2024|2025,True,True
34.75,0.95,Rift Valley,Highlands & Rift,9,2017|2018|2019|2020|2021|2022|2023|2024|2025,True,True
34.85,0.95,Rift Valley,Highlands & Rift,9,2017|2018|2019|2020|2021|2022|2023|2024|2025,True,True
34.95,0.95,Rift Valley,Highlands & Rift,9,2017|2018|2019|2020|2021|2022|2023|2024|2025,True,True
35.05,0.95,Rift Valley,Highlands & Rift,9,2017|2018|2019|2020|2021|2022|2023|2024|2025,True,True
35.15,0.95,Rift Valley,Highlands & Rift,9,2017|2018|2019|2020|2021|2022|2023|2024|2025,True,True
35.25,0.95,Rift Valley,Highlands & Rift,9,2017|2018|2019|2020|2021|2022|2023|2024|2025,True,True
35.35,0.95,Rift Valley,Highlands & Rift,9,2017|2018|2019|2020|2021|2022|2023|2024|2025,True,True
35.45,0.95,Rift Valley,Highlands & Rift,9,2017|2018|2019|2020|2021|2022|2023|2024|2025,True,True
35.55,0.95,Rift Valley,Highlands & Rift,9,2017|2018|2019|2020|2021|2022|2023|2024|2025,True,True
35.65,0.95,Rift Valley,Highlands & Rift,9,2017|2018|2019|2020|2021|2022|2023|2024|2025,True,True
35.75,0.95,Rift Valley,Highlands & Rift,9,2017|2018|2019|2020|2021|2022|2023|2024|2025,True,True
35.85,0.95,Rift Valley,Highlands & Rift,9,2017|2018|2019|2020|2021|2022|2023|2024|2025,True,True
35.95,0.95,Rift Valley,Highlands & Rift,9,2017|2018|2019|2020|2021|2022|2023|2024|2025,True,True
36.05,0.95,Rift Valley,Highlands & Rift,9,2017|2018|2019|2020|2021|2022|2023|2024|2025,True,True
36.15,0.95,Rift Valley,Highlands & Rift,9,2017|2018|2019|2020|2021|2022|2023|2024|2025,True,True
36.25,0.95,Rift Valley,Highlands & Rift,9,2017|2018|2019|2020|2021|2022|2023|2024|2025,True,True
36.35,0.95,Rift Valley,Highlands & Rift,9,2017|2018|2019|2020|2021|2022|2023|2024|2025,True,True
36.45,0.95,Rift Valley,Highlands & Rift,9,2017|2018|2019|2020|2021|2022|2023|2024|2025,True,True
36.55,0.95,Rift Valley,Highlands & Rift,9,2017|2018|2019|2020|2021|2022|2023|2024|2025,True,True
36.65,0.95,Rift Valley,Highlands & Rift,9,2017|2018|2019|2020|2021|2022|2023|2024|2025,True,True
36.75,0.95,Rift Valley,Highlands & Rift,9,2017|2018|2019|2020|2021|2022|2023|2024|2025,True,True
36.85,0.95,Rift Valley,Highlands & Rift,9,2017|2018|2019|2020|2021|2022|2023|2024|2025,True,True
36.95,0.95,Rift Valley,Highlands & Rift,9,2017|2018|2019|2020|2021|2022|2023|2024|2025,True,True
37.05,0.95,Rift Valley,Highlands & Rift,9,2017|2018|2019|2020|2021|2022|2023|2024|2025,True,True
37.15,0.95,Rift Valley,Highlands & Rift,9,2017|2018|2019|2020|2021|2022|2023|2024|2025,True,True
37.25,0.95,Rift Valley,Highlands & Rift,9,2017|2018|2019|2020|2021|2022|2023|2024|2025,True,True
37.35,0.95,Rift Valley,Highlands & Rift,9,2017|2018|2019|2020|2021|2022|2023|2024|2025,True,True
37.45,0.95,Rift Valley,Highlands & Rift,9,2017|2018|2019|2020|2021|2022|2023|2024|2025,True,True
37.55,0.95,Rift Valley,Highlands & Rift,9,2017|2018|2019|2020|2021|2022|2023|2024|2025,True,True
37.65,0.95,Rift Valley,Highlands & Rift,9,2017|2018|2019|2020|2021|2022|2023|2024|2025,True,True
37.75,0.95,Rift Valley,Highlands & Rift,9,2017|2018|2019|2020|2021|2022|2023|2024|2025,True,True
37.85,0.95,Rift Valley,Highlands & Rift,9,2017|2018|2019|2020|2021|2022|2023|2024|2025,True,True
37.95,0.95,Rift Valley,Highlands & Rift,9,2017|2018|2019|2020|2021|2022|2023|2024|2025,True,True
38.05,0.95,Eastern,Arid & Semi-Arid (ASAL),9,2017|2018|2019|2020|2021|2022|2023|2024|2025,True,True
38.15,0.95,Eastern,Arid & Semi-Arid (ASAL),9,2017|2018|2019|2020|2021|2022|2023|2024|2025,True,True
38.25,0.95,Eastern,Arid & Semi-Arid (ASAL),9,2017|2018|2019|2020|2021|2022|2023|2024|2025,True,True
38.35,0.95,Eastern,Arid & Semi-Arid (ASAL),9,2017|2018|2019|2020|2021|2022|2023|2024|2025,True,True
38.45,0.95,Eastern,Arid & Semi-Arid (ASAL),9,2017|2018|2019|2020|2021|2022|2023|2024|2025,True,True
38.55,0.95,Eastern,Arid & Semi-Arid (ASAL),9,2017|2018|2019|2020|2021|2022|2023|2024|2025,True,True
38.65,0.95,Eastern,Arid & Semi-Arid (ASAL),9,2017|2018|2019|2020|2021|2022|2023|2024|2025,True,True
38.75,0.95,Eastern,Arid & Semi-Arid (ASAL),9,2017|2018|2019|2020|2021|2022|2023|2024|2025,True,True
38.85,0.95,Eastern,Arid & Semi-Arid (ASAL),9,2017|2018|2019|2020|2021|2022|2023|2024|2025,True,True
38.95,0.95,Eastern,Arid & Semi-Arid (ASAL),9,2017|2018|2019|2020|2021|2022|2023|2024|2025,True,True
39.05,0.95,Eastern,Arid & Semi-Arid (ASAL),9,2017|2018|2019|2020|2021|2022|2023|2024|2025,True,True
39.15,0.95,Eastern,Arid & Semi-Arid (ASAL),9,2017|2018|2019|2020|2021|2022|2023|2024|2025,True,True
39.25,0.95,Eastern,Arid & Semi-Arid (ASAL),9,2017|2018|2019|2020|2021|2022|2023|2024|2025,True,True
39.35,0.95,Eastern,Arid & Semi-Arid (ASAL),9,2017|2018|2019|2020|2021|2022|2023|2024|2025,True,True
39.45,0.95,North-Eastern,Arid & Semi-Arid (ASAL),9,2017|2018|2019|2020|2021|2022|2023|2024|2025,True,True
39.55,0.95,North-Eastern,Arid & Semi-Arid (ASAL),9,2017|2018|2019|2020|2021|2022|2023|2024|2025,True,True
39.65,0.95,North-Eastern,Arid & Semi-Arid (ASAL),9,2017|2018|2019|2020|2021|2022|2023|2024|2025,True,True
39.75,0.95,North-Eastern,Arid & Semi-Arid (ASAL),9,2017|2018|2019|2020|2021|2022|2023|2024|2025,True,True
39.85,0.95,North-Eastern,Arid & Semi-Arid (ASAL),9,2017|2018|2019|2020|2021|2022|2023|2024|2025,True,True
39.95,0.95,North-Eastern,Arid & Semi-Arid (ASAL),9,2017|2018|2019|2020|2021|2022|2023|2024|2025,True,True
40.05,0.95,North-Eastern,Arid & Semi-Arid (ASAL),9,2017|2018|2019|2020|2021|2022|2023|2024|2025,True,True
40.15,0.95,North-Eastern,Arid & Semi-Arid (ASAL),9,2017|2018|2019|2020|2021|2022|2023|2024|2025,True,True
40.25,0.95,North-Eastern,Arid & Semi-Arid (ASAL),9,2017|2018|2019|2020|2021|2022|2023|2024|2025,True,True
40.35,0.95,North-Eastern,Arid & Semi-Arid (ASAL),9,2017|2018|2019|2020|2021|2022|2023|2024|2025,True,True
40.45,0.95,North-Eastern,Arid & Semi-Arid (ASAL),9,2017|2018|2019|2020|2021|2022|2023|2024|2025,True,True
40.55,0.95,North-Eastern,Arid & Semi-Arid (ASAL),9,2017|2018|2019|2020|2021|2022|2023|2024|2025,True,True
40.65,0.95,North-Eastern,Arid & Semi-Arid (ASAL),9,2017|2018|2019|2020|2021|2022|2023|2024|2025,True,True
40.75,0.95,North-Eastern,Arid & Semi-Arid (ASAL),9,2017|2018|2019|2020|2021|2022|2023|2024|2025,True,True
40.85,0.95,North-Eastern,Arid & Semi-Arid (ASAL),9,2017|2018|2019|2020|2021|2022|2023|2024|2025,True,True
40.95,0.95,North-Eastern,Arid & Semi-Arid (ASAL),9,2017|2018|2019|2020|2021|2022|2023|2024|2025,True,True
34.45,0.85,Western,Lake Victoria Basin,9,2017|2018|2019|2020|2021|2022|2023|2024|2025,True,True
34.55,0.85,Western,Lake Victoria Basin,9,2017|2018|2019|2020|2021|2022|2023|2024|2025,True,True
34.65,0.85,Western,Lake Victoria Basin,9,2017|2018|2019|2020|2021|2022|2023|2024|2025,True,True
34.75,0.85,Western,Lake Victoria Basin,9,2017|2018|2019|2020|2021|2022|2023|2024|2025,True,True
34.85,0.85,Rift Valley,Highlands & Rift,9,2017|2018|2019|2020|2021|2022|2023|2024|2025,True,True
34.95,0.85,Western,Lake Victoria Basin,9,2017|2018|2019|2020|2021|2022|2023|2024|2025,True,True
35.05,0.85,Western,Lake Victoria Basin,9,2017|2018|2019|2020|2021|2022|2023|2024|2025,True,True
35.15,0.85,Rift Valley,Highlands & Rift,9,2017|2018|2019|2020|2021|2022|2023|2024|2025,True,True
35.25,0.85,Rift Valley,Highlands & Rift,9,2017|2018|2019|2020|2021|2022|2023|2024|2025,True,True
35.35,0.85,Rift Valley,Highlands & Rift,9,2017|2018|2019|2020|2021|2022|2023|2024|2025,True,True
35.45,0.85,Rift Valley,Highlands & Rift,9,2017|2018|2019|2020|2021|2022|2023|2024|2025,True,True
35.55,0.85,Rift Valley,Highlands & Rift,9,2017|2018|2019|2020|2021|2022|2023|2024|2025,True,True
35.65,0.85,Rift Valley,Highlands & Rift,9,2017|2018|2019|2020|2021|2022|2023|2024|2025,True,True
35.75,0.85,Rift Valley,Highlands & Rift,9,2017|2018|2019|2020|2021|2022|2023|2024|2025,True,True
35.85,0.85,Rift Valley,Highlands & Rift,9,2017|2018|2019|2020|2021|2022|2023|2024|2025,True,True
35.95,0.85,Rift Valley,Highlands & Rift,9,2017|2018|2019|2020|2021|2022|2023|2024|2025,True,True
36.05,0.85,Rift Valley,Highlands & Rift,9,2017|2018|2019|2020|2021|2022|2023|2024|2025,True,True
36.15,0.85,Rift Valley,Highlands & Rift,9,2017|2018|2019|2020|2021|2022|2023|2024|2025,True,True
36.25,0.85,Rift Valley,Highlands & Rift,9,2017|2018|2019|2020|2021|2022|2023|2024|2025,True,True
36.35,0.85,Rift Valley,Highlands & Rift,9,2017|2018|2019|2020|2021|2022|2023|2024|2025,True,True
36.45,0.85,Rift Valley,Highlands & Rift,9,2017|2018|2019|2020|2021|2022|2023|2024|2025,True,True
36.55,0.85,Rift Valley,Highlands & Rift,9,2017|2018|2019|2020|2021|2022|2023|2024|2025,True,True
36.65,0.85,Rift Valley,Highlands & Rift,9,2017|2018|2019|2020|2021|2022|2023|2024|2025,True,True
36.75,0.85,Rift Valley,Highlands & Rift,9,2017|2018|2019|2020|2021|2022|2023|2024|2025,True,True
36.85,0.85,Rift Valley,Highlands & Rift,9,2017|2018|2019|2020|2021|2022|2023|2024|2025,True,True
36.95,0.85,Rift Valley,Highlands & Rift,9,2017|2018|2019|2020|2021|2022|2023|2024|2025,True,True
37.05,0.85,Rift Valley,Highlands & Rift,9,2017|2018|2019|2020|2021|2022|2023|2024|2025,True,True
37.15,0.85,Rift Valley,Highlands & Rift,9,2017|2018|2019|2020|2021|2022|2023|2024|2025,True,True
37.25,0.85,Rift Valley,Highlands & Rift,9,2017|2018|2019|2020|2021|2022|2023|2024|2025,True,True
37.35,0.85,Rift Valley,Highlands & Rift,9,2017|2018|2019|2020|2021|2022|2023|2024|2025,True,True
37.45,0.85,Rift Valley,Highlands & Rift,9,2017|2018|2019|2020|2021|2022|2023|2024|2025,True,True
37.55,0.85,Rift Valley,Highlands & Rift,9,2017|2018|2019|2020|2021|2022|2023|2024|2025,True,True
37.65,0.85,Rift Valley,Highlands & Rift,9,2017|2018|2019|2020|2021|2022|2023|2024|2025,True,True
37.75,0.85,Rift Valley,Highlands & Rift,9,2017|2018|2019|2020|2021|2022|2023|2024|2025,True,True
37.85,0.85,Rift Valley,Highlands & Rift,9,2017|2018|2019|2020|2021|2022|2023|2024|2025,True,True
37.95,0.85,Rift Valley,Highlands & Rift,9,2017|2018|2019|2020|2021|2022|2023|2024|2025,True,True
38.05,0.85,Rift Valley,Highlands & Rift,9,2017|2018|2019|2020|2021|2022|2023|2024|2025,True,True
38.15,0.85,Eastern,Arid & Semi-Arid (ASAL),9,2017|2018|2019|2020|2021|2022|2023|2024|2025,True,True
38.25,0.85,Eastern,Arid & Semi-Arid (ASAL),9,2017|2018|2019|2020|2021|2022|2023|2024|2025,True,True
38.35,0.85,Eastern,Arid & Semi-Arid (ASAL),9,2017|2018|2019|2020|2021|2022|2023|2024|2025,True,True
38.45,0.85,Eastern,Arid & Semi-Arid (ASAL),9,2017|2018|2019|2020|2021|2022|2023|2024|2025,True,True
38.55,0.85,Eastern,Arid & Semi-Arid (ASAL),9,2017|2018|2019|2020|2021|2022|2023|2024|2025,True,True
38.65,0.85,Eastern,Arid & Semi-Arid (ASAL),9,2017|2018|2019|2020|2021|2022|2023|2024|2025,True,True
38.75,0.85,Eastern,Arid & Semi-Arid (ASAL),9,2017|2018|2019|2020|2021|2022|2023|2024|2025,True,True
38.85,0.85,Eastern,Arid & Semi-Arid (ASAL),9,2017|2018|2019|2020|2021|2022|2023|2024|2025,True,True
38.95,0.85,Eastern,Arid & Semi-Arid (ASAL),9,2017|2018|2019|2020|2021|2022|2023|2024|2025,True,True
39.05,0.85,Eastern,Arid & Semi-Arid (ASAL),9,2017|2018|2019|2020|2021|2022|2023|2024|2025,True,True
39.15,0.85,Eastern,Arid & Semi-Arid (ASAL),9,2017|2018|2019|2020|2021|2022|2023|2024|2025,True,True
39.25,0.85,Eastern,Arid & Semi-Arid (ASAL),9,2017|2018|2019|2020|2021|2022|2023|2024|2025,True,True
39.35,0.85,North-Eastern,Arid & Semi-Arid (ASAL),9,2017|2018|2019|2020|2021|2022|2023|2024|2025,True,True
39.45,0.85,North-Eastern,Arid & Semi-Arid (ASAL),9,2017|2018|2019|2020|2021|2022|2023|2024|2025,True,True
39.55,0.85,North-Eastern,Arid & Semi-Arid (ASAL),9,2017|2018|2019|2020|2021|2022|2023|2024|2025,True,True
39.65,0.85,North-Eastern,Arid & Semi-Arid (ASAL),9,2017|2018|2019|2020|2021|2022|2023|2024|2025,True,True
39.75,0.85,North-Eastern,Arid & Semi-Arid (ASAL),9,2017|2018|2019|2020|2021|2022|2023|2024|2025,True,True
39.85,0.85,North-Eastern,Arid & Semi-Arid (ASAL),9,2017|2018|2019|2020|2021|2022|2023|2024|2025,True,True
39.95,0.85,North-Eastern,Arid & Semi-Arid (ASAL),9,2017|2018|2019|2020|2021|2022|2023|2024|2025,True,True
40.05,0.85,North-Eastern,Arid & Semi-Arid (ASAL),9,2017|2018|2019|2020|2021|2022|2023|2024|2025,True,True
40.15,0.85,North-Eastern,Arid & Semi-Arid (ASAL),9,2017|2018|2019|2020|2021|2022|2023|2024|2025,True,True
40.25,0.85,North-Eastern,Arid & Semi-Arid (ASAL),9,2017|2018|2019|2020|2021|2022|2023|2024|2025,True,True
40.35,0.85,North-Eastern,Arid & Semi-Arid (ASAL),9,2017|2018|2019|2020|2021|2022|2023|2024|2025,True,True
40.45,0.85,North-Eastern,Arid & Semi-Arid (ASAL),9,2017|2018|2019|2020|2021|2022|2023|2024|2025,True,True
40.55,0.85,North-Eastern,Arid & Semi-Arid (ASAL),9,2017|2018|2019|2020|2021|2022|2023|2024|2025,True,True
40.65,0.85,North-Eastern,Arid & Semi-Arid (ASAL),9,2017|2018|2019|2020|2021|2022|2023|2024|2025,True,True
40.75,0.85,North-Eastern,Arid & Semi-Arid (ASAL),9,2017|2018|2019|2020|2021|2022|2023|2024|2025,True,True
40.85,0.85,North-Eastern,Arid & Semi-Arid (ASAL),9,2017|2018|2019|2020|2021|2022|2023|2024|2025,True,True
40.95,0.85,North-Eastern,Arid & Semi-Arid (ASAL),9,2017|2018|2019|2020|2021|2022|2023|2024|2025,True,True
34.35,0.75,Western,Lake Victoria Basin,9,2017|2018|2019|2020|2021|2022|2023|2024|2025,True,True
34.45,0.75,Western,Lake Victoria Basin,9,2017|2018|2019|2020|2021|2022|2023|2024|2025,True,True
34.55,0.75,Western,Lake Victoria Basin,9,2017|2018|2019|2020|2021|2022|2023|2024|2025,True,True
34.65,0.75,Western,Lake Victoria Basin,9,2017|2018|2019|2020|2021|2022|2023|2024|2025,True,True
34.75,0.75,Western,Lake Victoria Basin,9,2017|2018|2019|2020|2021|2022|2023|2024|2025,True,True
34.85,0.75,Western,Lake Victoria Basin,9,2017|2018|2019|2020|2021|2022|2023|2024|2025,True,True
34.95,0.75,Western,Lake Victoria Basin,9,2017|2018|2019|2020|2021|2022|2023|2024|2025,True,True
35.05,0.75,Western,Lake Victoria Basin,9,2017|2018|2019|2020|2021|2022|2023|2024|2025,True,True
35.15,0.75,Western,Lake Victoria Basin,9,2017|2018|2019|2020|2021|2022|2023|2024|2025,True,True
35.25,0.75,Rift Valley,Highlands & Rift,9,2017|2018|2019|2020|2021|2022|2023|2024|2025,True,True
35.35,0.75,Rift Valley,Highlands & Rift,9,2017|2018|2019|2020|2021|2022|2023|2024|2025,True,True
35.45,0.75,Rift Valley,Highlands & Rift,9,2017|2018|2019|2020|2021|2022|2023|2024|2025,True,True
35.55,0.75,Rift Valley,Highlands & Rift,9,2017|2018|2019|2020|2021|2022|2023|2024|2025,True,True
35.65,0.75,Rift Valley,Highlands & Rift,9,2017|2018|2019|2020|2021|2022|2023|2024|2025,True,True
35.75,0.75,Rift Valley,Highlands & Rift,9,2017|2018|2019|2020|2021|2022|2023|2024|2025,True,True
35.85,0.75,Rift Valley,Highlands & Rift,9,2017|2018|2019|2020|2021|2022|2023|2024|2025,True,True
35.95,0.75,Rift Valley,Highlands & Rift,9,2017|2018|2019|2020|2021|2022|2023|2024|2025,True,True
36.05,0.75,Rift Valley,Highlands & Rift,9,2017|2018|2019|2020|2021|2022|2023|2024|2025,True,True
36.15,0.75,Rift Valley,Highlands & Rift,9,2017|2018|2019|2020|2021|2022|2023|2024|2025,True,True
36.25,0.75,Rift Valley,Highlands & Rift,9,2017|2018|2019|2020|2021|2022|2023|2024|2025,True,True
36.35,0.75,Rift Valley,Highlands & Rift,9,2017|2018|2019|2020|2021|2022|2023|2024|2025,True,True
36.45,0.75,Rift Valley,Highlands & Rift,9,2017|2018|2019|2020|2021|2022|2023|2024|2025,True,True
36.55,0.75,Rift Valley,Highlands & Rift,9,2017|2018|2019|2020|2021|2022|2023|2024|2025,True,True
36.65,0.75,Rift Valley,Highlands & Rift,9,2017|2018|2019|2020|2021|2022|2023|2024|2025,True,True
36.75,0.75,Rift Valley,Highlands & Rift,9,2017|2018|2019|2020|2021|2022|2023|2024|2025,True,True
36.85,0.75,Rift Valley,Highlands & Rift,9,2017|2018|2019|2020|2021|2022|2023|2024|2025,True,True
36.95,0.75,Eastern,Arid & Semi-Arid (ASAL),9,2017|2018|2019|2020|2021|2022|2023|2024|2025,True,True
37.05,0.75,Eastern,Arid & Semi-Arid (ASAL),9,2017|2018|2019|2020|2021|2022|2023|2024|2025,True,True
37.15,0.75,Eastern,Arid & Semi-Arid (ASAL),9,2017|2018|2019|2020|2021|2022|2023|2024|2025,True,True
37.25,0.75,Eastern,Arid & Semi-Arid (ASAL),9,2017|2018|2019|2020|2021|2022|2023|2024|2025,True,True
37.35,0.75,Rift Valley,Highlands & Rift,9,2017|2018|2019|2020|2021|2022|2023|2024|2025,True,True
37.45,0.75,Rift Valley,Highlands & Rift,9,2017|2018|2019|2020|2021|2022|2023|2024|2025,True,True
37.55,0.75,Rift Valley,Highlands & Rift,9,2017|2018|2019|2020|2021|2022|2023|2024|2025,True,True
37.65,0.75,Rift Valley,Highlands & Rift,9,2017|2018|2019|2020|2021|2022|2023|2024|2025,True,True
37.75,0.75,Rift Valley,Highlands & Rift,9,2017|2018|2019|2020|2021|2022|2023|2024|2025,True,True
37.85,0.75,Rift Valley,Highlands & Rift,9,2017|2018|2019|2020|2021|2022|2023|2024|2025,True,True
37.95,0.75,Eastern,Arid & Semi-Arid (ASAL),9,2017|2018|2019|2020|2021|2022|2023|2024|2025,True,True
38.05,0.75,Eastern,Arid & Semi-Arid (ASAL),9,2017|2018|2019|2020|2021|2022|2023|2024|2025,True,True
38.15,0.75,Eastern,Arid & Semi-Arid (ASAL),9,2017|2018|2019|2020|2021|2022|2023|2024|2025,True,True
38.25,0.75,Eastern,Arid & Semi-Arid (ASAL),9,2017|2018|2019|2020|2021|2022|2023|2024|2025,True,True
38.35,0.75,Eastern,Arid & Semi-Arid (ASAL),9,2017|2018|2019|2020|2021|2022|2023|2024|2025,True,True
38.45,0.75,Eastern,Arid & Semi-Arid (ASAL),9,2017|2018|2019|2020|2021|2022|2023|2024|2025,True,True
38.55,0.75,Eastern,Arid & Semi-Arid (ASAL),9,2017|2018|2019|2020|2021|2022|2023|2024|2025,True,True
38.65,0.75,Eastern,Arid & Semi-Arid (ASAL),9,2017|2018|2019|2020|2021|2022|2023|2024|2025,True,True
38.75,0.75,Eastern,Arid & Semi-Arid (ASAL),9,2017|2018|2019|2020|2021|2022|2023|2024|2025,True,True
38.85,0.75,Eastern,Arid & Semi-Arid (ASAL),9,2017|2018|2019|2020|2021|2022|2023|2024|2025,True,True
38.95,0.75,Eastern,Arid & Semi-Arid (ASAL),9,2017|2018|2019|2020|2021|2022|2023|2024|2025,True,True
39.05,0.75,Eastern,Arid & Semi-Arid (ASAL),9,2017|2018|2019|2020|2021|2022|2023|2024|2025,True,True
39.15,0.75,Eastern,Arid & Semi-Arid (ASAL),9,2017|2018|2019|2020|2021|2022|2023|2024|2025,True,True
39.25,0.75,North-Eastern,Arid & Semi-Arid (ASAL),9,2017|2018|2019|2020|2021|2022|2023|2024|2025,True,True
39.35,0.75,North-Eastern,Arid & Semi-Arid (ASAL),9,2017|2018|2019|2020|2021|2022|2023|2024|2025,True,True
39.45,0.75,North-Eastern,Arid & Semi-Arid (ASAL),9,2017|2018|2019|2020|2021|2022|2023|2024|2025,True,True
39.55,0.75,North-Eastern,Arid & Semi-Arid (ASAL),9,2017|2018|2019|2020|2021|2022|2023|2024|2025,True,True
39.65,0.75,North-Eastern,Arid & Semi-Arid (ASAL),9,2017|2018|2019|2020|2021|2022|2023|2024|2025,True,True
39.75,0.75,North-Eastern,Arid & Semi-Arid (ASAL),9,2017|2018|2019|2020|2021|2022|2023|2024|2025,True,True
39.85,0.75,North-Eastern,Arid & Semi-Arid (ASAL),9,2017|2018|2019|2020|2021|2022|2023|2024|2025,True,True
39.95,0.75,North-Eastern,Arid & Semi-Arid (ASAL),9,2017|2018|2019|2020|2021|2022|2023|2024|2025,True,True
40.05,0.75,North-Eastern,Arid & Semi-Arid (ASAL),9,2017|2018|2019|2020|2021|2022|2023|2024|2025,True,True
40.15,0.75,North-Eastern,Arid & Semi-Arid (ASAL),9,2017|2018|2019|2020|2021|2022|2023|2024|2025,True,True
40.25,0.75,North-Eastern,Arid & Semi-Arid (ASAL),9,2017|2018|2019|2020|2021|2022|2023|2024|2025,True,True
40.35,0.75,North-Eastern,Arid & Semi-Arid (ASAL),9,2017|2018|2019|2020|2021|2022|2023|2024|2025,True,True
40.45,0.75,North-Eastern,Arid & Semi-Arid (ASAL),9,2017|2018|2019|2020|2021|2022|2023|2024|2025,True,True
40.55,0.75,North-Eastern,Arid & Semi-Arid (ASAL),9,2017|2018|2019|2020|2021|2022|2023|2024|2025,True,True
40.65,0.75,North-Eastern,Arid & Semi-Arid (ASAL),9,2017|2018|2019|2020|2021|2022|2023|2024|2025,True,True
40.75,0.75,North-Eastern,Arid & Semi-Arid (ASAL),9,2017|2018|2019|2020|2021|2022|2023|2024|2025,True,True
40.85,0.75,North-Eastern,Arid & Semi-Arid (ASAL),9,2017|2018|2019|2020|2021|2022|2023|2024|2025,True,True
40.95,0.75,North-Eastern,Arid & Semi-Arid (ASAL),9,2017|2018|2019|2020|2021|2022|2023|2024|2025,True,True
34.25,0.65,Western,Lake Victoria Basin,9,2017|2018|2019|2020|2021|2022|2023|2024|2025,True,True
34.35,0.65,Western,Lake Victoria Basin,9,2017|2018|2019|2020|2021|2022|2023|2024|2025,True,True
34.45,0.65,Western,Lake Victoria Basin,9,2017|2018|2019|2020|2021|2022|2023|2024|2025,True,True
34.55,0.65,Western,Lake Victoria Basin,9,2017|2018|2019|2020|2021|2022|2023|2024|2025,True,True
34.65,0.65,Western,Lake Victoria Basin,9,2017|2018|2019|2020|2021|2022|2023|2024|2025,True,True
34.75,0.65,Western,Lake Victoria Basin,9,2017|2018|2019|2020|2021|2022|2023|2024|2025,True,True
34.85,0.65,Western,Lake Victoria Basin,9,2017|2018|2019|2020|2021|2022|2023|2024|2025,True,True
34.95,0.65,Western,Lake Victoria Basin,9,2017|2018|2019|2020|2021|2022|2023|2024|2025,True,True
35.05,0.65,Western,Lake Victoria Basin,9,2017|2018|2019|2020|2021|2022|2023|2024|2025,True,True
35.15,0.65,Rift Valley,Highlands & Rift,9,2017|2018|2019|2020|2021|2022|2023|2024|2025,True,True
35.25,0.65,Rift Valley,Highlands & Rift,9,2017|2018|2019|2020|2021|2022|2023|2024|2025,True,True
35.35,0.65,Rift Valley,Highlands & Rift,9,2017|2018|2019|2020|2021|2022|2023|2024|2025,True,True
35.45,0.65,Rift Valley,Highlands & Rift,9,2017|2018|2019|2020|2021|2022|2023|2024|2025,True,True
35.55,0.65,Rift Valley,Highlands & Rift,9,2017|2018|2019|2020|2021|2022|2023|2024|2025,True,True
35.65,0.65,Rift Valley,Highlands & Rift,9,2017|2018|2019|2020|2021|2022|2023|2024|2025,True,True
35.75,0.65,Rift Valley,Highlands & Rift,9,2017|2018|2019|2020|2021|2022|2023|2024|2025,True,True
35.85,0.65,Rift Valley,Highlands & Rift,9,2017|2018|2019|2020|2021|2022|2023|2024|2025,True,True
35.95,0.65,Rift Valley,Highlands & Rift,9,2017|2018|2019|2020|2021|2022|2023|2024|2025,True,True
36.05,0.65,Rift Valley,Highlands & Rift,9,2017|2018|2019|2020|2021|2022|2023|2024|2025,True,True
36.15,0.65,Rift Valley,Highlands & Rift,9,2017|2018|2019|2020|2021|2022|2023|2024|2025,True,True
36.25,0.65,Rift Valley,Highlands & Rift,9,2017|2018|2019|2020|2021|2022|2023|2024|2025,True,True
36.35,0.65,Rift Valley,Highlands & Rift,9,2017|2018|2019|2020|2021|2022|2023|2024|2025,True,True
36.45,0.65,Rift Valley,Highlands & Rift,9,2017|2018|2019|2020|2021|2022|2023|2024|2025,True,True
36.55,0.65,Rift Valley,Highlands & Rift,9,2017|2018|2019|2020|2021|2022|2023|2024|2025,True,True
36.65,0.65,Rift Valley,Highlands & Rift,9,2017|2018|2019|2020|2021|2022|2023|2024|2025,True,True
36.75,0.65,Rift Valley,Highlands & Rift,9,2017|2018|2019|2020|2021|2022|2023|2024|2025,True,True
36.85,0.65,Rift Valley,Highlands & Rift,9,2017|2018|2019|2020|2021|2022|2023|2024|2025,True,True
36.95,0.65,Eastern,Arid & Semi-Arid (ASAL),9,2017|2018|2019|2020|2021|2022|2023|2024|2025,True,True
37.05,0.65,Eastern,Arid & Semi-Arid (ASAL),9,2017|2018|2019|2020|2021|2022|2023|2024|2025,True,True
37.15,0.65,Eastern,Arid & Semi-Arid (ASAL),9,2017|2018|2019|2020|2021|2022|2023|2024|2025,True,True
37.25,0.65,Eastern,Arid & Semi-Arid (ASAL),9,2017|2018|2019|2020|2021|2022|2023|2024|2025,True,True
37.35,0.65,Rift Valley,Highlands & Rift,9,2017|2018|2019|2020|2021|2022|2023|2024|2025,True,True
37.45,0.65,Rift Valley,Highlands & Rift,9,2017|2018|2019|2020|2021|2022|2023|2024|2025,True,True
37.55,0.65,Rift Valley,Highlands & Rift,9,2017|2018|2019|2020|2021|2022|2023|2024|2025,True,True
37.65,0.65,Rift Valley,Highlands & Rift,9,2017|2018|2019|2020|2021|2022|2023|2024|2025,True,True
37.75,0.65,Eastern,Arid & Semi-Arid (ASAL),9,2017|2018|2019|2020|2021|2022|2023|2024|2025,True,True
37.85,0.65,Eastern,Arid & Semi-Arid (ASAL),9,2017|2018|2019|2020|2021|2022|2023|2024|2025,True,True
37.95,0.65,Eastern,Arid & Semi-Arid (ASAL),9,2017|2018|2019|2020|2021|2022|2023|2024|2025,True,True
38.05,0.65,Eastern,Arid & Semi-Arid (ASAL),9,2017|2018|2019|2020|2021|2022|2023|2024|2025,True,True
38.15,0.65,Eastern,Arid & Semi-Arid (ASAL),9,2017|2018|2019|2020|2021|2022|2023|2024|2025,True,True
38.25,0.65,Eastern,Arid & Semi-Arid (ASAL),9,2017|2018|2019|2020|2021|2022|2023|2024|2025,True,True
38.35,0.65,Eastern,Arid & Semi-Arid (ASAL),9,2017|2018|2019|2020|2021|2022|2023|2024|2025,True,True
38.45,0.65,Eastern,Arid & Semi-Arid (ASAL),9,2017|2018|2019|2020|2021|2022|2023|2024|2025,True,True
38.55,0.65,Eastern,Arid & Semi-Arid (ASAL),9,2017|2018|2019|2020|2021|2022|2023|2024|2025,True,True
38.65,0.65,Eastern,Arid & Semi-Arid (ASAL),9,2017|2018|2019|2020|2021|2022|2023|2024|2025,True,True
38.75,0.65,Eastern,Arid & Semi-Arid (ASAL),9,2017|2018|2019|2020|2021|2022|2023|2024|2025,True,True
38.85,0.65,Eastern,Arid & Semi-Arid (ASAL),9,2017|2018|2019|2020|2021|2022|2023|2024|2025,True,True
38.95,0.65,Eastern,Arid & Semi-Arid (ASAL),9,2017|2018|2019|2020|2021|2022|2023|2024|2025,True,True
39.05,0.65,North-Eastern,Arid & Semi-Arid (ASAL),9,2017|2018|2019|2020|2021|2022|2023|2024|2025,True,True
39.15,0.65,North-Eastern,Arid & Semi-Arid (ASAL),9,2017|2018|2019|2020|2021|2022|2023|2024|2025,True,True
39.25,0.65,North-Eastern,Arid & Semi-Arid (ASAL),9,2017|2018|2019|2020|2021|2022|2023|2024|2025,True,True
39.35,0.65,North-Eastern,Arid & Semi-Arid (ASAL),9,2017|2018|2019|2020|2021|2022|2023|2024|2025,True,True
39.45,0.65,North-Eastern,Arid & Semi-Arid (ASAL),9,2017|2018|2019|2020|2021|2022|2023|2024|2025,True,True
39.55,0.65,North-Eastern,Arid & Semi-Arid (ASAL),9,2017|2018|2019|2020|2021|2022|2023|2024|2025,True,True
39.65,0.65,North-Eastern,Arid & Semi-Arid (ASAL),9,2017|2018|2019|2020|2021|2022|2023|2024|2025,True,True
39.75,0.65,North-Eastern,Arid & Semi-Arid (ASAL),9,2017|2018|2019|2020|2021|2022|2023|2024|2025,True,True
39.85,0.65,North-Eastern,Arid & Semi-Arid (ASAL),9,2017|2018|2019|2020|2021|2022|2023|2024|2025,True,True
39.95,0.65,North-Eastern,Arid & Semi-Arid (ASAL),9,2017|2018|2019|2020|2021|2022|2023|2024|2025,True,True
40.05,0.65,North-Eastern,Arid & Semi-Arid (ASAL),9,2017|2018|2019|2020|2021|2022|2023|2024|2025,True,True
40.15,0.65,North-Eastern,Arid & Semi-Arid (ASAL),9,2017|2018|2019|2020|2021|2022|2023|2024|2025,True,True
40.25,0.65,North-Eastern,Arid & Semi-Arid (ASAL),9,2017|2018|2019|2020|2021|2022|2023|2024|2025,True,True
40.35,0.65,North-Eastern,Arid & Semi-Arid (ASAL),9,2017|2018|2019|2020|2021|2022|2023|2024|2025,True,True
40.45,0.65,North-Eastern,Arid & Semi-Arid (ASAL),9,2017|2018|2019|2020|2021|2022|2023|2024|2025,True,True
40.55,0.65,North-Eastern,Arid & Semi-Arid (ASAL),9,2017|2018|2019|2020|2021|2022|2023|2024|2025,True,True
40.65,0.65,North-Eastern,Arid & Semi-Arid (ASAL),9,2017|2018|2019|2020|2021|2022|2023|2024|2025,True,True
40.75,0.65,North-Eastern,Arid & Semi-Arid (ASAL),9,2017|2018|2019|2020|2021|2022|2023|2024|2025,True,True
40.85,0.65,North-Eastern,Arid & Semi-Arid (ASAL),9,2017|2018|2019|2020|2021|2022|2023|2024|2025,True,True
40.95,0.65,North-Eastern,Arid & Semi-Arid (ASAL),9,2017|2018|2019|2020|2021|2022|2023|2024|2025,True,True
34.15,0.55,Western,Lake Victoria Basin,9,2017|2018|2019|2020|2021|2022|2023|2024|2025,True,True
34.25,0.55,Western,Lake Victoria Basin,9,2017|2018|2019|2020|2021|2022|2023|2024|2025,True,True
34.35,0.55,Western,Lake Victoria Basin,9,2017|2018|2019|2020|2021|2022|2023|2024|2025,True,True
34.45,0.55,Western,Lake Victoria Basin,9,2017|2018|2019|2020|2021|2022|2023|2024|2025,True,True
34.55,0.55,Western,Lake Victoria Basin,9,2017|2018|2019|2020|2021|2022|2023|2024|2025,True,True
34.65,0.55,Western,Lake Victoria Basin,9,2017|2018|2019|2020|2021|2022|2023|2024|2025,True,True
34.75,0.55,Western,Lake Victoria Basin,9,2017|2018|2019|2020|2021|2022|2023|2024|2025,True,True
34.85,0.55,Rift Valley,Highlands & Rift,9,2017|2018|2019|2020|2021|2022|2023|2024|2025,True,True
34.95,0.55,Rift Valley,Highlands & Rift,9,2017|2018|2019|2020|2021|2022|2023|2024|2025,True,True
35.05,0.55,Rift Valley,Highlands & Rift,9,2017|2018|2019|2020|2021|2022|2023|2024|2025,True,True
35.15,0.55,Rift Valley,Highlands & Rift,9,2017|2018|2019|2020|2021|2022|2023|2024|2025,True,True
35.25,0.55,Rift Valley,Highlands & Rift,9,2017|2018|2019|2020|2021|2022|2023|2024|2025,True,True
35.35,0.55,Rift Valley,Highlands & Rift,9,2017|2018|2019|2020|2021|2022|2023|2024|2025,True,True
35.45,0.55,Rift Valley,Highlands & Rift,9,2017|2018|2019|2020|2021|2022|2023|2024|2025,True,True
35.55,0.55,Rift Valley,Highlands & Rift,9,2017|2018|2019|2020|2021|2022|2023|2024|2025,True,True
35.65,0.55,Rift Valley,Highlands & Rift,9,2017|2018|2019|2020|2021|2022|2023|2024|2025,True,True
35.75,0.55,Rift Valley,Highlands & Rift,9,2017|2018|2019|2020|2021|2022|2023|2024|2025,True,True
35.85,0.55,Rift Valley,Highlands & Rift,9,2017|2018|2019|2020|2021|2022|2023|2024|2025,True,True
35.95,0.55,Rift Valley,Highlands & Rift,9,2017|2018|2019|2020|2021|2022|2023|2024|2025,True,True
36.05,0.55,Rift Valley,Highlands & Rift,9,2017|2018|2019|2020|2021|2022|2023|2024|2025,True,True
36.15,0.55,Rift Valley,Highlands & Rift,9,2017|2018|2019|2020|2021|2022|2023|2024|2025,True,True
36.25,0.55,Rift Valley,Highlands & Rift,9,2017|2018|2019|2020|2021|2022|2023|2024|2025,True,True
36.35,0.55,Rift Valley,Highlands & Rift,9,2017|2018|2019|2020|2021|2022|2023|2024|2025,True,True
36.45,0.55,Rift Valley,Highlands & Rift,9,2017|2018|2019|2020|2021|2022|2023|2024|2025,True,True
36.55,0.55,Rift Valley,Highlands & Rift,9,2017|2018|2019|2020|2021|2022|2023|2024|2025,True,True
36.65,0.55,Rift Valley,Highlands & Rift,9,2017|2018|2019|2020|2021|2022|2023|2024|2025,True,True
36.75,0.55,Rift Valley,Highlands & Rift,9,2017|2018|2019|2020|2021|2022|2023|2024|2025,True,True
36.85,0.55,Rift Valley,Highlands & Rift,9,2017|2018|2019|2020|2021|2022|2023|2024|2025,True,True
36.95,0.55,Rift Valley,Highlands & Rift,9,2017|2018|2019|2020|2021|2022|2023|2024|2025,True,True
37.05,0.55,Rift Valley,Highlands & Rift,9,2017|2018|2019|2020|2021|2022|2023|2024|2025,True,True
37.15,0.55,Rift Valley,Highlands & Rift,9,2017|2018|2019|2020|2021|2022|2023|2024|2025,True,True
37.25,0.55,Eastern,Arid & Semi-Arid (ASAL),9,2017|2018|2019|2020|2021|2022|2023|2024|2025,True,True
37.35,0.55,Eastern,Arid & Semi-Arid (ASAL),9,2017|2018|2019|2020|2021|2022|2023|2024|2025,True,True
37.45,0.55,Eastern,Arid & Semi-Arid (ASAL),9,2017|2018|2019|2020|2021|2022|2023|2024|2025,True,True
37.55,0.55,Eastern,Arid & Semi-Arid (ASAL),9,2017|2018|2019|2020|2021|2022|2023|2024|2025,True,True
37.65,0.55,Eastern,Arid & Semi-Arid (ASAL),9,2017|2018|2019|2020|2021|2022|2023|2024|2025,True,True
37.75,0.55,Eastern,Arid & Semi-Arid (ASAL),9,2017|2018|2019|2020|2021|2022|2023|2024|2025,True,True
37.85,0.55,Eastern,Arid & Semi-Arid (ASAL),9,2017|2018|2019|2020|2021|2022|2023|2024|2025,True,True
37.95,0.55,Eastern,Arid & Semi-Arid (ASAL),9,2017|2018|2019|2020|2021|2022|2023|2024|2025,True,True
38.05,0.55,Eastern,Arid & Semi-Arid (ASAL),9,2017|2018|2019|2020|2021|2022|2023|2024|2025,True,True
38.15,0.55,Eastern,Arid & Semi-Arid (ASAL),9,2017|2018|2019|2020|2021|2022|2023|2024|2025,True,True
38.25,0.55,Eastern,Arid & Semi-Arid (ASAL),9,2017|2018|2019|2020|2021|2022|2023|2024|2025,True,True
38.35,0.55,Eastern,Arid & Semi-Arid (ASAL),9,2017|2018|2019|2020|2021|2022|2023|2024|2025,True,True
38.45,0.55,Eastern,Arid & Semi-Arid (ASAL),9,2017|2018|2019|2020|2021|2022|2023|2024|2025,True,True
38.55,0.55,Eastern,Arid & Semi-Arid (ASAL),9,2017|2018|2019|2020|2021|2022|2023|2024|2025,True,True
38.65,0.55,Eastern,Arid & Semi-Arid (ASAL),9,2017|2018|2019|2020|2021|2022|2023|2024|2025,True,True
38.75,0.55,Eastern,Arid & Semi-Arid (ASAL),9,2017|2018|2019|2020|2021|2022|2023|2024|2025,True,True
38.85,0.55,North-Eastern,Arid & Semi-Arid (ASAL),9,2017|2018|2019|2020|2021|2022|2023|2024|2025,True,True
38.95,0.55,North-Eastern,Arid & Semi-Arid (ASAL),9,2017|2018|2019|2020|2021|2022|2023|2024|2025,True,True
39.05,0.55,North-Eastern,Arid & Semi-Arid (ASAL),9,2017|2018|2019|2020|2021|2022|2023|2024|2025,True,True
39.15,0.55,North-Eastern,Arid & Semi-Arid (ASAL),9,2017|2018|2019|2020|2021|2022|2023|2024|2025,True,True
39.25,0.55,North-Eastern,Arid & Semi-Arid (ASAL),9,2017|2018|2019|2020|2021|2022|2023|2024|2025,True,True
39.35,0.55,North-Eastern,Arid & Semi-Arid (ASAL),9,2017|2018|2019|2020|2021|2022|2023|2024|2025,True,True
39.45,0.55,North-Eastern,Arid & Semi-Arid (ASAL),9,2017|2018|2019|2020|2021|2022|2023|2024|2025,True,True
39.55,0.55,North-Eastern,Arid & Semi-Arid (ASAL),9,2017|2018|2019|2020|2021|2022|2023|2024|2025,True,True
39.65,0.55,North-Eastern,Arid & Semi-Arid (ASAL),9,2017|2018|2019|2020|2021|2022|2023|2024|2025,True,True
39.75,0.55,North-Eastern,Arid & Semi-Arid (ASAL),9,2017|2018|2019|2020|2021|2022|2023|2024|2025,True,True
39.85,0.55,North-Eastern,Arid & Semi-Arid (ASAL),9,2017|2018|2019|2020|2021|2022|2023|2024|2025,True,True
39.95,0.55,North-Eastern,Arid & Semi-Arid (ASAL),9,2017|2018|2019|2020|2021|2022|2023|2024|2025,True,True
40.05,0.55,North-Eastern,Arid & Semi-Arid (ASAL),9,2017|2018|2019|2020|2021|2022|2023|2024|2025,True,True
40.15,0.55,North-Eastern,Arid & Semi-Arid (ASAL),9,2017|2018|2019|2020|2021|2022|2023|2024|2025,True,True
40.25,0.55,North-Eastern,Arid & Semi-Arid (ASAL),9,2017|2018|2019|2020|2021|2022|2023|2024|2025,True,True
40.35,0.55,North-Eastern,Arid & Semi-Arid (ASAL),9,2017|2018|2019|2020|2021|2022|2023|2024|2025,True,True
40.45,0.55,North-Eastern,Arid & Semi-Arid (ASAL),9,2017|2018|2019|2020|2021|2022|2023|2024|2025,True,True
40.55,0.55,North-Eastern,Arid & Semi-Arid (ASAL),9,2017|2018|2019|2020|2021|2022|2023|2024|2025,True,True
40.65,0.55,North-Eastern,Arid & Semi-Arid (ASAL),9,2017|2018|2019|2020|2021|2022|2023|2024|2025,True,True
40.75,0.55,North-Eastern,Arid & Semi-Arid (ASAL),9,2017|2018|2019|2020|2021|2022|2023|2024|2025,True,True
40.85,0.55,North-Eastern,Arid & Semi-Arid (ASAL),9,2017|2018|2019|2020|2021|2022|2023|2024|2025,True,True
40.95,0.55,North-Eastern,Arid & Semi-Arid (ASAL),9,2017|2018|2019|2020|2021|2022|2023|2024|2025,True,True
34.15,0.45,Western,Lake Victoria Basin,9,2017|2018|2019|2020|2021|2022|2023|2024|2025,True,True
34.25,0.45,Western,Lake Victoria Basin,9,2017|2018|2019|2020|2021|2022|2023|2024|2025,True,True
34.35,0.45,Western,Lake Victoria Basin,9,2017|2018|2019|2020|2021|2022|2023|2024|2025,True,True
34.45,0.45,Western,Lake Victoria Basin,9,2017|2018|2019|2020|2021|2022|2023|2024|2025,True,True
34.55,0.45,Western,Lake Victoria Basin,9,2017|2018|2019|2020|2021|2022|2023|2024|2025,True,True
34.65,0.45,Western,Lake Victoria Basin,9,2017|2018|2019|2020|2021|2022|2023|2024|2025,True,True
34.75,0.45,Western,Lake Victoria Basin,9,2017|2018|2019|2020|2021|2022|2023|2024|2025,True,True
34.85,0.45,Western,Lake Victoria Basin,9,2017|2018|2019|2020|2021|2022|2023|2024|2025,True,True
34.95,0.45,Rift Valley,Highlands & Rift,9,2017|2018|2019|2020|2021|2022|2023|2024|2025,True,True
35.05,0.45,Rift Valley,Highlands & Rift,9,2017|2018|2019|2020|2021|2022|2023|2024|2025,True,True
35.15,0.45,Rift Valley,Highlands & Rift,9,2017|2018|2019|2020|2021|2022|2023|2024|2025,True,True
35.25,0.45,Rift Valley,Highlands & Rift,9,2017|2018|2019|2020|2021|2022|2023|2024|2025,True,True
35.35,0.45,Rift Valley,Highlands & Rift,9,2017|2018|2019|2020|2021|2022|2023|2024|2025,True,True
35.45,0.45,Rift Valley,Highlands & Rift,9,2017|2018|2019|2020|2021|2022|2023|2024|2025,True,True
35.55,0.45,Rift Valley,Highlands & Rift,9,2017|2018|2019|2020|2021|2022|2023|2024|2025,True,True
35.65,0.45,Rift Valley,Highlands & Rift,9,2017|2018|2019|2020|2021|2022|2023|2024|2025,True,True
35.75,0.45,Rift Valley,Highlands & Rift,9,2017|2018|2019|2020|2021|2022|2023|2024|2025,True,True
35.85,0.45,Rift Valley,Highlands & Rift,9,2017|2018|2019|2020|2021|2022|2023|2024|2025,True,True
35.95,0.45,Rift Valley,Highlands & Rift,9,2017|2018|2019|2020|2021|2022|2023|2024|2025,True,True
36.05,0.45,Rift Valley,Highlands & Rift,9,2017|2018|2019|2020|2021|2022|2023|2024|2025,True,True
36.15,0.45,Rift Valley,Highlands & Rift,9,2017|2018|2019|2020|2021|2022|2023|2024|2025,True,True
36.25,0.45,Rift Valley,Highlands & Rift,9,2017|2018|2019|2020|2021|2022|2023|2024|2025,True,True
36.35,0.45,Rift Valley,Highlands & Rift,9,2017|2018|2019|2020|2021|2022|2023|2024|2025,True,True
36.45,0.45,Rift Valley,Highlands & Rift,9,2017|2018|2019|2020|2021|2022|2023|2024|2025,True,True
36.55,0.45,Rift Valley,Highlands & Rift,9,2017|2018|2019|2020|2021|2022|2023|2024|2025,True,True
36.65,0.45,Rift Valley,Highlands & Rift,9,2017|2018|2019|2020|2021|2022|2023|2024|2025,True,True
36.75,0.45,Rift Valley,Highlands & Rift,9,2017|2018|2019|2020|2021|2022|2023|2024|2025,True,True
36.85,0.45,Rift Valley,Highlands & Rift,9,2017|2018|2019|2020|2021|2022|2023|2024|2025,True,True
36.95,0.45,Rift Valley,Highlands & Rift,9,2017|2018|2019|2020|2021|2022|2023|2024|2025,True,True
37.05,0.45,Rift Valley,Highlands & Rift,9,2017|2018|2019|2020|2021|2022|2023|2024|2025,True,True
37.15,0.45,Rift Valley,Highlands & Rift,9,2017|2018|2019|2020|2021|2022|2023|2024|2025,True,True
37.25,0.45,Rift Valley,Highlands & Rift,9,2017|2018|2019|2020|2021|2022|2023|2024|2025,True,True
37.35,0.45,Rift Valley,Highlands & Rift,9,2017|2018|2019|2020|2021|2022|2023|2024|2025,True,True
37.45,0.45,Eastern,Arid & Semi-Arid (ASAL),9,2017|2018|2019|2020|2021|2022|2023|2024|2025,True,True
37.55,0.45,Eastern,Arid & Semi-Arid (ASAL),9,2017|2018|2019|2020|2021|2022|2023|2024|2025,True,True
37.65,0.45,Eastern,Arid & Semi-Arid (ASAL),9,2017|2018|2019|2020|2021|2022|2023|2024|2025,True,True
37.75,0.45,Eastern,Arid & Semi-Arid (ASAL),9,2017|2018|2019|2020|2021|2022|2023|2024|2025,True,True
37.85,0.45,Eastern,Arid & Semi-Arid (ASAL),9,2017|2018|2019|2020|2021|2022|2023|2024|2025,True,True
37.95,0.45,Eastern,Arid & Semi-Arid (ASAL),9,2017|2018|2019|2020|2021|2022|2023|2024|2025,True,True
38.05,0.45,Eastern,Arid & Semi-Arid (ASAL),9,2017|2018|2019|2020|2021|2022|2023|2024|2025,True,True
38.15,0.45,Eastern,Arid & Semi-Arid (ASAL),9,2017|2018|2019|2020|2021|2022|2023|2024|2025,True,True
38.25,0.45,Eastern,Arid & Semi-Arid (ASAL),9,2017|2018|2019|2020|2021|2022|2023|2024|2025,True,True
38.35,0.45,Eastern,Arid & Semi-Arid (ASAL),9,2017|2018|2019|2020|2021|2022|2023|2024|2025,True,True
38.45,0.45,Eastern,Arid & Semi-Arid (ASAL),9,2017|2018|2019|2020|2021|2022|2023|2024|2025,True,True
38.55,0.45,Eastern,Arid & Semi-Arid (ASAL),9,2017|2018|2019|2020|2021|2022|2023|2024|2025,True,True
38.65,0.45,Eastern,Arid & Semi-Arid (ASAL),9,2017|2018|2019|2020|2021|2022|2023|2024|2025,True,True
38.75,0.45,North-Eastern,Arid & Semi-Arid (ASAL),9,2017|2018|2019|2020|2021|2022|2023|2024|2025,True,True
38.85,0.45,North-Eastern,Arid & Semi-Arid (ASAL),9,2017|2018|2019|2020|2021|2022|2023|2024|2025,True,True
38.95,0.45,North-Eastern,Arid & Semi-Arid (ASAL),9,2017|2018|2019|2020|2021|2022|2023|2024|2025,True,True
39.05,0.45,North-Eastern,Arid & Semi-Arid (ASAL),9,2017|2018|2019|2020|2021|2022|2023|2024|2025,True,True
39.15,0.45,North-Eastern,Arid & Semi-Arid (ASAL),9,2017|2018|2019|2020|2021|2022|2023|2024|2025,True,True
39.25,0.45,North-Eastern,Arid & Semi-Arid (ASAL),9,2017|2018|2019|2020|2021|2022|2023|2024|2025,True,True
39.35,0.45,North-Eastern,Arid & Semi-Arid (ASAL),9,2017|2018|2019|2020|2021|2022|2023|2024|2025,True,True
39.45,0.45,North-Eastern,Arid & Semi-Arid (ASAL),9,2017|2018|2019|2020|2021|2022|2023|2024|2025,True,True
39.55,0.45,North-Eastern,Arid & Semi-Arid (ASAL),9,2017|2018|2019|2020|2021|2022|2023|2024|2025,True,True
39.65,0.45,North-Eastern,Arid & Semi-Arid (ASAL),9,2017|2018|2019|2020|2021|2022|2023|2024|2025,True,True
39.75,0.45,North-Eastern,Arid & Semi-Arid (ASAL),9,2017|2018|2019|2020|2021|2022|2023|2024|2025,True,True
39.85,0.45,North-Eastern,Arid & Semi-Arid (ASAL),9,2017|2018|2019|2020|2021|2022|2023|2024|2025,True,True
39.95,0.45,North-Eastern,Arid & Semi-Arid (ASAL),9,2017|2018|2019|2020|2021|2022|2023|2024|2025,True,True
40.05,0.45,North-Eastern,Arid & Semi-Arid (ASAL),9,2017|2018|2019|2020|2021|2022|2023|2024|2025,True,True
40.15,0.45,North-Eastern,Arid & Semi-Arid (ASAL),9,2017|2018|2019|2020|2021|2022|2023|2024|2025,True,True
40.25,0.45,North-Eastern,Arid & Semi-Arid (ASAL),9,2017|2018|2019|2020|2021|2022|2023|2024|2025,True,True
40.35,0.45,North-Eastern,Arid & Semi-Arid (ASAL),9,2017|2018|2019|2020|2021|2022|2023|2024|2025,True,True
40.45,0.45,North-Eastern,Arid & Semi-Arid (ASAL),9,2017|2018|2019|2020|2021|2022|2023|2024|2025,True,True
40.55,0.45,North-Eastern,Arid & Semi-Arid (ASAL),9,2017|2018|2019|2020|2021|2022|2023|2024|2025,True,True
40.65,0.45,North-Eastern,Arid & Semi-Arid (ASAL),9,2017|2018|2019|2020|2021|2022|2023|2024|2025,True,True
40.75,0.45,North-Eastern,Arid & Semi-Arid (ASAL),9,2017|2018|2019|2020|2021|2022|2023|2024|2025,True,True
40.85,0.45,North-Eastern,Arid & Semi-Arid (ASAL),9,2017|2018|2019|2020|2021|2022|2023|2024|2025,True,True
40.95,0.45,North-Eastern,Arid & Semi-Arid (ASAL),9,2017|2018|2019|2020|2021|2022|2023|2024|2025,True,True
34.15,0.35,Western,Lake Victoria Basin,9,2017|2018|2019|2020|2021|2022|2023|2024|2025,True,True
34.25,0.35,Western,Lake Victoria Basin,9,2017|2018|2019|2020|2021|2022|2023|2024|2025,True,True
34.35,0.35,Western,Lake Victoria Basin,9,2017|2018|2019|2020|2021|2022|2023|2024|2025,True,True
34.45,0.35,Western,Lake Victoria Basin,9,2017|2018|2019|2020|2021|2022|2023|2024|2025,True,True
34.55,0.35,Western,Lake Victoria Basin,9,2017|2018|2019|2020|2021|2022|2023|2024|2025,True,True
34.65,0.35,Western,Lake Victoria Basin,9,2017|2018|2019|2020|2021|2022|2023|2024|2025,True,True
34.75,0.35,Western,Lake Victoria Basin,9,2017|2018|2019|2020|2021|2022|2023|2024|2025,True,True
34.85,0.35,Western,Lake Victoria Basin,9,2017|2018|2019|2020|2021|2022|2023|2024|2025,True,True
34.95,0.35,Rift Valley,Highlands & Rift,9,2017|2018|2019|2020|2021|2022|2023|2024|2025,True,True
35.05,0.35,Rift Valley,Highlands & Rift,9,2017|2018|2019|2020|2021|2022|2023|2024|2025,True,True
35.15,0.35,Rift Valley,Highlands & Rift,9,2017|2018|2019|2020|2021|2022|2023|2024|2025,True,True
35.25,0.35,Rift Valley,Highlands & Rift,9,2017|2018|2019|2020|2021|2022|2023|2024|2025,True,True
35.35,0.35,Rift Valley,Highlands & Rift,9,2017|2018|2019|2020|2021|2022|2023|2024|2025,True,True
35.45,0.35,Rift Valley,Highlands & Rift,9,2017|2018|2019|2020|2021|2022|2023|2024|2025,True,True
35.55,0.35,Rift Valley,Highlands & Rift,9,2017|2018|2019|2020|2021|2022|2023|2024|2025,True,True
35.65,0.35,Rift Valley,Highlands & Rift,9,2017|2018|2019|2020|2021|2022|2023|2024|2025,True,True
35.75,0.35,Rift Valley,Highlands & Rift,9,2017|2018|2019|2020|2021|2022|2023|2024|2025,True,True
35.85,0.35,Rift Valley,Highlands & Rift,9,2017|2018|2019|2020|2021|2022|2023|2024|2025,True,True
35.95,0.35,Rift Valley,Highlands & Rift,9,2017|2018|2019|2020|2021|2022|2023|2024|2025,True,True
36.05,0.35,Rift Valley,Highlands & Rift,9,2017|2018|2019|2020|2021|2022|2023|2024|2025,True,True
36.15,0.35,Rift Valley,Highlands & Rift,9,2017|2018|2019|2020|2021|2022|2023|2024|2025,True,True
36.25,0.35,Rift Valley,Highlands & Rift,9,2017|2018|2019|2020|2021|2022|2023|2024|2025,True,True
36.35,0.35,Rift Valley,Highlands & Rift,9,2017|2018|2019|2020|2021|2022|2023|2024|2025,True,True
36.45,0.35,Rift Valley,Highlands & Rift,9,2017|2018|2019|2020|2021|2022|2023|2024|2025,True,True
36.55,0.35,Rift Valley,Highlands & Rift,9,2017|2018|2019|2020|2021|2022|2023|2024|2025,True,True
36.65,0.35,Rift Valley,Highlands & Rift,9,2017|2018|2019|2020|2021|2022|2023|2024|2025,True,True
36.75,0.35,Rift Valley,Highlands & Rift,9,2017|2018|2019|2020|2021|2022|2023|2024|2025,True,True
36.85,0.35,Rift Valley,Highlands & Rift,9,2017|2018|2019|2020|2021|2022|2023|2024|2025,True,True
36.95,0.35,Rift Valley,Highlands & Rift,9,2017|2018|2019|2020|2021|2022|2023|2024|2025,True,True
37.05,0.35,Rift Valley,Highlands & Rift,9,2017|2018|2019|2020|2021|2022|2023|2024|2025,True,True
37.15,0.35,Rift Valley,Highlands & Rift,9,2017|2018|2019|2020|2021|2022|2023|2024|2025,True,True
37.25,0.35,Rift Valley,Highlands & Rift,9,2017|2018|2019|2020|2021|2022|2023|2024|2025,True,True
37.35,0.35,Rift Valley,Highlands & Rift,9,2017|2018|2019|2020|2021|2022|2023|2024|2025,True,True
37.45,0.35,Eastern,Arid & Semi-Arid (ASAL),9,2017|2018|2019|2020|2021|2022|2023|2024|2025,True,True
37.55,0.35,Eastern,Arid & Semi-Arid (ASAL),9,2017|2018|2019|2020|2021|2022|2023|2024|2025,True,True
37.65,0.35,Eastern,Arid & Semi-Arid (ASAL),9,2017|2018|2019|2020|2021|2022|2023|2024|2025,True,True
37.75,0.35,Eastern,Arid & Semi-Arid (ASAL),9,2017|2018|2019|2020|2021|2022|2023|2024|2025,True,True
37.85,0.35,Eastern,Arid & Semi-Arid (ASAL),9,2017|2018|2019|2020|2021|2022|2023|2024|2025,True,True
37.95,0.35,Eastern,Arid & Semi-Arid (ASAL),9,2017|2018|2019|2020|2021|2022|2023|2024|2025,True,True
38.05,0.35,Eastern,Arid & Semi-Arid (ASAL),9,2017|2018|2019|2020|2021|2022|2023|2024|2025,True,True
38.15,0.35,Eastern,Arid & Semi-Arid (ASAL),9,2017|2018|2019|2020|2021|2022|2023|2024|2025,True,True
38.25,0.35,Eastern,Arid & Semi-Arid (ASAL),9,2017|2018|2019|2020|2021|2022|2023|2024|2025,True,True
38.35,0.35,Eastern,Arid & Semi-Arid (ASAL),9,2017|2018|2019|2020|2021|2022|2023|2024|2025,True,True
38.45,0.35,Eastern,Arid & Semi-Arid (ASAL),9,2017|2018|2019|2020|2021|2022|2023|2024|2025,True,True
38.55,0.35,Eastern,Arid & Semi-Arid (ASAL),9,2017|2018|2019|2020|2021|2022|2023|2024|2025,True,True
38.65,0.35,Eastern,Arid & Semi-Arid (ASAL),9,2017|2018|2019|2020|2021|2022|2023|2024|2025,True,True
38.75,0.35,North-Eastern,Arid & Semi-Arid (ASAL),9,2017|2018|2019|2020|2021|2022|2023|2024|2025,True,True
38.85,0.35,North-Eastern,Arid & Semi-Arid (ASAL),9,2017|2018|2019|2020|2021|2022|2023|2024|2025,True,True
38.95,0.35,North-Eastern,Arid & Semi-Arid (ASAL),9,2017|2018|2019|2020|2021|2022|2023|2024|2025,True,True
39.05,0.35,North-Eastern,Arid & Semi-Arid (ASAL),9,2017|2018|2019|2020|2021|2022|2023|2024|2025,True,True
39.15,0.35,North-Eastern,Arid & Semi-Arid (ASAL),9,2017|2018|2019|2020|2021|2022|2023|2024|2025,True,True
39.25,0.35,North-Eastern,Arid & Semi-Arid (ASAL),9,2017|2018|2019|2020|2021|2022|2023|2024|2025,True,True
39.35,0.35,North-Eastern,Arid & Semi-Arid (ASAL),9,2017|2018|2019|2020|2021|2022|2023|2024|2025,True,True
39.45,0.35,North-Eastern,Arid & Semi-Arid (ASAL),9,2017|2018|2019|2020|2021|2022|2023|2024|2025,True,True
39.55,0.35,North-Eastern,Arid & Semi-Arid (ASAL),9,2017|2018|2019|2020|2021|2022|2023|2024|2025,True,True
39.65,0.35,North-Eastern,Arid & Semi-Arid (ASAL),9,2017|2018|2019|2020|2021|2022|2023|2024|2025,True,True
39.75,0.35,North-Eastern,Arid & Semi-Arid (ASAL),9,2017|2018|2019|2020|2021|2022|2023|2024|2025,True,True
39.85,0.35,North-Eastern,Arid & Semi-Arid (ASAL),9,2017|2018|2019|2020|2021|2022|2023|2024|2025,True,True
39.95,0.35,North-Eastern,Arid & Semi-Arid (ASAL),9,2017|2018|2019|2020|2021|2022|2023|2024|2025,True,True
40.05,0.35,North-Eastern,Arid & Semi-Arid (ASAL),9,2017|2018|2019|2020|2021|2022|2023|2024|2025,True,True
40.15,0.35,North-Eastern,Arid & Semi-Arid (ASAL),9,2017|2018|2019|2020|2021|2022|2023|2024|2025,True,True
40.25,0.35,North-Eastern,Arid & Semi-Arid (ASAL),9,2017|2018|2019|2020|2021|2022|2023|2024|2025,True,True
40.35,0.35,North-Eastern,Arid & Semi-Arid (ASAL),9,2017|2018|2019|2020|2021|2022|2023|2024|2025,True,True
40.45,0.35,North-Eastern,Arid & Semi-Arid (ASAL),9,2017|2018|2019|2020|2021|2022|2023|2024|2025,True,True
40.55,0.35,North-Eastern,Arid & Semi-Arid (ASAL),9,2017|2018|2019|2020|2021|2022|2023|2024|2025,True,True
40.65,0.35,North-Eastern,Arid & Semi-Arid (ASAL),9,2017|2018|2019|2020|2021|2022|2023|2024|2025,True,True
40.75,0.35,North-Eastern,Arid & Semi-Arid (ASAL),9,2017|2018|2019|2020|2021|2022|2023|2024|2025,True,True
40.85,0.35,North-Eastern,Arid & Semi-Arid (ASAL),9,2017|2018|2019|2020|2021|2022|2023|2024|2025,True,True
40.95,0.35,North-Eastern,Arid & Semi-Arid (ASAL),9,2017|2018|2019|2020|2021|2022|2023|2024|2025,True,True
34.05,0.25,Western,Lake Victoria Basin,9,2017|2018|2019|2020|2021|2022|2023|2024|2025,True,True
34.15,0.25,Nyanza,Lake Victoria Basin,9,2017|2018|2019|2020|2021|2022|2023|2024|2025,True,True
34.25,0.25,Nyanza,Lake Victoria Basin,9,2017|2018|2019|2020|2021|2022|2023|2024|2025,True,True
34.35,0.25,Nyanza,Lake Victoria Basin,9,2017|2018|2019|2020|2021|2022|2023|2024|2025,True,True
34.45,0.25,Western,Lake Victoria Basin,9,2017|2018|2019|2020|2021|2022|2023|2024|2025,True,True
34.55,0.25,Western,Lake Victoria Basin,9,2017|2018|2019|2020|2021|2022|2023|2024|2025,True,True
34.65,0.25,Western,Lake Victoria Basin,9,2017|2018|2019|2020|2021|2022|2023|2024|2025,True,True
34.75,0.25,Western,Lake Victoria Basin,9,2017|2018|2019|2020|2021|2022|2023|2024|2025,True,True
34.85,0.25,Western,Lake Victoria Basin,9,2017|2018|2019|2020|2021|2022|2023|2024|2025,True,True
34.95,0.25,Rift Valley,Highlands & Rift,9,2017|2018|2019|2020|2021|2022|2023|2024|2025,True,True
35.05,0.25,Rift Valley,Highlands & Rift,9,2017|2018|2019|2020|2021|2022|2023|2024|2025,True,True
35.15,0.25,Rift Valley,Highlands & Rift,9,2017|2018|2019|2020|2021|2022|2023|2024|2025,True,True
35.25,0.25,Rift Valley,Highlands & Rift,9,2017|2018|2019|2020|2021|2022|2023|2024|2025,True,True
35.35,0.25,Rift Valley,Highlands & Rift,9,2017|2018|2019|2020|2021|2022|2023|2024|2025,True,True
35.45,0.25,Rift Valley,Highlands & Rift,9,2017|2018|2019|2020|2021|2022|2023|2024|2025,True,True
35.55,0.25,Rift Valley,Highlands & Rift,9,2017|2018|2019|2020|2021|2022|2023|2024|2025,True,True
35.65,0.25,Rift Valley,Highlands & Rift,9,2017|2018|2019|2020|2021|2022|2023|2024|2025,True,True
35.75,0.25,Rift Valley,Highlands & Rift,9,2017|2018|2019|2020|2021|2022|2023|2024|2025,True,True
35.85,0.25,Rift Valley,Highlands & Rift,9,2017|2018|2019|2020|2021|2022|2023|2024|2025,True,True
35.95,0.25,Rift Valley,Highlands & Rift,9,2017|2018|2019|2020|2021|2022|2023|2024|2025,True,True
36.05,0.25,Rift Valley,Highlands & Rift,9,2017|2018|2019|2020|2021|2022|2023|2024|2025,True,True
36.15,0.25,Rift Valley,Highlands & Rift,9,2017|2018|2019|2020|2021|2022|2023|2024|2025,True,True
36.25,0.25,Rift Valley,Highlands & Rift,9,2017|2018|2019|2020|2021|2022|2023|2024|2025,True,True
36.35,0.25,Rift Valley,Highlands & Rift,9,2017|2018|2019|2020|2021|2022|2023|2024|2025,True,True
36.45,0.25,Rift Valley,Highlands & Rift,9,2017|2018|2019|2020|2021|2022|2023|2024|2025,True,True
36.55,0.25,Rift Valley,Highlands & Rift,9,2017|2018|2019|2020|2021|2022|2023|2024|2025,True,True
36.65,0.25,Rift Valley,Highlands & Rift,9,2017|2018|2019|2020|2021|2022|2023|2024|2025,True,True
36.75,0.25,Rift Valley,Highlands & Rift,9,2017|2018|2019|2020|2021|2022|2023|2024|2025,True,True
36.85,0.25,Rift Valley,Highlands & Rift,9,2017|2018|2019|2020|2021|2022|2023|2024|2025,True,True
36.95,0.25,Rift Valley,Highlands & Rift,9,2017|2018|2019|2020|2021|2022|2023|2024|2025,True,True
37.05,0.25,Rift Valley,Highlands & Rift,9,2017|2018|2019|2020|2021|2022|2023|2024|2025,True,True
37.15,0.25,Rift Valley,Highlands & Rift,9,2017|2018|2019|2020|2021|2022|2023|2024|2025,True,True
37.25,0.25,Rift Valley,Highlands & Rift,9,2017|2018|2019|2020|2021|2022|2023|2024|2025,True,True
37.35,0.25,Rift Valley,Highlands & Rift,9,2017|2018|2019|2020|2021|2022|2023|2024|2025,True,True
37.45,0.25,Eastern,Arid & Semi-Arid (ASAL),9,2017|2018|2019|2020|2021|2022|2023|2024|2025,True,True
37.55,0.25,Eastern,Arid & Semi-Arid (ASAL),9,2017|2018|2019|2020|2021|2022|2023|2024|2025,True,True
37.65,0.25,Eastern,Arid & Semi-Arid (ASAL),9,2017|2018|2019|2020|2021|2022|2023|2024|2025,True,True
37.75,0.25,Eastern,Arid & Semi-Arid (ASAL),9,2017|2018|2019|2020|2021|2022|2023|2024|2025,True,True
37.85,0.25,Eastern,Arid & Semi-Arid (ASAL),9,2017|2018|2019|2020|2021|2022|2023|2024|2025,True,True
37.95,0.25,Eastern,Arid & Semi-Arid (ASAL),9,2017|2018|2019|2020|2021|2022|2023|2024|2025,True,True
38.05,0.25,Eastern,Arid & Semi-Arid (ASAL),9,2017|2018|2019|2020|2021|2022|2023|2024|2025,True,True
38.15,0.25,Eastern,Arid & Semi-Arid (ASAL),9,2017|2018|2019|2020|2021|2022|2023|2024|2025,True,True
38.25,0.25,Eastern,Arid & Semi-Arid (ASAL),9,2017|2018|2019|2020|2021|2022|2023|2024|2025,True,True
38.35,0.25,Eastern,Arid & Semi-Arid (ASAL),9,2017|2018|2019|2020|2021|2022|2023|2024|2025,True,True
38.45,0.25,Eastern,Arid & Semi-Arid (ASAL),9,2017|2018|2019|2020|2021|2022|2023|2024|2025,True,True
38.55,0.25,Eastern,Arid & Semi-Arid (ASAL),9,2017|2018|2019|2020|2021|2022|2023|2024|2025,True,True
38.65,0.25,Eastern,Arid & Semi-Arid (ASAL),9,2017|2018|2019|2020|2021|2022|2023|2024|2025,True,True
38.75,0.25,North-Eastern,Arid & Semi-Arid (ASAL),9,2017|2018|2019|2020|2021|2022|2023|2024|2025,True,True
38.85,0.25,North-Eastern,Arid & Semi-Arid (ASAL),9,2017|2018|2019|2020|2021|2022|2023|2024|2025,True,True
38.95,0.25,North-Eastern,Arid & Semi-Arid (ASAL),9,2017|2018|2019|2020|2021|2022|2023|2024|2025,True,True
39.05,0.25,North-Eastern,Arid & Semi-Arid (ASAL),9,2017|2018|2019|2020|2021|2022|2023|2024|2025,True,True
39.15,0.25,North-Eastern,Arid & Semi-Arid (ASAL),9,2017|2018|2019|2020|2021|2022|2023|2024|2025,True,True
39.25,0.25,North-Eastern,Arid & Semi-Arid (ASAL),9,2017|2018|2019|2020|2021|2022|2023|2024|2025,True,True
39.35,0.25,North-Eastern,Arid & Semi-Arid (ASAL),9,2017|2018|2019|2020|2021|2022|2023|2024|2025,True,True
39.45,0.25,North-Eastern,Arid & Semi-Arid (ASAL),9,2017|2018|2019|2020|2021|2022|2023|2024|2025,True,True
39.55,0.25,North-Eastern,Arid & Semi-Arid (ASAL),9,2017|2018|2019|2020|2021|2022|2023|2024|2025,True,True
39.65,0.25,North-Eastern,Arid & Semi-Arid (ASAL),9,2017|2018|2019|2020|2021|2022|2023|2024|2025,True,True
39.75,0.25,North-Eastern,Arid & Semi-Arid (ASAL),9,2017|2018|2019|2020|2021|2022|2023|2024|2025,True,True
39.85,0.25,North-Eastern,Arid & Semi-Arid (ASAL),9,2017|2018|2019|2020|2021|2022|2023|2024|2025,True,True
39.95,0.25,North-Eastern,Arid & Semi-Arid (ASAL),9,2017|2018|2019|2020|2021|2022|2023|2024|2025,True,True
40.05,0.25,North-Eastern,Arid & Semi-Arid (ASAL),9,2017|2018|2019|2020|2021|2022|2023|2024|2025,True,True
40.15,0.25,North-Eastern,Arid & Semi-Arid (ASAL),9,2017|2018|2019|2020|2021|2022|2023|2024|2025,True,True
40.25,0.25,North-Eastern,Arid & Semi-Arid (ASAL),9,2017|2018|2019|2020|2021|2022|2023|2024|2025,True,True
40.35,0.25,North-Eastern,Arid & Semi-Arid (ASAL),9,2017|2018|2019|2020|2021|2022|2023|2024|2025,True,True
40.45,0.25,North-Eastern,Arid & Semi-Arid (ASAL),9,2017|2018|2019|2020|2021|2022|2023|2024|2025,True,True
40.55,0.25,North-Eastern,Arid & Semi-Arid (ASAL),9,2017|2018|2019|2020|2021|2022|2023|2024|2025,True,True
40.65,0.25,North-Eastern,Arid & Semi-Arid (ASAL),9,2017|2018|2019|2020|2021|2022|2023|2024|2025,True,True
40.75,0.25,North-Eastern,Arid & Semi-Arid (ASAL),9,2017|2018|2019|2020|2021|2022|2023|2024|2025,True,True
40.85,0.25,North-Eastern,Arid & Semi-Arid (ASAL),9,2017|2018|2019|2020|2021|2022|2023|2024|2025,True,True
40.95,0.25,North-Eastern,Arid & Semi-Arid (ASAL),9,2017|2018|2019|2020|2021|2022|2023|2024|2025,True,True
33.95,0.15,Western,Lake Victoria Basin,9,2017|2018|2019|2020|2021|2022|2023|2024|2025,True,True
34.05,0.15,Western,Lake Victoria Basin,9,2017|2018|2019|2020|2021|2022|2023|2024|2025,True,True
34.15,0.15,Nyanza,Lake Victoria Basin,9,2017|2018|2019|2020|2021|2022|2023|2024|2025,True,True
34.25,0.15,Nyanza,Lake Victoria Basin,9,2017|2018|2019|2020|2021|2022|2023|2024|2025,True,True
34.35,0.15,Nyanza,Lake Victoria Basin,9,2017|2018|2019|2020|2021|2022|2023|2024|2025,True,True
34.45,0.15,Nyanza,Lake Victoria Basin,9,2017|2018|2019|2020|2021|2022|2023|2024|2025,True,True
34.55,0.15,Western,Lake Victoria Basin,9,2017|2018|2019|2020|2021|2022|2023|2024|2025,True,True
34.65,0.15,Western,Lake Victoria Basin,9,2017|2018|2019|2020|2021|2022|2023|2024|2025,True,True
34.75,0.15,Western,Lake Victoria Basin,9,2017|2018|2019|2020|2021|2022|2023|2024|2025,True,True
34.85,0.15,Western,Lake Victoria Basin,9,2017|2018|2019|2020|2021|2022|2023|2024|2025,True,True
34.95,0.15,Rift Valley,Highlands & Rift,9,2017|2018|2019|2020|2021|2022|2023|2024|2025,True,True
35.05,0.15,Rift Valley,Highlands & Rift,9,2017|2018|2019|2020|2021|2022|2023|2024|2025,True,True
35.15,0.15,Rift Valley,Highlands & Rift,9,2017|2018|2019|2020|2021|2022|2023|2024|2025,True,True
35.25,0.15,Rift Valley,Highlands & Rift,9,2017|2018|2019|2020|2021|2022|2023|2024|2025,True,True
35.35,0.15,Rift Valley,Highlands & Rift,9,2017|2018|2019|2020|2021|2022|2023|2024|2025,True,True
35.45,0.15,Rift Valley,Highlands & Rift,9,2017|2018|2019|2020|2021|2022|2023|2024|2025,True,True
35.55,0.15,Rift Valley,Highlands & Rift,9,2017|2018|2019|2020|2021|2022|2023|2024|2025,True,True
35.65,0.15,Rift Valley,Highlands & Rift,9,2017|2018|2019|2020|2021|2022|2023|2024|2025,True,True
35.75,0.15,Rift Valley,Highlands & Rift,9,2017|2018|2019|2020|2021|2022|2023|2024|2025,True,True
35.85,0.15,Rift Valley,Highlands & Rift,9,2017|2018|2019|2020|2021|2022|2023|2024|2025,True,True
35.95,0.15,Rift Valley,Highlands & Rift,9,2017|2018|2019|2020|2021|2022|2023|2024|2025,True,True
36.05,0.15,Rift Valley,Highlands & Rift,9,2017|2018|2019|2020|2021|2022|2023|2024|2025,True,True
36.15,0.15,Rift Valley,Highlands & Rift,9,2017|2018|2019|2020|2021|2022|2023|2024|2025,True,True
36.25,0.15,Rift Valley,Highlands & Rift,9,2017|2018|2019|2020|2021|2022|2023|2024|2025,True,True
36.35,0.15,Rift Valley,Highlands & Rift,9,2017|2018|2019|2020|2021|2022|2023|2024|2025,True,True
36.45,0.15,Rift Valley,Highlands & Rift,9,2017|2018|2019|2020|2021|2022|2023|2024|2025,True,True
36.55,0.15,Rift Valley,Highlands & Rift,9,2017|2018|2019|2020|2021|2022|2023|2024|2025,True,True
36.65,0.15,Rift Valley,Highlands & Rift,9,2017|2018|2019|2020|2021|2022|2023|2024|2025,True,True
36.75,0.15,Rift Valley,Highlands & Rift,9,2017|2018|2019|2020|2021|2022|2023|2024|2025,True,True
36.85,0.15,Rift Valley,Highlands & Rift,9,2017|2018|2019|2020|2021|2022|2023|2024|2025,True,True
36.95,0.15,Rift Valley,Highlands & Rift,9,2017|2018|2019|2020|2021|2022|2023|2024|2025,True,True
37.05,0.15,Rift Valley,Highlands & Rift,9,2017|2018|2019|2020|2021|2022|2023|2024|2025,True,True
37.15,0.15,Rift Valley,Highlands & Rift,9,2017|2018|2019|2020|2021|2022|2023|2024|2025,True,True
37.25,0.15,Rift Valley,Highlands & Rift,9,2017|2018|2019|2020|2021|2022|2023|2024|2025,True,True
37.35,0.15,Eastern,Arid & Semi-Arid (ASAL),9,2017|2018|2019|2020|2021|2022|2023|2024|2025,True,True
37.45,0.15,Eastern,Arid & Semi-Arid (ASAL),9,2017|2018|2019|2020|2021|2022|2023|2024|2025,True,True
37.55,0.15,Eastern,Arid & Semi-Arid (ASAL),9,2017|2018|2019|2020|2021|2022|2023|2024|2025,True,True
37.65,0.15,Eastern,Arid & Semi-Arid (ASAL),9,2017|2018|2019|2020|2021|2022|2023|2024|2025,True,True
37.75,0.15,Eastern,Arid & Semi-Arid (ASAL),9,2017|2018|2019|2020|2021|2022|2023|2024|2025,True,True
37.85,0.15,Eastern,Arid & Semi-Arid (ASAL),9,2017|2018|2019|2020|2021|2022|2023|2024|2025,True,True
37.95,0.15,Eastern,Arid & Semi-Arid (ASAL),9,2017|2018|2019|2020|2021|2022|2023|2024|2025,True,True
38.05,0.15,Eastern,Arid & Semi-Arid (ASAL),9,2017|2018|2019|2020|2021|2022|2023|2024|2025,True,True
38.15,0.15,Eastern,Arid & Semi-Arid (ASAL),9,2017|2018|2019|2020|2021|2022|2023|2024|2025,True,True
38.25,0.15,Eastern,Arid & Semi-Arid (ASAL),9,2017|2018|2019|2020|2021|2022|2023|2024|2025,True,True
38.35,0.15,Eastern,Arid & Semi-Arid (ASAL),9,2017|2018|2019|2020|2021|2022|2023|2024|2025,True,True
38.45,0.15,Eastern,Arid & Semi-Arid (ASAL),9,2017|2018|2019|2020|2021|2022|2023|2024|2025,True,True
38.55,0.15,Eastern,Arid & Semi-Arid (ASAL),9,2017|2018|2019|2020|2021|2022|2023|2024|2025,True,True
38.65,0.15,Eastern,Arid & Semi-Arid (ASAL),9,2017|2018|2019|2020|2021|2022|2023|2024|2025,True,True
38.75,0.15,North-Eastern,Arid & Semi-Arid (ASAL),9,2017|2018|2019|2020|2021|2022|2023|2024|2025,True,True
38.85,0.15,North-Eastern,Arid & Semi-Arid (ASAL),9,2017|2018|2019|2020|2021|2022|2023|2024|2025,True,True
38.95,0.15,North-Eastern,Arid & Semi-Arid (ASAL),9,2017|2018|2019|2020|2021|2022|2023|2024|2025,True,True
39.05,0.15,North-Eastern,Arid & Semi-Arid (ASAL),9,2017|2018|2019|2020|2021|2022|2023|2024|2025,True,True
39.15,0.15,North-Eastern,Arid & Semi-Arid (ASAL),9,2017|2018|2019|2020|2021|2022|2023|2024|2025,True,True
39.25,0.15,North-Eastern,Arid & Semi-Arid (ASAL),9,2017|2018|2019|2020|2021|2022|2023|2024|2025,True,True
39.35,0.15,North-Eastern,Arid & Semi-Arid (ASAL),9,2017|2018|2019|2020|2021|2022|2023|2024|2025,True,True
39.45,0.15,North-Eastern,Arid & Semi-Arid (ASAL),9,2017|2018|2019|2020|2021|2022|2023|2024|2025,True,True
39.55,0.15,North-Eastern,Arid & Semi-Arid (ASAL),9,2017|2018|2019|2020|2021|2022|2023|2024|2025,True,True
39.65,0.15,North-Eastern,Arid & Semi-Arid (ASAL),9,2017|2018|2019|2020|2021|2022|2023|2024|2025,True,True
39.75,0.15,North-Eastern,Arid & Semi-Arid (ASAL),9,2017|2018|2019|2020|2021|2022|2023|2024|2025,True,True
39.85,0.15,North-Eastern,Arid & Semi-Arid (ASAL),9,2017|2018|2019|2020|2021|2022|2023|2024|2025,True,True
39.95,0.15,North-Eastern,Arid & Semi-Arid (ASAL),9,2017|2018|2019|2020|2021|2022|2023|2024|2025,True,True
40.05,0.15,North-Eastern,Arid & Semi-Arid (ASAL),9,2017|2018|2019|2020|2021|2022|2023|2024|2025,True,True
40.15,0.15,North-Eastern,Arid & Semi-Arid (ASAL),9,2017|2018|2019|2020|2021|2022|2023|2024|2025,True,True
40.25,0.15,North-Eastern,Arid & Semi-Arid (ASAL),9,2017|2018|2019|2020|2021|2022|2023|2024|2025,True,True
40.35,0.15,North-Eastern,Arid & Semi-Arid (ASAL),9,2017|2018|2019|2020|2021|2022|2023|2024|2025,True,True
40.45,0.15,North-Eastern,Arid & Semi-Arid (ASAL),9,2017|2018|2019|2020|2021|2022|2023|2024|2025,True,True
40.55,0.15,North-Eastern,Arid & Semi-Arid (ASAL),9,2017|2018|2019|2020|2021|2022|2023|2024|2025,True,True
40.65,0.15,North-Eastern,Arid & Semi-Arid (ASAL),9,2017|2018|2019|2020|2021|2022|2023|2024|2025,True,True
40.75,0.15,North-Eastern,Arid & Semi-Arid (ASAL),9,2017|2018|2019|2020|2021|2022|2023|2024|2025,True,True
40.85,0.15,North-Eastern,Arid & Semi-Arid (ASAL),9,2017|2018|2019|2020|2021|2022|2023|2024|2025,True,True
40.95,0.15,North-Eastern,Arid & Semi-Arid (ASAL),9,2017|2018|2019|2020|2021|2022|2023|2024|2025,True,True
33.95,0.05,Western,Lake Victoria Basin,9,2017|2018|2019|2020|2021|2022|2023|2024|2025,True,True
34.05,0.05,Nyanza,Lake Victoria Basin,9,2017|2018|2019|2020|2021|2022|2023|2024|2025,True,True
34.15,0.05,Nyanza,Lake Victoria Basin,9,2017|2018|2019|2020|2021|2022|2023|2024|2025,True,True
34.25,0.05,Nyanza,Lake Victoria Basin,9,2017|2018|2019|2020|2021|2022|2023|2024|2025,True,True
34.35,0.05,Nyanza,Lake Victoria Basin,9,2017|2018|2019|2020|2021|2022|2023|2024|2025,True,True
34.45,0.05,Nyanza,Lake Victoria Basin,9,2017|2018|2019|2020|2021|2022|2023|2024|2025,True,True
34.55,0.05,Western,Lake Victoria Basin,9,2017|2018|2019|2020|2021|2022|2023|2024|2025,True,True
34.65,0.05,Western,Lake Victoria Basin,9,2017|2018|2019|2020|2021|2022|2023|2024|2025,True,True
34.75,0.05,Western,Lake Victoria Basin,9,2017|2018|2019|2020|2021|2022|2023|2024|2025,True,True
34.85,0.05,Rift Valley,Highlands & Rift,9,2017|2018|2019|2020|2021|2022|2023|2024|2025,True,True
34.95,0.05,Rift Valley,Highlands & Rift,9,2017|2018|2019|2020|2021|2022|2023|2024|2025,True,True
35.05,0.05,Rift Valley,Highlands & Rift,9,2017|2018|2019|2020|2021|2022|2023|2024|2025,True,True
35.15,0.05,Rift Valley,Highlands & Rift,9,2017|2018|2019|2020|2021|2022|2023|2024|2025,True,True
35.25,0.05,Rift Valley,Highlands & Rift,9,2017|2018|2019|2020|2021|2022|2023|2024|2025,True,True
35.35,0.05,Rift Valley,Highlands & Rift,9,2017|2018|2019|2020|2021|2022|2023|2024|2025,True,True
35.45,0.05,Rift Valley,Highlands & Rift,9,2017|2018|2019|2020|2021|2022|2023|2024|2025,True,True
35.55,0.05,Rift Valley,Highlands & Rift,9,2017|2018|2019|2020|2021|2022|2023|2024|2025,True,True
35.65,0.05,Rift Valley,Highlands & Rift,9,2017|2018|2019|2020|2021|2022|2023|2024|2025,True,True
35.75,0.05,Rift Valley,Highlands & Rift,9,2017|2018|2019|2020|2021|2022|2023|2024|2025,True,True
35.85,0.05,Rift Valley,Highlands & Rift,9,2017|2018|2019|2020|2021|2022|2023|2024|2025,True,True
35.95,0.05,Rift Valley,Highlands & Rift,9,2017|2018|2019|2020|2021|2022|2023|2024|2025,True,True
36.05,0.05,Rift Valley,Highlands & Rift,9,2017|2018|2019|2020|2021|2022|2023|2024|2025,True,True
36.15,0.05,Rift Valley,Highlands & Rift,9,2017|2018|2019|2020|2021|2022|2023|2024|2025,True,True
36.25,0.05,Rift Valley,Highlands & Rift,9,2017|2018|2019|2020|2021|2022|2023|2024|2025,True,True
36.35,0.05,Central,Highlands & Rift,9,2017|2018|2019|2020|2021|2022|2023|2024|2025,True,True
36.45,0.05,Central,Highlands & Rift,9,2017|2018|2019|2020|2021|2022|2023|2024|2025,True,True
36.55,0.05,Rift Valley,Highlands & Rift,9,2017|2018|2019|2020|2021|2022|2023|2024|2025,True,True
36.65,0.05,Rift Valley,Highlands & Rift,9,2017|2018|2019|2020|2021|2022|2023|2024|2025,True,True
36.75,0.05,Rift Valley,Highlands & Rift,9,2017|2018|2019|2020|2021|2022|2023|2024|2025,True,True
36.85,0.05,Rift Valley,Highlands & Rift,9,2017|2018|2019|2020|2021|2022|2023|2024|2025,True,True
36.95,0.05,Rift Valley,Highlands & Rift,9,2017|2018|2019|2020|2021|2022|2023|2024|2025,True,True
37.05,0.05,Rift Valley,Highlands & Rift,9,2017|2018|2019|2020|2021|2022|2023|2024|2025,True,True
37.15,0.05,Rift Valley,Highlands & Rift,9,2017|2018|2019|2020|2021|2022|2023|2024|2025,True,True
37.25,0.05,Eastern,Arid & Semi-Arid (ASAL),9,2017|2018|2019|2020|2021|2022|2023|2024|2025,True,True
37.35,0.05,Eastern,Arid & Semi-Arid (ASAL),9,2017|2018|2019|2020|2021|2022|2023|2024|2025,True,True
37.45,0.05,Eastern,Arid & Semi-Arid (ASAL),9,2017|2018|2019|2020|2021|2022|2023|2024|2025,True,True
37.55,0.05,Eastern,Arid & Semi-Arid (ASAL),9,2017|2018|2019|2020|2021|2022|2023|2024|2025,True,True
37.65,0.05,Eastern,Arid & Semi-Arid (ASAL),9,2017|2018|2019|2020|2021|2022|2023|2024|2025,True,True
37.75,0.05,Eastern,Arid & Semi-Arid (ASAL),9,2017|2018|2019|2020|2021|2022|2023|2024|2025,True,True
37.85,0.05,Eastern,Arid & Semi-Arid (ASAL),9,2017|2018|2019|2020|2021|2022|2023|2024|2025,True,True
37.95,0.05,Eastern,Arid & Semi-Arid (ASAL),9,2017|2018|2019|2020|2021|2022|2023|2024|2025,True,True
38.05,0.05,Eastern,Arid & Semi-Arid (ASAL),9,2017|2018|2019|2020|2021|2022|2023|2024|2025,True,True
38.15,0.05,Eastern,Arid & Semi-Arid (ASAL),9,2017|2018|2019|2020|2021|2022|2023|2024|2025,True,True
38.25,0.05,Eastern,Arid & Semi-Arid (ASAL),9,2017|2018|2019|2020|2021|2022|2023|2024|2025,True,True
38.35,0.05,Eastern,Arid & Semi-Arid (ASAL),9,2017|2018|2019|2020|2021|2022|2023|2024|2025,True,True
38.45,0.05,Eastern,Arid & Semi-Arid (ASAL),9,2017|2018|2019|2020|2021|2022|2023|2024|2025,True,True
38.55,0.05,Eastern,Arid & Semi-Arid (ASAL),9,2017|2018|2019|2020|2021|2022|2023|2024|2025,True,True
38.65,0.05,Eastern,Arid & Semi-Arid (ASAL),9,2017|2018|2019|2020|2021|2022|2023|2024|2025,True,True
38.75,0.05,North-Eastern,Arid & Semi-Arid (ASAL),9,2017|2018|2019|2020|2021|2022|2023|2024|2025,True,True
38.85,0.05,North-Eastern,Arid & Semi-Arid (ASAL),9,2017|2018|2019|2020|2021|2022|2023|2024|2025,True,True
38.95,0.05,North-Eastern,Arid & Semi-Arid (ASAL),9,2017|2018|2019|2020|2021|2022|2023|2024|2025,True,True
39.05,0.05,North-Eastern,Arid & Semi-Arid (ASAL),9,2017|2018|2019|2020|2021|2022|2023|2024|2025,True,True
39.15,0.05,North-Eastern,Arid & Semi-Arid (ASAL),9,2017|2018|2019|2020|2021|2022|2023|2024|2025,True,True
39.25,0.05,North-Eastern,Arid & Semi-Arid (ASAL),9,2017|2018|2019|2020|2021|2022|2023|2024|2025,True,True
39.35,0.05,North-Eastern,Arid & Semi-Arid (ASAL),9,2017|2018|2019|2020|2021|2022|2023|2024|2025,True,True
39.45,0.05,North-Eastern,Arid & Semi-Arid (ASAL),9,2017|2018|2019|2020|2021|2022|2023|2024|2025,True,True
39.55,0.05,North-Eastern,Arid & Semi-Arid (ASAL),9,2017|2018|2019|2020|2021|2022|2023|2024|2025,True,True
39.65,0.05,North-Eastern,Arid & Semi-Arid (ASAL),9,2017|2018|2019|2020|2021|2022|2023|2024|2025,True,True
39.75,0.05,North-Eastern,Arid & Semi-Arid (ASAL),9,2017|2018|2019|2020|2021|2022|2023|2024|2025,True,True
39.85,0.05,North-Eastern,Arid & Semi-Arid (ASAL),9,2017|2018|2019|2020|2021|2022|2023|2024|2025,True,True
39.95,0.05,North-Eastern,Arid & Semi-Arid (ASAL),9,2017|2018|2019|2020|2021|2022|2023|2024|2025,True,True
40.05,0.05,North-Eastern,Arid & Semi-Arid (ASAL),9,2017|2018|2019|2020|2021|2022|2023|2024|2025,True,True
40.15,0.05,North-Eastern,Arid & Semi-Arid (ASAL),9,2017|2018|2019|2020|2021|2022|2023|2024|2025,True,True
40.25,0.05,North-Eastern,Arid & Semi-Arid (ASAL),9,2017|2018|2019|2020|2021|2022|2023|2024|2025,True,True
40.35,0.05,North-Eastern,Arid & Semi-Arid (ASAL),9,2017|2018|2019|2020|2021|2022|2023|2024|2025,True,True
40.45,0.05,North-Eastern,Arid & Semi-Arid (ASAL),9,2017|2018|2019|2020|2021|2022|2023|2024|2025,True,True
40.55,0.05,North-Eastern,Arid & Semi-Arid (ASAL),9,2017|2018|2019|2020|2021|2022|2023|2024|2025,True,True
40.65,0.05,North-Eastern,Arid & Semi-Arid (ASAL),9,2017|2018|2019|2020|2021|2022|2023|2024|2025,True,True
40.75,0.05,North-Eastern,Arid & Semi-Arid (ASAL),9,2017|2018|2019|2020|2021|2022|2023|2024|2025,True,True
40.85,0.05,North-Eastern,Arid & Semi-Arid (ASAL),9,2017|2018|2019|2020|2021|2022|2023|2024|2025,True,True
40.95,0.05,North-Eastern,Arid & Semi-Arid (ASAL),9,2017|2018|2019|2020|2021|2022|2023|2024|2025,True,True
33.95,-0.05,Western,Lake Victoria Basin,9,2017|2018|2019|2020|2021|2022|2023|2024|2025,True,True
34.05,-0.05,Nyanza,Lake Victoria Basin,9,2017|2018|2019|2020|2021|2022|2023|2024|2025,True,True
34.15,-0.05,Nyanza,Lake Victoria Basin,9,2017|2018|2019|2020|2021|2022|2023|2024|2025,True,True
34.25,-0.05,Nyanza,Lake Victoria Basin,9,2017|2018|2019|2020|2021|2022|2023|2024|2025,True,True
34.35,-0.05,Nyanza,Lake Victoria Basin,9,2017|2018|2019|2020|2021|2022|2023|2024|2025,True,True
34.45,-0.05,Nyanza,Lake Victoria Basin,9,2017|2018|2019|2020|2021|2022|2023|2024|2025,True,True
34.55,-0.05,Nyanza,Lake Victoria Basin,9,2017|2018|2019|2020|2021|2022|2023|2024|2025,True,True
34.65,-0.05,Nyanza,Lake Victoria Basin,9,2017|2018|2019|2020|2021|2022|2023|2024|2025,True,True
34.75,-0.05,Nyanza,Lake Victoria Basin,9,2017|2018|2019|2020|2021|2022|2023|2024|2025,True,True
34.85,-0.05,Nyanza,Lake Victoria Basin,9,2017|2018|2019|2020|2021|2022|2023|2024|2025,True,True
34.95,-0.05,Nyanza,Lake Victoria Basin,9,2017|2018|2019|2020|2021|2022|2023|2024|2025,True,True
35.05,-0.05,Rift Valley,Highlands & Rift,9,2017|2018|2019|2020|2021|2022|2023|2024|2025,True,True
35.15,-0.05,Nyanza,Lake Victoria Basin,9,2017|2018|2019|2020|2021|2022|2023|2024|2025,True,True
35.25,-0.05,Rift Valley,Highlands & Rift,9,2017|2018|2019|2020|2021|2022|2023|2024|2025,True,True
35.35,-0.05,Rift Valley,Highlands & Rift,9,2017|2018|2019|2020|2021|2022|2023|2024|2025,True,True
35.45,-0.05,Rift Valley,Highlands & Rift,9,2017|2018|2019|2020|2021|2022|2023|2024|2025,True,True
35.55,-0.05,Rift Valley,Highlands & Rift,9,2017|2018|2019|2020|2021|2022|2023|2024|2025,True,True
35.65,-0.05,Rift Valley,Highlands & Rift,9,2017|2018|2019|2020|2021|2022|2023|2024|2025,True,True
35.75,-0.05,Rift Valley,Highlands & Rift,9,2017|2018|2019|2020|2021|2022|2023|2024|2025,True,True
35.85,-0.05,Rift Valley,Highlands & Rift,9,2017|2018|2019|2020|2021|2022|2023|2024|2025,True,True
35.95,-0.05,Rift Valley,Highlands & Rift,9,2017|2018|2019|2020|2021|2022|2023|2024|2025,True,True
36.05,-0.05,Rift Valley,Highlands & Rift,9,2017|2018|2019|2020|2021|2022|2023|2024|2025,True,True
36.15,-0.05,Rift Valley,Highlands & Rift,9,2017|2018|2019|2020|2021|2022|2023|2024|2025,True,True
36.25,-0.05,Central,Highlands & Rift,9,2017|2018|2019|2020|2021|2022|2023|2024|2025,True,True
36.35,-0.05,Central,Highlands & Rift,9,2017|2018|2019|2020|2021|2022|2023|2024|2025,True,True
36.45,-0.05,Central,Highlands & Rift,9,2017|2018|2019|2020|2021|2022|2023|2024|2025,True,True
36.55,-0.05,Central,Highlands & Rift,9,2017|2018|2019|2020|2021|2022|2023|2024|2025,True,True
36.65,-0.05,Rift Valley,Highlands & Rift,9,2017|2018|2019|2020|2021|2022|2023|2024|2025,True,True
36.75,-0.05,Rift Valley,Highlands & Rift,9,2017|2018|2019|2020|2021|2022|2023|2024|2025,True,True
36.85,-0.05,Rift Valley,Highlands & Rift,9,2017|2018|2019|2020|2021|2022|2023|2024|2025,True,True
36.95,-0.05,Rift Valley,Highlands & Rift,9,2017|2018|2019|2020|2021|2022|2023|2024|2025,True,True
37.05,-0.05,Central,Highlands & Rift,9,2017|2018|2019|2020|2021|2022|2023|2024|2025,True,True
37.15,-0.05,Central,Highlands & Rift,9,2017|2018|2019|2020|2021|2022|2023|2024|2025,True,True
37.25,-0.05,Eastern,Arid & Semi-Arid (ASAL),9,2017|2018|2019|2020|2021|2022|2023|2024|2025,True,True
37.35,-0.05,Eastern,Arid & Semi-Arid (ASAL),9,2017|2018|2019|2020|2021|2022|2023|2024|2025,True,True
37.45,-0.05,Eastern,Arid & Semi-Arid (ASAL),9,2017|2018|2019|2020|2021|2022|2023|2024|2025,True,True
37.55,-0.05,Eastern,Arid & Semi-Arid (ASAL),9,2017|2018|2019|2020|2021|2022|2023|2024|2025,True,True
37.65,-0.05,Eastern,Arid & Semi-Arid (ASAL),9,2017|2018|2019|2020|2021|2022|2023|2024|2025,True,True
37.75,-0.05,Eastern,Arid & Semi-Arid (ASAL),9,2017|2018|2019|2020|2021|2022|2023|2024|2025,True,True
37.85,-0.05,Eastern,Arid & Semi-Arid (ASAL),9,2017|2018|2019|2020|2021|2022|2023|2024|2025,True,True
37.95,-0.05,Eastern,Arid & Semi-Arid (ASAL),9,2017|2018|2019|2020|2021|2022|2023|2024|2025,True,True
38.05,-0.05,Eastern,Arid & Semi-Arid (ASAL),9,2017|2018|2019|2020|2021|2022|2023|2024|2025,True,True
38.15,-0.05,Eastern,Arid & Semi-Arid (ASAL),9,2017|2018|2019|2020|2021|2022|2023|2024|2025,True,True
38.25,-0.05,Eastern,Arid & Semi-Arid (ASAL),9,2017|2018|2019|2020|2021|2022|2023|2024|2025,True,True
38.35,-0.05,Eastern,Arid & Semi-Arid (ASAL),9,2017|2018|2019|2020|2021|2022|2023|2024|2025,True,True
38.45,-0.05,Eastern,Arid & Semi-Arid (ASAL),9,2017|2018|2019|2020|2021|2022|2023|2024|2025,True,True
38.55,-0.05,Coast,Coast,9,2017|2018|2019|2020|2021|2022|2023|2024|2025,True,True
38.65,-0.05,Coast,Coast,9,2017|2018|2019|2020|2021|2022|2023|2024|2025,True,True
38.75,-0.05,North-Eastern,Arid & Semi-Arid (ASAL),9,2017|2018|2019|2020|2021|2022|2023|2024|2025,True,True
38.85,-0.05,North-Eastern,Arid & Semi-Arid (ASAL),9,2017|2018|2019|2020|2021|2022|2023|2024|2025,True,True
38.95,-0.05,North-Eastern,Arid & Semi-Arid (ASAL),9,2017|2018|2019|2020|2021|2022|2023|2024|2025,True,True
39.05,-0.05,Coast,Coast,9,2017|2018|2019|2020|2021|2022|2023|2024|2025,True,True
39.15,-0.05,North-Eastern,Arid & Semi-Arid (ASAL),9,2017|2018|2019|2020|2021|2022|2023|2024|2025,True,True
39.25,-0.05,North-Eastern,Arid & Semi-Arid (ASAL),9,2017|2018|2019|2020|2021|2022|2023|2024|2025,True,True
39.35,-0.05,North-Eastern,Arid & Semi-Arid (ASAL),9,2017|2018|2019|2020|2021|2022|2023|2024|2025,True,True
39.45,-0.05,North-Eastern,Arid & Semi-Arid (ASAL),9,2017|2018|2019|2020|2021|2022|2023|2024|2025,True,True
39.55,-0.05,North-Eastern,Arid & Semi-Arid (ASAL),9,2017|2018|2019|2020|2021|2022|2023|2024|2025,True,True
39.65,-0.05,North-Eastern,Arid & Semi-Arid (ASAL),9,2017|2018|2019|2020|2021|2022|2023|2024|2025,True,True
39.75,-0.05,North-Eastern,Arid & Semi-Arid (ASAL),9,2017|2018|2019|2020|2021|2022|2023|2024|2025,True,True
39.85,-0.05,North-Eastern,Arid & Semi-Arid (ASAL),9,2017|2018|2019|2020|2021|2022|2023|2024|2025,True,True
39.95,-0.05,North-Eastern,Arid & Semi-Arid (ASAL),9,2017|2018|2019|2020|2021|2022|2023|2024|2025,True,True
40.05,-0.05,North-Eastern,Arid & Semi-Arid (ASAL),9,2017|2018|2019|2020|2021|2022|2023|2024|2025,True,True
40.15,-0.05,North-Eastern,Arid & Semi-Arid (ASAL),9,2017|2018|2019|2020|2021|2022|2023|2024|2025,True,True
40.25,-0.05,North-Eastern,Arid & Semi-Arid (ASAL),9,2017|2018|2019|2020|2021|2022|2023|2024|2025,True,True
40.35,-0.05,North-Eastern,Arid & Semi-Arid (ASAL),9,2017|2018|2019|2020|2021|2022|2023|2024|2025,True,True
40.45,-0.05,North-Eastern,Arid & Semi-Arid (ASAL),9,2017|2018|2019|2020|2021|2022|2023|2024|2025,True,True
40.55,-0.05,North-Eastern,Arid & Semi-Arid (ASAL),9,2017|2018|2019|2020|2021|2022|2023|2024|2025,True,True
40.65,-0.05,North-Eastern,Arid & Semi-Arid (ASAL),9,2017|2018|2019|2020|2021|2022|2023|2024|2025,True,True
40.75,-0.05,North-Eastern,Arid & Semi-Arid (ASAL),9,2017|2018|2019|2020|2021|2022|2023|2024|2025,True,True
40.85,-0.05,North-Eastern,Arid & Semi-Arid (ASAL),9,2017|2018|2019|2020|2021|2022|2023|2024|2025,True,True
40.95,-0.05,North-Eastern,Arid & Semi-Arid (ASAL),9,2017|2018|2019|2020|2021|2022|2023|2024|2025,True,True
34.05,-0.15,Nyanza,Lake Victoria Basin,9,2017|2018|2019|2020|2021|2022|2023|2024|2025,True,True
34.15,-0.15,Nyanza,Lake Victoria Basin,9,2017|2018|2019|2020|2021|2022|2023|2024|2025,True,True
34.25,-0.15,Nyanza,Lake Victoria Basin,9,2017|2018|2019|2020|2021|2022|2023|2024|2025,True,True
34.35,-0.15,Nyanza,Lake Victoria Basin,9,2017|2018|2019|2020|2021|2022|2023|2024|2025,True,True
34.45,-0.15,Nyanza,Lake Victoria Basin,9,2017|2018|2019|2020|2021|2022|2023|2024|2025,True,True
34.55,-0.15,Nyanza,Lake Victoria Basin,9,2017|2018|2019|2020|2021|2022|2023|2024|2025,True,True
34.65,-0.15,Nyanza,Lake Victoria Basin,9,2017|2018|2019|2020|2021|2022|2023|2024|2025,True,True
34.75,-0.15,Nyanza,Lake Victoria Basin,9,2017|2018|2019|2020|2021|2022|2023|2024|2025,True,True
34.85,-0.15,Nyanza,Lake Victoria Basin,9,2017|2018|2019|2020|2021|2022|2023|2024|2025,True,True
34.95,-0.15,Nyanza,Lake Victoria Basin,9,2017|2018|2019|2020|2021|2022|2023|2024|2025,True,True
35.05,-0.15,Nyanza,Lake Victoria Basin,9,2017|2018|2019|2020|2021|2022|2023|2024|2025,True,True
35.15,-0.15,Nyanza,Lake Victoria Basin,9,2017|2018|2019|2020|2021|2022|2023|2024|2025,True,True
35.25,-0.15,Nyanza,Lake Victoria Basin,9,2017|2018|2019|2020|2021|2022|2023|2024|2025,True,True
35.35,-0.15,Rift Valley,Highlands & Rift,9,2017|2018|2019|2020|2021|2022|2023|2024|2025,True,True
35.45,-0.15,Rift Valley,Highlands & Rift,9,2017|2018|2019|2020|2021|2022|2023|2024|2025,True,True
35.55,-0.15,Rift Valley,Highlands & Rift,9,2017|2018|2019|2020|2021|2022|2023|2024|2025,True,True
35.65,-0.15,Rift Valley,Highlands & Rift,9,2017|2018|2019|2020|2021|2022|2023|2024|2025,True,True
35.75,-0.15,Rift Valley,Highlands & Rift,9,2017|2018|2019|2020|2021|2022|2023|2024|2025,True,True
35.85,-0.15,Rift Valley,Highlands & Rift,9,2017|2018|2019|2020|2021|2022|2023|2024|2025,True,True
35.95,-0.15,Rift Valley,Highlands & Rift,9,2017|2018|2019|2020|2021|2022|2023|2024|2025,True,True
36.05,-0.15,Rift Valley,Highlands & Rift,9,2017|2018|2019|2020|2021|2022|2023|2024|2025,True,True
36.15,-0.15,Rift Valley,Highlands & Rift,9,2017|2018|2019|2020|2021|2022|2023|2024|2025,True,True
36.25,-0.15,Central,Highlands & Rift,9,2017|2018|2019|2020|2021|2022|2023|2024|2025,True,True
36.35,-0.15,Central,Highlands & Rift,9,2017|2018|2019|2020|2021|2022|2023|2024|2025,True,True
36.45,-0.15,Central,Highlands & Rift,9,2017|2018|2019|2020|2021|2022|2023|2024|2025,True,True
36.55,-0.15,Central,Highlands & Rift,9,2017|2018|2019|2020|2021|2022|2023|2024|2025,True,True
36.65,-0.15,Central,Highlands & Rift,9,2017|2018|2019|2020|2021|2022|2023|2024|2025,True,True
36.75,-0.15,Central,Highlands & Rift,9,2017|2018|2019|2020|2021|2022|2023|2024|2025,True,True
36.85,-0.15,Central,Highlands & Rift,9,2017|2018|2019|2020|2021|2022|2023|2024|2025,True,True
36.95,-0.15,Rift Valley,Highlands & Rift,9,2017|2018|2019|2020|2021|2022|2023|2024|2025,True,True
37.05,-0.15,Central,Highlands & Rift,9,2017|2018|2019|2020|2021|2022|2023|2024|2025,True,True
37.15,-0.15,Central,Highlands & Rift,9,2017|2018|2019|2020|2021|2022|2023|2024|2025,True,True
37.25,-0.15,Central,Highlands & Rift,9,2017|2018|2019|2020|2021|2022|2023|2024|2025,True,True
37.35,-0.15,Eastern,Arid & Semi-Arid (ASAL),9,2017|2018|2019|2020|2021|2022|2023|2024|2025,True,True
37.45,-0.15,Eastern,Arid & Semi-Arid (ASAL),9,2017|2018|2019|2020|2021|2022|2023|2024|2025,True,True
37.55,-0.15,Eastern,Arid & Semi-Arid (ASAL),9,2017|2018|2019|2020|2021|2022|2023|2024|2025,True,True
37.65,-0.15,Eastern,Arid & Semi-Arid (ASAL),9,2017|2018|2019|2020|2021|2022|2023|2024|2025,True,True
37.75,-0.15,Eastern,Arid & Semi-Arid (ASAL),9,2017|2018|2019|2020|2021|2022|2023|2024|2025,True,True
37.85,-0.15,Eastern,Arid & Semi-Arid (ASAL),9,2017|2018|2019|2020|2021|2022|2023|2024|2025,True,True
37.95,-0.15,Eastern,Arid & Semi-Arid (ASAL),9,2017|2018|2019|2020|2021|2022|2023|2024|2025,True,True
38.05,-0.15,Eastern,Arid & Semi-Arid (ASAL),9,2017|2018|2019|2020|2021|2022|2023|2024|2025,True,True
38.15,-0.15,Eastern,Arid & Semi-Arid (ASAL),9,2017|2018|2019|2020|2021|2022|2023|2024|2025,True,True
38.25,-0.15,Eastern,Arid & Semi-Arid (ASAL),9,2017|2018|2019|2020|2021|2022|2023|2024|2025,True,True
38.35,-0.15,Eastern,Arid & Semi-Arid (ASAL),9,2017|2018|2019|2020|2021|2022|2023|2024|2025,True,True
38.45,-0.15,Eastern,Arid & Semi-Arid (ASAL),9,2017|2018|2019|2020|2021|2022|2023|2024|2025,True,True
38.55,-0.15,Coast,Coast,9,2017|2018|2019|2020|2021|2022|2023|2024|2025,True,True
38.65,-0.15,Coast,Coast,9,2017|2018|2019|2020|2021|2022|2023|2024|2025,True,True
38.75,-0.15,Coast,Coast,9,2017|2018|2019|2020|2021|2022|2023|2024|2025,True,True
38.85,-0.15,Coast,Coast,9,2017|2018|2019|2020|2021|2022|2023|2024|2025,True,True
38.95,-0.15,Coast,Coast,9,2017|2018|2019|2020|2021|2022|2023|2024|2025,True,True
39.05,-0.15,Coast,Coast,9,2017|2018|2019|2020|2021|2022|2023|2024|2025,True,True
39.15,-0.15,Coast,Coast,9,2017|2018|2019|2020|2021|2022|2023|2024|2025,True,True
39.25,-0.15,Coast,Coast,9,2017|2018|2019|2020|2021|2022|2023|2024|2025,True,True
39.35,-0.15,North-Eastern,Arid & Semi-Arid (ASAL),9,2017|2018|2019|2020|2021|2022|2023|2024|2025,True,True
39.45,-0.15,North-Eastern,Arid & Semi-Arid (ASAL),9,2017|2018|2019|2020|2021|2022|2023|2024|2025,True,True
39.55,-0.15,North-Eastern,Arid & Semi-Arid (ASAL),9,2017|2018|2019|2020|2021|2022|2023|2024|2025,True,True
39.65,-0.15,North-Eastern,Arid & Semi-Arid (ASAL),9,2017|2018|2019|2020|2021|2022|2023|2024|2025,True,True
39.75,-0.15,North-Eastern,Arid & Semi-Arid (ASAL),9,2017|2018|2019|2020|2021|2022|2023|2024|2025,True,True
39.85,-0.15,North-Eastern,Arid & Semi-Arid (ASAL),9,2017|2018|2019|2020|2021|2022|2023|2024|2025,True,True
39.95,-0.15,North-Eastern,Arid & Semi-Arid (ASAL),9,2017|2018|2019|2020|2021|2022|2023|2024|2025,True,True
40.05,-0.15,North-Eastern,Arid & Semi-Arid (ASAL),9,2017|2018|2019|2020|2021|2022|2023|2024|2025,True,True
40.15,-0.15,North-Eastern,Arid & Semi-Arid (ASAL),9,2017|2018|2019|2020|2021|2022|2023|2024|2025,True,True
40.25,-0.15,North-Eastern,Arid & Semi-Arid (ASAL),9,2017|2018|2019|2020|2021|2022|2023|2024|2025,True,True
40.35,-0.15,North-Eastern,Arid & Semi-Arid (ASAL),9,2017|2018|2019|2020|2021|2022|2023|2024|2025,True,True
40.45,-0.15,North-Eastern,Arid & Semi-Arid (ASAL),9,2017|2018|2019|2020|2021|2022|2023|2024|2025,True,True
40.55,-0.15,North-Eastern,Arid & Semi-Arid (ASAL),9,2017|2018|2019|2020|2021|2022|2023|2024|2025,True,True
40.65,-0.15,North-Eastern,Arid & Semi-Arid (ASAL),9,2017|2018|2019|2020|2021|2022|2023|2024|2025,True,True
40.75,-0.15,North-Eastern,Arid & Semi-Arid (ASAL),9,2017|2018|2019|2020|2021|2022|2023|2024|2025,True,True
40.85,-0.15,North-Eastern,Arid & Semi-Arid (ASAL),9,2017|2018|2019|2020|2021|2022|2023|2024|2025,True,True
40.95,-0.15,North-Eastern,Arid & Semi-Arid (ASAL),9,2017|2018|2019|2020|2021|2022|2023|2024|2025,True,True
33.95,-0.25,Nyanza,Lake Victoria Basin,9,2017|2018|2019|2020|2021|2022|2023|2024|2025,True,True
34.05,-0.25,Nyanza,Lake Victoria Basin,9,2017|2018|2019|2020|2021|2022|2023|2024|2025,True,True
34.15,-0.25,Nyanza,Lake Victoria Basin,9,2017|2018|2019|2020|2021|2022|2023|2024|2025,True,True
34.25,-0.25,Nyanza,Lake Victoria Basin,9,2017|2018|2019|2020|2021|2022|2023|2024|2025,True,True
34.35,-0.25,Nyanza,Lake Victoria Basin,9,2017|2018|2019|2020|2021|2022|2023|2024|2025,True,True
34.45,-0.25,Nyanza,Lake Victoria Basin,9,2017|2018|2019|2020|2021|2022|2023|2024|2025,True,True
34.55,-0.25,Nyanza,Lake Victoria Basin,9,2017|2018|2019|2020|2021|2022|2023|2024|2025,True,True
34.65,-0.25,Nyanza,Lake Victoria Basin,9,2017|2018|2019|2020|2021|2022|2023|2024|2025,True,True
34.75,-0.25,Nyanza,Lake Victoria Basin,9,2017|2018|2019|2020|2021|2022|2023|2024|2025,True,True
34.85,-0.25,Nyanza,Lake Victoria Basin,9,2017|2018|2019|2020|2021|2022|2023|2024|2025,True,True
34.95,-0.25,Nyanza,Lake Victoria Basin,9,2017|2018|2019|2020|2021|2022|2023|2024|2025,True,True
35.05,-0.25,Rift Valley,Highlands & Rift,9,2017|2018|2019|2020|2021|2022|2023|2024|2025,True,True
35.15,-0.25,Rift Valley,Highlands & Rift,9,2017|2018|2019|2020|2021|2022|2023|2024|2025,True,True
35.25,-0.25,Rift Valley,Highlands & Rift,9,2017|2018|2019|2020|2021|2022|2023|2024|2025,True,True
35.35,-0.25,Rift Valley,Highlands & Rift,9,2017|2018|2019|2020|2021|2022|2023|2024|2025,True,True
35.45,-0.25,Rift Valley,Highlands & Rift,9,2017|2018|2019|2020|2021|2022|2023|2024|2025,True,True
35.55,-0.25,Rift Valley,Highlands & Rift,9,2017|2018|2019|2020|2021|2022|2023|2024|2025,True,True
35.65,-0.25,Rift Valley,Highlands & Rift,9,2017|2018|2019|2020|2021|2022|2023|2024|2025,True,True
35.75,-0.25,Rift Valley,Highlands & Rift,9,2017|2018|2019|2020|2021|2022|2023|2024|2025,True,True
35.85,-0.25,Rift Valley,Highlands & Rift,9,2017|2018|2019|2020|2021|2022|2023|2024|2025,True,True
35.95,-0.25,Rift Valley,Highlands & Rift,9,2017|2018|2019|2020|2021|2022|2023|2024|2025,True,True
36.05,-0.25,Rift Valley,Highlands & Rift,9,2017|2018|2019|2020|2021|2022|2023|2024|2025,True,True
36.15,-0.25,Rift Valley,Highlands & Rift,9,2017|2018|2019|2020|2021|2022|2023|2024|2025,True,True
36.25,-0.25,Central,Highlands & Rift,9,2017|2018|2019|2020|2021|2022|2023|2024|2025,True,True
36.35,-0.25,Central,Highlands & Rift,9,2017|2018|2019|2020|2021|2022|2023|2024|2025,True,True
36.45,-0.25,Central,Highlands & Rift,9,2017|2018|2019|2020|2021|2022|2023|2024|2025,True,True
36.55,-0.25,Central,Highlands & Rift,9,2017|2018|2019|2020|2021|2022|2023|2024|2025,True,True
36.65,-0.25,Central,Highlands & Rift,9,2017|2018|2019|2020|2021|2022|2023|2024|2025,True,True
36.75,-0.25,Central,Highlands & Rift,9,2017|2018|2019|2020|2021|2022|2023|2024|2025,True,True
36.85,-0.25,Central,Highlands & Rift,9,2017|2018|2019|2020|2021|2022|2023|2024|2025,True,True
36.95,-0.25,Rift Valley,Highlands & Rift,9,2017|2018|2019|2020|2021|2022|2023|2024|2025,True,True
37.05,-0.25,Central,Highlands & Rift,9,2017|2018|2019|2020|2021|2022|2023|2024|2025,True,True
37.15,-0.25,Central,Highlands & Rift,9,2017|2018|2019|2020|2021|2022|2023|2024|2025,True,True
37.25,-0.25,Central,Highlands & Rift,9,2017|2018|2019|2020|2021|2022|2023|2024|2025,True,True
37.35,-0.25,Central,Highlands & Rift,9,2017|2018|2019|2020|2021|2022|2023|2024|2025,True,True
37.45,-0.25,Eastern,Arid & Semi-Arid (ASAL),9,2017|2018|2019|2020|2021|2022|2023|2024|2025,True,True
37.55,-0.25,Eastern,Arid & Semi-Arid (ASAL),9,2017|2018|2019|2020|2021|2022|2023|2024|2025,True,True
37.65,-0.25,Eastern,Arid & Semi-Arid (ASAL),9,2017|2018|2019|2020|2021|2022|2023|2024|2025,True,True
37.75,-0.25,Eastern,Arid & Semi-Arid (ASAL),9,2017|2018|2019|2020|2021|2022|2023|2024|2025,True,True
37.85,-0.25,Eastern,Arid & Semi-Arid (ASAL),9,2017|2018|2019|2020|2021|2022|2023|2024|2025,True,True
37.95,-0.25,Eastern,Arid & Semi-Arid (ASAL),9,2017|2018|2019|2020|2021|2022|2023|2024|2025,True,True
38.05,-0.25,Eastern,Arid & Semi-Arid (ASAL),9,2017|2018|2019|2020|2021|2022|2023|2024|2025,True,True
38.15,-0.25,Eastern,Arid & Semi-Arid (ASAL),9,2017|2018|2019|2020|2021|2022|2023|2024|2025,True,True
38.25,-0.25,Eastern,Arid & Semi-Arid (ASAL),9,2017|2018|2019|2020|2021|2022|2023|2024|2025,True,True
38.35,-0.25,Eastern,Arid & Semi-Arid (ASAL),9,2017|2018|2019|2020|2021|2022|2023|2024|2025,True,True
38.45,-0.25,Eastern,Arid & Semi-Arid (ASAL),9,2017|2018|2019|2020|2021|2022|2023|2024|2025,True,True
38.55,-0.25,Coast,Coast,9,2017|2018|2019|2020|2021|2022|2023|2024|2025,True,True
38.65,-0.25,Coast,Coast,9,2017|2018|2019|2020|2021|2022|2023|2024|2025,True,True
38.75,-0.25,Coast,Coast,9,2017|2018|2019|2020|2021|2022|2023|2024|2025,True,True
38.85,-0.25,Coast,Coast,9,2017|2018|2019|2020|2021|2022|2023|2024|2025,True,True
38.95,-0.25,Coast,Coast,9,2017|2018|2019|2020|2021|2022|2023|2024|2025,True,True
39.05,-0.25,Coast,Coast,9,2017|2018|2019|2020|2021|2022|2023|2024|2025,True,True
39.15,-0.25,Coast,Coast,9,2017|2018|2019|2020|2021|2022|2023|2024|2025,True,True
39.25,-0.25,Coast,Coast,9,2017|2018|2019|2020|2021|2022|2023|2024|2025,True,True
39.35,-0.25,Coast,Coast,9,2017|2018|2019|2020|2021|2022|2023|2024|2025,True,True
39.45,-0.25,Coast,Coast,9,2017|2018|2019|2020|2021|2022|2023|2024|2025,True,True
39.55,-0.25,North-Eastern,Arid & Semi-Arid (ASAL),9,2017|2018|2019|2020|2021|2022|2023|2024|2025,True,True
39.65,-0.25,North-Eastern,Arid & Semi-Arid (ASAL),9,2017|2018|2019|2020|2021|2022|2023|2024|2025,True,True
39.75,-0.25,North-Eastern,Arid & Semi-Arid (ASAL),9,2017|2018|2019|2020|2021|2022|2023|2024|2025,True,True
39.85,-0.25,North-Eastern,Arid & Semi-Arid (ASAL),9,2017|2018|2019|2020|2021|2022|2023|2024|2025,True,True
39.95,-0.25,North-Eastern,Arid & Semi-Arid (ASAL),9,2017|2018|2019|2020|2021|2022|2023|2024|2025,True,True
40.05,-0.25,North-Eastern,Arid & Semi-Arid (ASAL),9,2017|2018|2019|2020|2021|2022|2023|2024|2025,True,True
40.15,-0.25,North-Eastern,Arid & Semi-Arid (ASAL),9,2017|2018|2019|2020|2021|2022|2023|2024|2025,True,True
40.25,-0.25,North-Eastern,Arid & Semi-Arid (ASAL),9,2017|2018|2019|2020|2021|2022|2023|2024|2025,True,True
40.35,-0.25,North-Eastern,Arid & Semi-Arid (ASAL),9,2017|2018|2019|2020|2021|2022|2023|2024|2025,True,True
40.45,-0.25,North-Eastern,Arid & Semi-Arid (ASAL),9,2017|2018|2019|2020|2021|2022|2023|2024|2025,True,True
40.55,-0.25,North-Eastern,Arid & Semi-Arid (ASAL),9,2017|2018|2019|2020|2021|2022|2023|2024|2025,True,True
40.65,-0.25,North-Eastern,Arid & Semi-Arid (ASAL),9,2017|2018|2019|2020|2021|2022|2023|2024|2025,True,True
40.75,-0.25,North-Eastern,Arid & Semi-Arid (ASAL),9,2017|2018|2019|2020|2021|2022|2023|2024|2025,True,True
40.85,-0.25,North-Eastern,Arid & Semi-Arid (ASAL),9,2017|2018|2019|2020|2021|2022|2023|2024|2025,True,True
40.95,-0.25,North-Eastern,Arid & Semi-Arid (ASAL),9,2017|2018|2019|2020|2021|2022|2023|2024|2025,True,True
33.95,-0.35,Nyanza,Lake Victoria Basin,9,2017|2018|2019|2020|2021|2022|2023|2024|2025,True,True
34.05,-0.35,Nyanza,Lake Victoria Basin,9,2017|2018|2019|2020|2021|2022|2023|2024|2025,True,True
34.15,-0.35,Nyanza,Lake Victoria Basin,9,2017|2018|2019|2020|2021|2022|2023|2024|2025,True,True
34.25,-0.35,Nyanza,Lake Victoria Basin,9,2017|2018|2019|2020|2021|2022|2023|2024|2025,True,True
34.35,-0.35,Nyanza,Lake Victoria Basin,9,2017|2018|2019|2020|2021|2022|2023|2024|2025,True,True
34.45,-0.35,Nyanza,Lake Victoria Basin,9,2017|2018|2019|2020|2021|2022|2023|2024|2025,True,True
34.55,-0.35,Nyanza,Lake Victoria Basin,9,2017|2018|2019|2020|2021|2022|2023|2024|2025,True,True
34.65,-0.35,Nyanza,Lake Victoria Basin,9,2017|2018|2019|2020|2021|2022|2023|2024|2025,True,True
34.75,-0.35,Nyanza,Lake Victoria Basin,9,2017|2018|2019|2020|2021|2022|2023|2024|2025,True,True
34.85,-0.35,Nyanza,Lake Victoria Basin,9,2017|2018|2019|2020|2021|2022|2023|2024|2025,True,True
34.95,-0.35,Nyanza,Lake Victoria Basin,9,2017|2018|2019|2020|2021|2022|2023|2024|2025,True,True
35.05,-0.35,Rift Valley,Highlands & Rift,9,2017|2018|2019|2020|2021|2022|2023|2024|2025,True,True
35.15,-0.35,Rift Valley,Highlands & Rift,9,2017|2018|2019|2020|2021|2022|2023|2024|2025,True,True
35.25,-0.35,Rift Valley,Highlands & Rift,9,2017|2018|2019|2020|2021|2022|2023|2024|2025,True,True
35.35,-0.35,Rift Valley,Highlands & Rift,9,2017|2018|2019|2020|2021|2022|2023|2024|2025,True,True
35.45,-0.35,Rift Valley,Highlands & Rift,9,2017|2018|2019|2020|2021|2022|2023|2024|2025,True,True
35.55,-0.35,Rift Valley,Highlands & Rift,9,2017|2018|2019|2020|2021|2022|2023|2024|2025,True,True
35.65,-0.35,Rift Valley,Highlands & Rift,9,2017|2018|2019|2020|2021|2022|2023|2024|2025,True,True
35.75,-0.35,Rift Valley,Highlands & Rift,9,2017|2018|2019|2020|2021|2022|2023|2024|2025,True,True
35.85,-0.35,Rift Valley,Highlands & Rift,9,2017|2018|2019|2020|2021|2022|2023|2024|2025,True,True
35.95,-0.35,Rift Valley,Highlands & Rift,9,2017|2018|2019|2020|2021|2022|2023|2024|2025,True,True
36.05,-0.35,Rift Valley,Highlands & Rift,9,2017|2018|2019|2020|2021|2022|2023|2024|2025,True,True
36.15,-0.35,Rift Valley,Highlands & Rift,9,2017|2018|2019|2020|2021|2022|2023|2024|2025,True,True
36.25,-0.35,Central,Highlands & Rift,9,2017|2018|2019|2020|2021|2022|2023|2024|2025,True,True
36.35,-0.35,Central,Highlands & Rift,9,2017|2018|2019|2020|2021|2022|2023|2024|2025,True,True
36.45,-0.35,Central,Highlands & Rift,9,2017|2018|2019|2020|2021|2022|2023|2024|2025,True,True
36.55,-0.35,Central,Highlands & Rift,9,2017|2018|2019|2020|2021|2022|2023|2024|2025,True,True
36.65,-0.35,Central,Highlands & Rift,9,2017|2018|2019|2020|2021|2022|2023|2024|2025,True,True
36.75,-0.35,Central,Highlands & Rift,9,2017|2018|2019|2020|2021|2022|2023|2024|2025,True,True
36.85,-0.35,Central,Highlands & Rift,9,2017|2018|2019|2020|2021|2022|2023|2024|2025,True,True
36.95,-0.35,Central,Highlands & Rift,9,2017|2018|2019|2020|2021|2022|2023|2024|2025,True,True
37.05,-0.35,Central,Highlands & Rift,9,2017|2018|2019|2020|2021|2022|2023|2024|2025,True,True
37.15,-0.35,Central,Highlands & Rift,9,2017|2018|2019|2020|2021|2022|2023|2024|2025,True,True
37.25,-0.35,Central,Highlands & Rift,9,2017|2018|2019|2020|2021|2022|2023|2024|2025,True,True
37.35,-0.35,Central,Highlands & Rift,9,2017|2018|2019|2020|2021|2022|2023|2024|2025,True,True
37.45,-0.35,Eastern,Arid & Semi-Arid (ASAL),9,2017|2018|2019|2020|2021|2022|2023|2024|2025,True,True
37.55,-0.35,Eastern,Arid & Semi-Arid (ASAL),9,2017|2018|2019|2020|2021|2022|2023|2024|2025,True,True
37.65,-0.35,Eastern,Arid & Semi-Arid (ASAL),9,2017|2018|2019|2020|2021|2022|2023|2024|2025,True,True
37.75,-0.35,Eastern,Arid & Semi-Arid (ASAL),9,2017|2018|2019|2020|2021|2022|2023|2024|2025,True,True
37.85,-0.35,Eastern,Arid & Semi-Arid (ASAL),9,2017|2018|2019|2020|2021|2022|2023|2024|2025,True,True
37.95,-0.35,Eastern,Arid & Semi-Arid (ASAL),9,2017|2018|2019|2020|2021|2022|2023|2024|2025,True,True
38.05,-0.35,Eastern,Arid & Semi-Arid (ASAL),9,2017|2018|2019|2020|2021|2022|2023|2024|2025,True,True
38.15,-0.35,Eastern,Arid & Semi-Arid (ASAL),9,2017|2018|2019|2020|2021|2022|2023|2024|2025,True,True
38.25,-0.35,Eastern,Arid & Semi-Arid (ASAL),9,2017|2018|2019|2020|2021|2022|2023|2024|2025,True,True
38.35,-0.35,Eastern,Arid & Semi-Arid (ASAL),9,2017|2018|2019|2020|2021|2022|2023|2024|2025,True,True
38.45,-0.35,Eastern,Arid & Semi-Arid (ASAL),9,2017|2018|2019|2020|2021|2022|2023|2024|2025,True,True
38.55,-0.35,Eastern,Arid & Semi-Arid (ASAL),9,2017|2018|2019|2020|2021|2022|2023|2024|2025,True,True
38.65,-0.35,Coast,Coast,9,2017|2018|2019|2020|2021|2022|2023|2024|2025,True,True
38.75,-0.35,Coast,Coast,9,2017|2018|2019|2020|2021|2022|2023|2024|2025,True,True
38.85,-0.35,Coast,Coast,9,2017|2018|2019|2020|2021|2022|2023|2024|2025,True,True
38.95,-0.35,Coast,Coast,9,2017|2018|2019|2020|2021|2022|2023|2024|2025,True,True
39.05,-0.35,Coast,Coast,9,2017|2018|2019|2020|2021|2022|2023|2024|2025,True,True
39.15,-0.35,Coast,Coast,9,2017|2018|2019|2020|2021|2022|2023|2024|2025,True,True
39.25,-0.35,Coast,Coast,9,2017|2018|2019|2020|2021|2022|2023|2024|2025,True,True
39.35,-0.35,Coast,Coast,9,2017|2018|2019|2020|2021|2022|2023|2024|2025,True,True
39.45,-0.35,Coast,Coast,9,2017|2018|2019|2020|2021|2022|2023|2024|2025,True,True
39.55,-0.35,Coast,Coast,9,2017|2018|2019|2020|2021|2022|2023|2024|2025,True,True
39.65,-0.35,North-Eastern,Arid & Semi-Arid (ASAL),9,2017|2018|2019|2020|2021|2022|2023|2024|2025,True,True
39.75,-0.35,North-Eastern,Arid & Semi-Arid (ASAL),9,2017|2018|2019|2020|2021|2022|2023|2024|2025,True,True
39.85,-0.35,North-Eastern,Arid & Semi-Arid (ASAL),9,2017|2018|2019|2020|2021|2022|2023|2024|2025,True,True
39.95,-0.35,North-Eastern,Arid & Semi-Arid (ASAL),9,2017|2018|2019|2020|2021|2022|2023|2024|2025,True,True
40.05,-0.35,North-Eastern,Arid & Semi-Arid (ASAL),9,2017|2018|2019|2020|2021|2022|2023|2024|2025,True,True
40.15,-0.35,North-Eastern,Arid & Semi-Arid (ASAL),9,2017|2018|2019|2020|2021|2022|2023|2024|2025,True,True
40.25,-0.35,North-Eastern,Arid & Semi-Arid (ASAL),9,2017|2018|2019|2020|2021|2022|2023|2024|2025,True,True
40.35,-0.35,North-Eastern,Arid & Semi-Arid (ASAL),9,2017|2018|2019|2020|2021|2022|2023|2024|2025,True,True
40.45,-0.35,North-Eastern,Arid & Semi-Arid (ASAL),9,2017|2018|2019|2020|2021|2022|2023|2024|2025,True,True
40.55,-0.35,North-Eastern,Arid & Semi-Arid (ASAL),9,2017|2018|2019|2020|2021|2022|2023|2024|2025,True,True
40.65,-0.35,North-Eastern,Arid & Semi-Arid (ASAL),9,2017|2018|2019|2020|2021|2022|2023|2024|2025,True,True
40.75,-0.35,North-Eastern,Arid & Semi-Arid (ASAL),9,2017|2018|2019|2020|2021|2022|2023|2024|2025,True,True
40.85,-0.35,North-Eastern,Arid & Semi-Arid (ASAL),9,2017|2018|2019|2020|2021|2022|2023|2024|2025,True,True
40.95,-0.35,North-Eastern,Arid & Semi-Arid (ASAL),9,2017|2018|2019|2020|2021|2022|2023|2024|2025,True,True
33.95,-0.45,Nyanza,Lake Victoria Basin,9,2017|2018|2019|2020|2021|2022|2023|2024|2025,True,True
34.05,-0.45,Nyanza,Lake Victoria Basin,9,2017|2018|2019|2020|2021|2022|2023|2024|2025,True,True
34.15,-0.45,Nyanza,Lake Victoria Basin,9,2017|2018|2019|2020|2021|2022|2023|2024|2025,True,True
34.25,-0.45,Nyanza,Lake Victoria Basin,9,2017|2018|2019|2020|2021|2022|2023|2024|2025,True,True
34.35,-0.45,Nyanza,Lake Victoria Basin,9,2017|2018|2019|2020|2021|2022|2023|2024|2025,True,True
34.45,-0.45,Nyanza,Lake Victoria Basin,9,2017|2018|2019|2020|2021|2022|2023|2024|2025,True,True
34.55,-0.45,Nyanza,Lake Victoria Basin,9,2017|2018|2019|2020|2021|2022|2023|2024|2025,True,True
34.65,-0.45,Nyanza,Lake Victoria Basin,9,2017|2018|2019|2020|2021|2022|2023|2024|2025,True,True
34.75,-0.45,Nyanza,Lake Victoria Basin,9,2017|2018|2019|2020|2021|2022|2023|2024|2025,True,True
34.85,-0.45,Nyanza,Lake Victoria Basin,9,2017|2018|2019|2020|2021|2022|2023|2024|2025,True,True
34.95,-0.45,Nyanza,Lake Victoria Basin,9,2017|2018|2019|2020|2021|2022|2023|2024|2025,True,True
35.05,-0.45,Rift Valley,Highlands & Rift,9,2017|2018|2019|2020|2021|2022|2023|2024|2025,True,True
35.15,-0.45,Rift Valley,Highlands & Rift,9,2017|2018|2019|2020|2021|2022|2023|2024|2025,True,True
35.25,-0.45,Rift Valley,Highlands & Rift,9,2017|2018|2019|2020|2021|2022|2023|2024|2025,True,True
35.35,-0.45,Rift Valley,Highlands & Rift,9,2017|2018|2019|2020|2021|2022|2023|2024|2025,True,True
35.45,-0.45,Rift Valley,Highlands & Rift,9,2017|2018|2019|2020|2021|2022|2023|2024|2025,True,True
35.55,-0.45,Rift Valley,Highlands & Rift,9,2017|2018|2019|2020|2021|2022|2023|2024|2025,True,True
35.65,-0.45,Rift Valley,Highlands & Rift,9,2017|2018|2019|2020|2021|2022|2023|2024|2025,True,True
35.75,-0.45,Rift Valley,Highlands & Rift,9,2017|2018|2019|2020|2021|2022|2023|2024|2025,True,True
35.85,-0.45,Rift Valley,Highlands & Rift,9,2017|2018|2019|2020|2021|2022|2023|2024|2025,True,True
35.95,-0.45,Rift Valley,Highlands & Rift,9,2017|2018|2019|2020|2021|2022|2023|2024|2025,True,True
36.05,-0.45,Rift Valley,Highlands & Rift,9,2017|2018|2019|2020|2021|2022|2023|2024|2025,True,True
36.15,-0.45,Rift Valley,Highlands & Rift,9,2017|2018|2019|2020|2021|2022|2023|2024|2025,True,True
36.25,-0.45,Rift Valley,Highlands & Rift,9,2017|2018|2019|2020|2021|2022|2023|2024|2025,True,True
36.35,-0.45,Rift Valley,Highlands & Rift,9,2017|2018|2019|2020|2021|2022|2023|2024|2025,True,True
36.45,-0.45,Central,Highlands & Rift,9,2017|2018|2019|2020|2021|2022|2023|2024|2025,True,True
36.55,-0.45,Central,Highlands & Rift,9,2017|2018|2019|2020|2021|2022|2023|2024|2025,True,True
36.65,-0.45,Central,Highlands & Rift,9,2017|2018|2019|2020|2021|2022|2023|2024|2025,True,True
36.75,-0.45,Central,Highlands & Rift,9,2017|2018|2019|2020|2021|2022|2023|2024|2025,True,True
36.85,-0.45,Central,Highlands & Rift,9,2017|2018|2019|2020|2021|2022|2023|2024|2025,True,True
36.95,-0.45,Central,Highlands & Rift,9,2017|2018|2019|2020|2021|2022|2023|2024|2025,True,True
37.05,-0.45,Central,Highlands & Rift,9,2017|2018|2019|2020|2021|2022|2023|2024|2025,True,True
37.15,-0.45,Central,Highlands & Rift,9,2017|2018|2019|2020|2021|2022|2023|2024|2025,True,True
37.25,-0.45,Central,Highlands & Rift,9,2017|2018|2019|2020|2021|2022|2023|2024|2025,True,True
37.35,-0.45,Central,Highlands & Rift,9,2017|2018|2019|2020|2021|2022|2023|2024|2025,True,True
37.45,-0.45,Eastern,Arid & Semi-Arid (ASAL),9,2017|2018|2019|2020|2021|2022|2023|2024|2025,True,True
37.55,-0.45,Eastern,Arid & Semi-Arid (ASAL),9,2017|2018|2019|2020|2021|2022|2023|2024|2025,True,True
37.65,-0.45,Eastern,Arid & Semi-Arid (ASAL),9,2017|2018|2019|2020|2021|2022|2023|2024|2025,True,True
37.75,-0.45,Eastern,Arid & Semi-Arid (ASAL),9,2017|2018|2019|2020|2021|2022|2023|2024|2025,True,True
37.85,-0.45,Eastern,Arid & Semi-Arid (ASAL),9,2017|2018|2019|2020|2021|2022|2023|2024|2025,True,True
37.95,-0.45,Eastern,Arid & Semi-Arid (ASAL),9,2017|2018|2019|2020|2021|2022|2023|2024|2025,True,True
38.05,-0.45,Eastern,Arid & Semi-Arid (ASAL),9,2017|2018|2019|2020|2021|2022|2023|2024|2025,True,True
38.15,-0.45,Eastern,Arid & Semi-Arid (ASAL),9,2017|2018|2019|2020|2021|2022|2023|2024|2025,True,True
38.25,-0.45,Eastern,Arid & Semi-Arid (ASAL),9,2017|2018|2019|2020|2021|2022|2023|2024|2025,True,True
38.35,-0.45,Eastern,Arid & Semi-Arid (ASAL),9,2017|2018|2019|2020|2021|2022|2023|2024|2025,True,True
38.45,-0.45,Eastern,Arid & Semi-Arid (ASAL),9,2017|2018|2019|2020|2021|2022|2023|2024|2025,True,True
38.55,-0.45,Eastern,Arid & Semi-Arid (ASAL),9,2017|2018|2019|2020|2021|2022|2023|2024|2025,True,True
38.65,-0.45,Coast,Coast,9,2017|2018|2019|2020|2021|2022|2023|2024|2025,True,True
38.75,-0.45,Coast,Coast,9,2017|2018|2019|2020|2021|2022|2023|2024|2025,True,True
38.85,-0.45,Coast,Coast,9,2017|2018|2019|2020|2021|2022|2023|2024|2025,True,True
38.95,-0.45,Coast,Coast,9,2017|2018|2019|2020|2021|2022|2023|2024|2025,True,True
39.05,-0.45,Coast,Coast,9,2017|2018|2019|2020|2021|2022|2023|2024|2025,True,True
39.15,-0.45,Coast,Coast,9,2017|2018|2019|2020|2021|2022|2023|2024|2025,True,True
39.25,-0.45,Coast,Coast,9,2017|2018|2019|2020|2021|2022|2023|2024|2025,True,True
39.35,-0.45,Coast,Coast,9,2017|2018|2019|2020|2021|2022|2023|2024|2025,True,True
39.45,-0.45,Coast,Coast,9,2017|2018|2019|2020|2021|2022|2023|2024|2025,True,True
39.55,-0.45,Coast,Coast,9,2017|2018|2019|2020|2021|2022|2023|2024|2025,True,True
39.65,-0.45,North-Eastern,Arid & Semi-Arid (ASAL),9,2017|2018|2019|2020|2021|2022|2023|2024|2025,True,True
39.75,-0.45,North-Eastern,Arid & Semi-Arid (ASAL),9,2017|2018|2019|2020|2021|2022|2023|2024|2025,True,True
39.85,-0.45,North-Eastern,Arid & Semi-Arid (ASAL),9,2017|2018|2019|2020|2021|2022|2023|2024|2025,True,True
39.95,-0.45,North-Eastern,Arid & Semi-Arid (ASAL),9,2017|2018|2019|2020|2021|2022|2023|2024|2025,True,True
40.05,-0.45,North-Eastern,Arid & Semi-Arid (ASAL),9,2017|2018|2019|2020|2021|2022|2023|2024|2025,True,True
40.15,-0.45,North-Eastern,Arid & Semi-Arid (ASAL),9,2017|2018|2019|2020|2021|2022|2023|2024|2025,True,True
40.25,-0.45,North-Eastern,Arid & Semi-Arid (ASAL),9,2017|2018|2019|2020|2021|2022|2023|2024|2025,True,True
40.35,-0.45,North-Eastern,Arid & Semi-Arid (ASAL),9,2017|2018|2019|2020|2021|2022|2023|2024|2025,True,True
40.45,-0.45,North-Eastern,Arid & Semi-Arid (ASAL),9,2017|2018|2019|2020|2021|2022|2023|2024|2025,True,True
40.55,-0.45,North-Eastern,Arid & Semi-Arid (ASAL),9,2017|2018|2019|2020|2021|2022|2023|2024|2025,True,True
40.65,-0.45,North-Eastern,Arid & Semi-Arid (ASAL),9,2017|2018|2019|2020|2021|2022|2023|2024|2025,True,True
40.75,-0.45,North-Eastern,Arid & Semi-Arid (ASAL),9,2017|2018|2019|2020|2021|2022|2023|2024|2025,True,True
40.85,-0.45,North-Eastern,Arid & Semi-Arid (ASAL),9,2017|2018|2019|2020|2021|2022|2023|2024|2025,True,True
40.95,-0.45,North-Eastern,Arid & Semi-Arid (ASAL),9,2017|2018|2019|2020|2021|2022|2023|2024|2025,True,True
33.95,-0.55,Nyanza,Lake Victoria Basin,9,2017|2018|2019|2020|2021|2022|2023|2024|2025,True,True
34.05,-0.55,Nyanza,Lake Victoria Basin,9,2017|2018|2019|2020|2021|2022|2023|2024|2025,True,True
34.15,-0.55,Nyanza,Lake Victoria Basin,9,2017|2018|2019|2020|2021|2022|2023|2024|2025,True,True
34.25,-0.55,Nyanza,Lake Victoria Basin,9,2017|2018|2019|2020|2021|2022|2023|2024|2025,True,True
34.35,-0.55,Nyanza,Lake Victoria Basin,9,2017|2018|2019|2020|2021|2022|2023|2024|2025,True,True
34.45,-0.55,Nyanza,Lake Victoria Basin,9,2017|2018|2019|2020|2021|2022|2023|2024|2025,True,True
34.55,-0.55,Nyanza,Lake Victoria Basin,9,2017|2018|2019|2020|2021|2022|2023|2024|2025,True,True
34.65,-0.55,Nyanza,Lake Victoria Basin,9,2017|2018|2019|2020|2021|2022|2023|2024|2025,True,True
34.75,-0.55,Nyanza,Lake Victoria Basin,9,2017|2018|2019|2020|2021|2022|2023|2024|2025,True,True
34.85,-0.55,Nyanza,Lake Victoria Basin,9,2017|2018|2019|2020|2021|2022|2023|2024|2025,True,True
34.95,-0.55,Nyanza,Lake Victoria Basin,9,2017|2018|2019|2020|2021|2022|2023|2024|2025,True,True
35.05,-0.55,Rift Valley,Highlands & Rift,9,2017|2018|2019|2020|2021|2022|2023|2024|2025,True,True
35.15,-0.55,Rift Valley,Highlands & Rift,9,2017|2018|2019|2020|2021|2022|2023|2024|2025,True,True
35.25,-0.55,Rift Valley,Highlands & Rift,9,2017|2018|2019|2020|2021|2022|2023|2024|2025,True,True
35.35,-0.55,Rift Valley,Highlands & Rift,9,2017|2018|2019|2020|2021|2022|2023|2024|2025,True,True
35.45,-0.55,Rift Valley,Highlands & Rift,9,2017|2018|2019|2020|2021|2022|2023|2024|2025,True,True
35.55,-0.55,Rift Valley,Highlands & Rift,9,2017|2018|2019|2020|2021|2022|2023|2024|2025,True,True
35.65,-0.55,Rift Valley,Highlands & Rift,9,2017|2018|2019|2020|2021|2022|2023|2024|2025,True,True
35.75,-0.55,Rift Valley,Highlands & Rift,9,2017|2018|2019|2020|2021|2022|2023|2024|2025,True,True
35.85,-0.55,Rift Valley,Highlands & Rift,9,2017|2018|2019|2020|2021|2022|2023|2024|2025,True,True
35.95,-0.55,Rift Valley,Highlands & Rift,9,2017|2018|2019|2020|2021|2022|2023|2024|2025,True,True
36.05,-0.55,Rift Valley,Highlands & Rift,9,2017|2018|2019|2020|2021|2022|2023|2024|2025,True,True
36.15,-0.55,Rift Valley,Highlands & Rift,9,2017|2018|2019|2020|2021|2022|2023|2024|2025,True,True
36.25,-0.55,Rift Valley,Highlands & Rift,9,2017|2018|2019|2020|2021|2022|2023|2024|2025,True,True
36.35,-0.55,Rift Valley,Highlands & Rift,9,2017|2018|2019|2020|2021|2022|2023|2024|2025,True,True
36.45,-0.55,Central,Highlands & Rift,9,2017|2018|2019|2020|2021|2022|2023|2024|2025,True,True
36.55,-0.55,Central,Highlands & Rift,9,2017|2018|2019|2020|2021|2022|2023|2024|2025,True,True
36.65,-0.55,Central,Highlands & Rift,9,2017|2018|2019|2020|2021|2022|2023|2024|2025,True,True
36.75,-0.55,Central,Highlands & Rift,9,2017|2018|2019|2020|2021|2022|2023|2024|2025,True,True
36.85,-0.55,Central,Highlands & Rift,9,2017|2018|2019|2020|2021|2022|2023|2024|2025,True,True
36.95,-0.55,Central,Highlands & Rift,9,2017|2018|2019|2020|2021|2022|2023|2024|2025,True,True
37.05,-0.55,Central,Highlands & Rift,9,2017|2018|2019|2020|2021|2022|2023|2024|2025,True,True
37.15,-0.55,Central,Highlands & Rift,9,2017|2018|2019|2020|2021|2022|2023|2024|2025,True,True
37.25,-0.55,Central,Highlands & Rift,9,2017|2018|2019|2020|2021|2022|2023|2024|2025,True,True
37.35,-0.55,Central,Highlands & Rift,9,2017|2018|2019|2020|2021|2022|2023|2024|2025,True,True
37.45,-0.55,Eastern,Arid & Semi-Arid (ASAL),9,2017|2018|2019|2020|2021|2022|2023|2024|2025,True,True
37.55,-0.55,Eastern,Arid & Semi-Arid (ASAL),9,2017|2018|2019|2020|2021|2022|2023|2024|2025,True,True
37.65,-0.55,Eastern,Arid & Semi-Arid (ASAL),9,2017|2018|2019|2020|2021|2022|2023|2024|2025,True,True
37.75,-0.55,Eastern,Arid & Semi-Arid (ASAL),9,2017|2018|2019|2020|2021|2022|2023|2024|2025,True,True
37.85,-0.55,Eastern,Arid & Semi-Arid (ASAL),9,2017|2018|2019|2020|2021|2022|2023|2024|2025,True,True
37.95,-0.55,Eastern,Arid & Semi-Arid (ASAL),9,2017|2018|2019|2020|2021|2022|2023|2024|2025,True,True
38.05,-0.55,Eastern,Arid & Semi-Arid (ASAL),9,2017|2018|2019|2020|2021|2022|2023|2024|2025,True,True
38.15,-0.55,Eastern,Arid & Semi-Arid (ASAL),9,2017|2018|2019|2020|2021|2022|2023|2024|2025,True,True
38.25,-0.55,Eastern,Arid & Semi-Arid (ASAL),9,2017|2018|2019|2020|2021|2022|2023|2024|2025,True,True
38.35,-0.55,Eastern,Arid & Semi-Arid (ASAL),9,2017|2018|2019|2020|2021|2022|2023|2024|2025,True,True
38.45,-0.55,Eastern,Arid & Semi-Arid (ASAL),9,2017|2018|2019|2020|2021|2022|2023|2024|2025,True,True
38.55,-0.55,Eastern,Arid & Semi-Arid (ASAL),9,2017|2018|2019|2020|2021|2022|2023|2024|2025,True,True
38.65,-0.55,Eastern,Arid & Semi-Arid (ASAL),9,2017|2018|2019|2020|2021|2022|2023|2024|2025,True,True
38.75,-0.55,Coast,Coast,9,2017|2018|2019|2020|2021|2022|2023|2024|2025,True,True
38.85,-0.55,Coast,Coast,9,2017|2018|2019|2020|2021|2022|2023|2024|2025,True,True
38.95,-0.55,Coast,Coast,9,2017|2018|2019|2020|2021|2022|2023|2024|2025,True,True
39.05,-0.55,Coast,Coast,9,2017|2018|2019|2020|2021|2022|2023|2024|2025,True,True
39.15,-0.55,Coast,Coast,9,2017|2018|2019|2020|2021|2022|2023|2024|2025,True,True
39.25,-0.55,Coast,Coast,9,2017|2018|2019|2020|2021|2022|2023|2024|2025,True,True
39.35,-0.55,Coast,Coast,9,2017|2018|2019|2020|2021|2022|2023|2024|2025,True,True
39.45,-0.55,Coast,Coast,9,2017|2018|2019|2020|2021|2022|2023|2024|2025,True,True
39.55,-0.55,Coast,Coast,9,2017|2018|2019|2020|2021|2022|2023|2024|2025,True,True
39.65,-0.55,Coast,Coast,9,2017|2018|2019|2020|2021|2022|2023|2024|2025,True,True
39.75,-0.55,North-Eastern,Arid & Semi-Arid (ASAL),9,2017|2018|2019|2020|2021|2022|2023|2024|2025,True,True
39.85,-0.55,North-Eastern,Arid & Semi-Arid (ASAL),9,2017|2018|2019|2020|2021|2022|2023|2024|2025,True,True
39.95,-0.55,North-Eastern,Arid & Semi-Arid (ASAL),9,2017|2018|2019|2020|2021|2022|2023|2024|2025,True,True
40.05,-0.55,North-Eastern,Arid & Semi-Arid (ASAL),9,2017|2018|2019|2020|2021|2022|2023|2024|2025,True,True
40.15,-0.55,North-Eastern,Arid & Semi-Arid (ASAL),9,2017|2018|2019|2020|2021|2022|2023|2024|2025,True,True
40.25,-0.55,North-Eastern,Arid & Semi-Arid (ASAL),9,2017|2018|2019|2020|2021|2022|2023|2024|2025,True,True
40.35,-0.55,North-Eastern,Arid & Semi-Arid (ASAL),9,2017|2018|2019|2020|2021|2022|2023|2024|2025,True,True
40.45,-0.55,North-Eastern,Arid & Semi-Arid (ASAL),9,2017|2018|2019|2020|2021|2022|2023|2024|2025,True,True
40.55,-0.55,North-Eastern,Arid & Semi-Arid (ASAL),9,2017|2018|2019|2020|2021|2022|2023|2024|2025,True,True
40.65,-0.55,North-Eastern,Arid & Semi-Arid (ASAL),9,2017|2018|2019|2020|2021|2022|2023|2024|2025,True,True
40.75,-0.55,North-Eastern,Arid & Semi-Arid (ASAL),9,2017|2018|2019|2020|2021|2022|2023|2024|2025,True,True
40.85,-0.55,North-Eastern,Arid & Semi-Arid (ASAL),9,2017|2018|2019|2020|2021|2022|2023|2024|2025,True,True
40.95,-0.55,North-Eastern,Arid & Semi-Arid (ASAL),9,2017|2018|2019|2020|2021|2022|2023|2024|2025,True,True
33.95,-0.65,Nyanza,Lake Victoria Basin,9,2017|2018|2019|2020|2021|2022|2023|2024|2025,True,True
34.05,-0.65,Nyanza,Lake Victoria Basin,9,2017|2018|2019|2020|2021|2022|2023|2024|2025,True,True
34.15,-0.65,Nyanza,Lake Victoria Basin,9,2017|2018|2019|2020|2021|2022|2023|2024|2025,True,True
34.25,-0.65,Nyanza,Lake Victoria Basin,9,2017|2018|2019|2020|2021|2022|2023|2024|2025,True,True
34.35,-0.65,Nyanza,Lake Victoria Basin,9,2017|2018|2019|2020|2021|2022|2023|2024|2025,True,True
34.45,-0.65,Nyanza,Lake Victoria Basin,9,2017|2018|2019|2020|2021|2022|2023|2024|2025,True,True
34.55,-0.65,Nyanza,Lake Victoria Basin,9,2017|2018|2019|2020|2021|2022|2023|2024|2025,True,True
34.65,-0.65,Nyanza,Lake Victoria Basin,9,2017|2018|2019|2020|2021|2022|2023|2024|2025,True,True
34.75,-0.65,Nyanza,Lake Victoria Basin,9,2017|2018|2019|2020|2021|2022|2023|2024|2025,True,True
34.85,-0.65,Nyanza,Lake Victoria Basin,9,2017|2018|2019|2020|2021|2022|2023|2024|2025,True,True
34.95,-0.65,Nyanza,Lake Victoria Basin,9,2017|2018|2019|2020|2021|2022|2023|2024|2025,True,True
35.05,-0.65,Nyanza,Lake Victoria Basin,9,2017|2018|2019|2020|2021|2022|2023|2024|2025,True,True
35.15,-0.65,Rift Valley,Highlands & Rift,9,2017|2018|2019|2020|2021|2022|2023|2024|2025,True,True
35.25,-0.65,Rift Valley,Highlands & Rift,9,2017|2018|2019|2020|2021|2022|2023|2024|2025,True,True
35.35,-0.65,Rift Valley,Highlands & Rift,9,2017|2018|2019|2020|2021|2022|2023|2024|2025,True,True
35.45,-0.65,Rift Valley,Highlands & Rift,9,2017|2018|2019|2020|2021|2022|2023|2024|2025,True,True
35.55,-0.65,Rift Valley,Highlands & Rift,9,2017|2018|2019|2020|2021|2022|2023|2024|2025,True,True
35.65,-0.65,Rift Valley,Highlands & Rift,9,2017|2018|2019|2020|2021|2022|2023|2024|2025,True,True
35.75,-0.65,Rift Valley,Highlands & Rift,9,2017|2018|2019|2020|2021|2022|2023|2024|2025,True,True
35.85,-0.65,Rift Valley,Highlands & Rift,9,2017|2018|2019|2020|2021|2022|2023|2024|2025,True,True
35.95,-0.65,Rift Valley,Highlands & Rift,9,2017|2018|2019|2020|2021|2022|2023|2024|2025,True,True
36.05,-0.65,Rift Valley,Highlands & Rift,9,2017|2018|2019|2020|2021|2022|2023|2024|2025,True,True
36.15,-0.65,Rift Valley,Highlands & Rift,9,2017|2018|2019|2020|2021|2022|2023|2024|2025,True,True
36.25,-0.65,Rift Valley,Highlands & Rift,9,2017|2018|2019|2020|2021|2022|2023|2024|2025,True,True
36.35,-0.65,Rift Valley,Highlands & Rift,9,2017|2018|2019|2020|2021|2022|2023|2024|2025,True,True
36.45,-0.65,Rift Valley,Highlands & Rift,9,2017|2018|2019|2020|2021|2022|2023|2024|2025,True,True
36.55,-0.65,Central,Highlands & Rift,9,2017|2018|2019|2020|2021|2022|2023|2024|2025,True,True
36.65,-0.65,Central,Highlands & Rift,9,2017|2018|2019|2020|2021|2022|2023|2024|2025,True,True
36.75,-0.65,Central,Highlands & Rift,9,2017|2018|2019|2020|2021|2022|2023|2024|2025,True,True
36.85,-0.65,Central,Highlands & Rift,9,2017|2018|2019|2020|2021|2022|2023|2024|2025,True,True
36.95,-0.65,Central,Highlands & Rift,9,2017|2018|2019|2020|2021|2022|2023|2024|2025,True,True
37.05,-0.65,Central,Highlands & Rift,9,2017|2018|2019|2020|2021|2022|2023|2024|2025,True,True
37.15,-0.65,Central,Highlands & Rift,9,2017|2018|2019|2020|2021|2022|2023|2024|2025,True,True
37.25,-0.65,Central,Highlands & Rift,9,2017|2018|2019|2020|2021|2022|2023|2024|2025,True,True
37.35,-0.65,Central,Highlands & Rift,9,2017|2018|2019|2020|2021|2022|2023|2024|2025,True,True
37.45,-0.65,Central,Highlands & Rift,9,2017|2018|2019|2020|2021|2022|2023|2024|2025,True,True
37.55,-0.65,Eastern,Arid & Semi-Arid (ASAL),9,2017|2018|2019|2020|2021|2022|2023|2024|2025,True,True
37.65,-0.65,Eastern,Arid & Semi-Arid (ASAL),9,2017|2018|2019|2020|2021|2022|2023|2024|2025,True,True
37.75,-0.65,Eastern,Arid & Semi-Arid (ASAL),9,2017|2018|2019|2020|2021|2022|2023|2024|2025,True,True
37.85,-0.65,Eastern,Arid & Semi-Arid (ASAL),9,2017|2018|2019|2020|2021|2022|2023|2024|2025,True,True
37.95,-0.65,Eastern,Arid & Semi-Arid (ASAL),9,2017|2018|2019|2020|2021|2022|2023|2024|2025,True,True
38.05,-0.65,Eastern,Arid & Semi-Arid (ASAL),9,2017|2018|2019|2020|2021|2022|2023|2024|2025,True,True
38.15,-0.65,Eastern,Arid & Semi-Arid (ASAL),9,2017|2018|2019|2020|2021|2022|2023|2024|2025,True,True
38.25,-0.65,Eastern,Arid & Semi-Arid (ASAL),9,2017|2018|2019|2020|2021|2022|2023|2024|2025,True,True
38.35,-0.65,Eastern,Arid & Semi-Arid (ASAL),9,2017|2018|2019|2020|2021|2022|2023|2024|2025,True,True
38.45,-0.65,Eastern,Arid & Semi-Arid (ASAL),9,2017|2018|2019|2020|2021|2022|2023|2024|2025,True,True
38.55,-0.65,Eastern,Arid & Semi-Arid (ASAL),9,2017|2018|2019|2020|2021|2022|2023|2024|2025,True,True
38.65,-0.65,Eastern,Arid & Semi-Arid (ASAL),9,2017|2018|2019|2020|2021|2022|2023|2024|2025,True,True
38.75,-0.65,Coast,Coast,9,2017|2018|2019|2020|2021|2022|2023|2024|2025,True,True
38.85,-0.65,Coast,Coast,9,2017|2018|2019|2020|2021|2022|2023|2024|2025,True,True
38.95,-0.65,Coast,Coast,9,2017|2018|2019|2020|2021|2022|2023|2024|2025,True,True
39.05,-0.65,Coast,Coast,9,2017|2018|2019|2020|2021|2022|2023|2024|2025,True,True
39.15,-0.65,Coast,Coast,9,2017|2018|2019|2020|2021|2022|2023|2024|2025,True,True
39.25,-0.65,Coast,Coast,9,2017|2018|2019|2020|2021|2022|2023|2024|2025,True,True
39.35,-0.65,Coast,Coast,9,2017|2018|2019|2020|2021|2022|2023|2024|2025,True,True
39.45,-0.65,Coast,Coast,9,2017|2018|2019|2020|2021|2022|2023|2024|2025,True,True
39.55,-0.65,Coast,Coast,9,2017|2018|2019|2020|2021|2022|2023|2024|2025,True,True
39.65,-0.65,Coast,Coast,9,2017|2018|2019|2020|2021|2022|2023|2024|2025,True,True
39.75,-0.65,Coast,Coast,9,2017|2018|2019|2020|2021|2022|2023|2024|2025,True,True
39.85,-0.65,North-Eastern,Arid & Semi-Arid (ASAL),9,2017|2018|2019|2020|2021|2022|2023|2024|2025,True,True
39.95,-0.65,North-Eastern,Arid & Semi-Arid (ASAL),9,2017|2018|2019|2020|2021|2022|2023|2024|2025,True,True
40.05,-0.65,North-Eastern,Arid & Semi-Arid (ASAL),9,2017|2018|2019|2020|2021|2022|2023|2024|2025,True,True
40.15,-0.65,North-Eastern,Arid & Semi-Arid (ASAL),9,2017|2018|2019|2020|2021|2022|2023|2024|2025,True,True
40.25,-0.65,North-Eastern,Arid & Semi-Arid (ASAL),9,2017|2018|2019|2020|2021|2022|2023|2024|2025,True,True
40.35,-0.65,North-Eastern,Arid & Semi-Arid (ASAL),9,2017|2018|2019|2020|2021|2022|2023|2024|2025,True,True
40.45,-0.65,North-Eastern,Arid & Semi-Arid (ASAL),9,2017|2018|2019|2020|2021|2022|2023|2024|2025,True,True
40.55,-0.65,North-Eastern,Arid & Semi-Arid (ASAL),9,2017|2018|2019|2020|2021|2022|2023|2024|2025,True,True
40.65,-0.65,North-Eastern,Arid & Semi-Arid (ASAL),9,2017|2018|2019|2020|2021|2022|2023|2024|2025,True,True
40.75,-0.65,North-Eastern,Arid & Semi-Arid (ASAL),9,2017|2018|2019|2020|2021|2022|2023|2024|2025,True,True
40.85,-0.65,North-Eastern,Arid & Semi-Arid (ASAL),9,2017|2018|2019|2020|2021|2022|2023|2024|2025,True,True
40.95,-0.65,North-Eastern,Arid & Semi-Arid (ASAL),9,2017|2018|2019|2020|2021|2022|2023|2024|2025,True,True
33.95,-0.75,Nyanza,Lake Victoria Basin,9,2017|2018|2019|2020|2021|2022|2023|2024|2025,True,True
34.05,-0.75,Nyanza,Lake Victoria Basin,9,2017|2018|2019|2020|2021|2022|2023|2024|2025,True,True
34.15,-0.75,Nyanza,Lake Victoria Basin,9,2017|2018|2019|2020|2021|2022|2023|2024|2025,True,True
34.25,-0.75,Nyanza,Lake Victoria Basin,9,2017|2018|2019|2020|2021|2022|2023|2024|2025,True,True
34.35,-0.75,Nyanza,Lake Victoria Basin,9,2017|2018|2019|2020|2021|2022|2023|2024|2025,True,True
34.45,-0.75,Nyanza,Lake Victoria Basin,9,2017|2018|2019|2020|2021|2022|2023|2024|2025,True,True
34.55,-0.75,Nyanza,Lake Victoria Basin,9,2017|2018|2019|2020|2021|2022|2023|2024|2025,True,True
34.65,-0.75,Nyanza,Lake Victoria Basin,9,2017|2018|2019|2020|2021|2022|2023|2024|2025,True,True
34.75,-0.75,Nyanza,Lake Victoria Basin,9,2017|2018|2019|2020|2021|2022|2023|2024|2025,True,True
34.85,-0.75,Nyanza,Lake Victoria Basin,9,2017|2018|2019|2020|2021|2022|2023|2024|2025,True,True
34.95,-0.75,Nyanza,Lake Victoria Basin,9,2017|2018|2019|2020|2021|2022|2023|2024|2025,True,True
35.05,-0.75,Nyanza,Lake Victoria Basin,9,2017|2018|2019|2020|2021|2022|2023|2024|2025,True,True
35.15,-0.75,Rift Valley,Highlands & Rift,9,2017|2018|2019|2020|2021|2022|2023|2024|2025,True,True
35.25,-0.75,Rift Valley,Highlands & Rift,9,2017|2018|2019|2020|2021|2022|2023|2024|2025,True,True
35.35,-0.75,Rift Valley,Highlands & Rift,9,2017|2018|2019|2020|2021|2022|2023|2024|2025,True,True
35.45,-0.75,Rift Valley,Highlands & Rift,9,2017|2018|2019|2020|2021|2022|2023|2024|2025,True,True
35.55,-0.75,Rift Valley,Highlands & Rift,9,2017|2018|2019|2020|2021|2022|2023|2024|2025,True,True
35.65,-0.75,Rift Valley,Highlands & Rift,9,2017|2018|2019|2020|2021|2022|2023|2024|2025,True,True
35.75,-0.75,Rift Valley,Highlands & Rift,9,2017|2018|2019|2020|2021|2022|2023|2024|2025,True,True
35.85,-0.75,Rift Valley,Highlands & Rift,9,2017|2018|2019|2020|2021|2022|2023|2024|2025,True,True
35.95,-0.75,Rift Valley,Highlands & Rift,9,2017|2018|2019|2020|2021|2022|2023|2024|2025,True,True
36.05,-0.75,Rift Valley,Highlands & Rift,9,2017|2018|2019|2020|2021|2022|2023|2024|2025,True,True
36.15,-0.75,Rift Valley,Highlands & Rift,9,2017|2018|2019|2020|2021|2022|2023|2024|2025,True,True
36.25,-0.75,Rift Valley,Highlands & Rift,9,2017|2018|2019|2020|2021|2022|2023|2024|2025,True,True
36.35,-0.75,Rift Valley,Highlands & Rift,9,2017|2018|2019|2020|2021|2022|2023|2024|2025,True,True
36.45,-0.75,Rift Valley,Highlands & Rift,9,2017|2018|2019|2020|2021|2022|2023|2024|2025,True,True
36.55,-0.75,Central,Highlands & Rift,9,2017|2018|2019|2020|2021|2022|2023|2024|2025,True,True
36.65,-0.75,Central,Highlands & Rift,9,2017|2018|2019|2020|2021|2022|2023|2024|2025,True,True
36.75,-0.75,Central,Highlands & Rift,9,2017|2018|2019|2020|2021|2022|2023|2024|2025,True,True
36.85,-0.75,Central,Highlands & Rift,9,2017|2018|2019|2020|2021|2022|2023|2024|2025,True,True
36.95,-0.75,Central,Highlands & Rift,9,2017|2018|2019|2020|2021|2022|2023|2024|2025,True,True
37.05,-0.75,Central,Highlands & Rift,9,2017|2018|2019|2020|2021|2022|2023|2024|2025,True,True
37.15,-0.75,Central,Highlands & Rift,9,2017|2018|2019|2020|2021|2022|2023|2024|2025,True,True
37.25,-0.75,Central,Highlands & Rift,9,2017|2018|2019|2020|2021|2022|2023|2024|2025,True,True
37.35,-0.75,Central,Highlands & Rift,9,2017|2018|2019|2020|2021|2022|2023|2024|2025,True,True
37.45,-0.75,Central,Highlands & Rift,9,2017|2018|2019|2020|2021|2022|2023|2024|2025,True,True
37.55,-0.75,Eastern,Arid & Semi-Arid (ASAL),9,2017|2018|2019|2020|2021|2022|2023|2024|2025,True,True
37.65,-0.75,Eastern,Arid & Semi-Arid (ASAL),9,2017|2018|2019|2020|2021|2022|2023|2024|2025,True,True
37.75,-0.75,Eastern,Arid & Semi-Arid (ASAL),9,2017|2018|2019|2020|2021|2022|2023|2024|2025,True,True
37.85,-0.75,Eastern,Arid & Semi-Arid (ASAL),9,2017|2018|2019|2020|2021|2022|2023|2024|2025,True,True
37.95,-0.75,Eastern,Arid & Semi-Arid (ASAL),9,2017|2018|2019|2020|2021|2022|2023|2024|2025,True,True
38.05,-0.75,Eastern,Arid & Semi-Arid (ASAL),9,2017|2018|2019|2020|2021|2022|2023|2024|2025,True,True
38.15,-0.75,Eastern,Arid & Semi-Arid (ASAL),9,2017|2018|2019|2020|2021|2022|2023|2024|2025,True,True
38.25,-0.75,Eastern,Arid & Semi-Arid (ASAL),9,2017|2018|2019|2020|2021|2022|2023|2024|2025,True,True
38.35,-0.75,Eastern,Arid & Semi-Arid (ASAL),9,2017|2018|2019|2020|2021|2022|2023|2024|2025,True,True
38.45,-0.75,Eastern,Arid & Semi-Arid (ASAL),9,2017|2018|2019|2020|2021|2022|2023|2024|2025,True,True
38.55,-0.75,Eastern,Arid & Semi-Arid (ASAL),9,2017|2018|2019|2020|2021|2022|2023|2024|2025,True,True
38.65,-0.75,Eastern,Arid & Semi-Arid (ASAL),9,2017|2018|2019|2020|2021|2022|2023|2024|2025,True,True
38.75,-0.75,Eastern,Arid & Semi-Arid (ASAL),9,2017|2018|2019|2020|2021|2022|2023|2024|2025,True,True
38.85,-0.75,Coast,Coast,9,2017|2018|2019|2020|2021|2022|2023|2024|2025,True,True
38.95,-0.75,Coast,Coast,9,2017|2018|2019|2020|2021|2022|2023|2024|2025,True,True
39.05,-0.75,Coast,Coast,9,2017|2018|2019|2020|2021|2022|2023|2024|2025,True,True
39.15,-0.75,Coast,Coast,9,2017|2018|2019|2020|2021|2022|2023|2024|2025,True,True
39.25,-0.75,Coast,Coast,9,2017|2018|2019|2020|2021|2022|2023|2024|2025,True,True
39.35,-0.75,Coast,Coast,9,2017|2018|2019|2020|2021|2022|2023|2024|2025,True,True
39.45,-0.75,Coast,Coast,9,2017|2018|2019|2020|2021|2022|2023|2024|2025,True,True
39.55,-0.75,Coast,Coast,9,2017|2018|2019|2020|2021|2022|2023|2024|2025,True,True
39.65,-0.75,Coast,Coast,9,2017|2018|2019|2020|2021|2022|2023|2024|2025,True,True
39.75,-0.75,Coast,Coast,9,2017|2018|2019|2020|2021|2022|2023|2024|2025,True,True
39.85,-0.75,North-Eastern,Arid & Semi-Arid (ASAL),9,2017|2018|2019|2020|2021|2022|2023|2024|2025,True,True
39.95,-0.75,North-Eastern,Arid & Semi-Arid (ASAL),9,2017|2018|2019|2020|2021|2022|2023|2024|2025,True,True
40.05,-0.75,North-Eastern,Arid & Semi-Arid (ASAL),9,2017|2018|2019|2020|2021|2022|2023|2024|2025,True,True
40.15,-0.75,North-Eastern,Arid & Semi-Arid (ASAL),9,2017|2018|2019|2020|2021|2022|2023|2024|2025,True,True
40.25,-0.75,North-Eastern,Arid & Semi-Arid (ASAL),9,2017|2018|2019|2020|2021|2022|2023|2024|2025,True,True
40.35,-0.75,North-Eastern,Arid & Semi-Arid (ASAL),9,2017|2018|2019|2020|2021|2022|2023|2024|2025,True,True
40.45,-0.75,North-Eastern,Arid & Semi-Arid (ASAL),9,2017|2018|2019|2020|2021|2022|2023|2024|2025,True,True
40.55,-0.75,North-Eastern,Arid & Semi-Arid (ASAL),9,2017|2018|2019|2020|2021|2022|2023|2024|2025,True,True
40.65,-0.75,North-Eastern,Arid & Semi-Arid (ASAL),9,2017|2018|2019|2020|2021|2022|2023|2024|2025,True,True
40.75,-0.75,North-Eastern,Arid & Semi-Arid (ASAL),9,2017|2018|2019|2020|2021|2022|2023|2024|2025,True,True
40.85,-0.75,North-Eastern,Arid & Semi-Arid (ASAL),9,2017|2018|2019|2020|2021|2022|2023|2024|2025,True,True
40.95,-0.75,North-Eastern,Arid & Semi-Arid (ASAL),9,2017|2018|2019|2020|2021|2022|2023|2024|2025,True,True
33.95,-0.85,Nyanza,Lake Victoria Basin,9,2017|2018|2019|2020|2021|2022|2023|2024|2025,True,True
34.05,-0.85,Nyanza,Lake Victoria Basin,9,2017|2018|2019|2020|2021|2022|2023|2024|2025,True,True
34.15,-0.85,Nyanza,Lake Victoria Basin,9,2017|2018|2019|2020|2021|2022|2023|2024|2025,True,True
34.25,-0.85,Nyanza,Lake Victoria Basin,9,2017|2018|2019|2020|2021|2022|2023|2024|2025,True,True
34.35,-0.85,Nyanza,Lake Victoria Basin,9,2017|2018|2019|2020|2021|2022|2023|2024|2025,True,True
34.45,-0.85,Nyanza,Lake Victoria Basin,9,2017|2018|2019|2020|2021|2022|2023|2024|2025,True,True
34.55,-0.85,Nyanza,Lake Victoria Basin,9,2017|2018|2019|2020|2021|2022|2023|2024|2025,True,True
34.65,-0.85,Nyanza,Lake Victoria Basin,9,2017|2018|2019|2020|2021|2022|2023|2024|2025,True,True
34.75,-0.85,Nyanza,Lake Victoria Basin,9,2017|2018|2019|2020|2021|2022|2023|2024|2025,True,True
34.85,-0.85,Nyanza,Lake Victoria Basin,9,2017|2018|2019|2020|2021|2022|2023|2024|2025,True,True
34.95,-0.85,Nyanza,Lake Victoria Basin,9,2017|2018|2019|2020|2021|2022|2023|2024|2025,True,True
35.05,-0.85,Rift Valley,Highlands & Rift,9,2017|2018|2019|2020|2021|2022|2023|2024|2025,True,True
35.15,-0.85,Rift Valley,Highlands & Rift,9,2017|2018|2019|2020|2021|2022|2023|2024|2025,True,True
35.25,-0.85,Rift Valley,Highlands & Rift,9,2017|2018|2019|2020|2021|2022|2023|2024|2025,True,True
35.35,-0.85,Rift Valley,Highlands & Rift,9,2017|2018|2019|2020|2021|2022|2023|2024|2025,True,True
35.45,-0.85,Rift Valley,Highlands & Rift,9,2017|2018|2019|2020|2021|2022|2023|2024|2025,True,True
35.55,-0.85,Rift Valley,Highlands & Rift,9,2017|2018|2019|2020|2021|2022|2023|2024|2025,True,True
35.65,-0.85,Rift Valley,Highlands & Rift,9,2017|2018|2019|2020|2021|2022|2023|2024|2025,True,True
35.75,-0.85,Rift Valley,Highlands & Rift,9,2017|2018|2019|2020|2021|2022|2023|2024|2025,True,True
35.85,-0.85,Rift Valley,Highlands & Rift,9,2017|2018|2019|2020|2021|2022|2023|2024|2025,True,True
35.95,-0.85,Rift Valley,Highlands & Rift,9,2017|2018|2019|2020|2021|2022|2023|2024|2025,True,True
36.05,-0.85,Rift Valley,Highlands & Rift,9,2017|2018|2019|2020|2021|2022|2023|2024|2025,True,True
36.15,-0.85,Rift Valley,Highlands & Rift,9,2017|2018|2019|2020|2021|2022|2023|2024|2025,True,True
36.25,-0.85,Rift Valley,Highlands & Rift,9,2017|2018|2019|2020|2021|2022|2023|2024|2025,True,True
36.35,-0.85,Rift Valley,Highlands & Rift,9,2017|2018|2019|2020|2021|2022|2023|2024|2025,True,True
36.45,-0.85,Rift Valley,Highlands & Rift,9,2017|2018|2019|2020|2021|2022|2023|2024|2025,True,True
36.55,-0.85,Central,Highlands & Rift,9,2017|2018|2019|2020|2021|2022|2023|2024|2025,True,True
36.65,-0.85,Central,Highlands & Rift,9,2017|2018|2019|2020|2021|2022|2023|2024|2025,True,True
36.75,-0.85,Central,Highlands & Rift,9,2017|2018|2019|2020|2021|2022|2023|2024|2025,True,True
36.85,-0.85,Central,Highlands & Rift,9,2017|2018|2019|2020|2021|2022|2023|2024|2025,True,True
36.95,-0.85,Central,Highlands & Rift,9,2017|2018|2019|2020|2021|2022|2023|2024|2025,True,True
37.05,-0.85,Central,Highlands & Rift,9,2017|2018|2019|2020|2021|2022|2023|2024|2025,True,True
37.15,-0.85,Central,Highlands & Rift,9,2017|2018|2019|2020|2021|2022|2023|2024|2025,True,True
37.25,-0.85,Eastern,Arid & Semi-Arid (ASAL),9,2017|2018|2019|2020|2021|2022|2023|2024|2025,True,True
37.35,-0.85,Eastern,Arid & Semi-Arid (ASAL),9,2017|2018|2019|2020|2021|2022|2023|2024|2025,True,True
37.45,-0.85,Eastern,Arid & Semi-Arid (ASAL),9,2017|2018|2019|2020|2021|2022|2023|2024|2025,True,True
37.55,-0.85,Eastern,Arid & Semi-Arid (ASAL),9,2017|2018|2019|2020|2021|2022|2023|2024|2025,True,True
37.65,-0.85,Eastern,Arid & Semi-Arid (ASAL),9,2017|2018|2019|2020|2021|2022|2023|2024|2025,True,True
37.75,-0.85,Eastern,Arid & Semi-Arid (ASAL),9,2017|2018|2019|2020|2021|2022|2023|2024|2025,True,True
37.85,-0.85,Eastern,Arid & Semi-Arid (ASAL),9,2017|2018|2019|2020|2021|2022|2023|2024|2025,True,True
37.95,-0.85,Eastern,Arid & Semi-Arid (ASAL),9,2017|2018|2019|2020|2021|2022|2023|2024|2025,True,True
38.05,-0.85,Eastern,Arid & Semi-Arid (ASAL),9,2017|2018|2019|2020|2021|2022|2023|2024|2025,True,True
38.15,-0.85,Eastern,Arid & Semi-Arid (ASAL),9,2017|2018|2019|2020|2021|2022|2023|2024|2025,True,True
38.25,-0.85,Eastern,Arid & Semi-Arid (ASAL),9,2017|2018|2019|2020|2021|2022|2023|2024|2025,True,True
38.35,-0.85,Eastern,Arid & Semi-Arid (ASAL),9,2017|2018|2019|2020|2021|2022|2023|2024|2025,True,True
38.45,-0.85,Eastern,Arid & Semi-Arid (ASAL),9,2017|2018|2019|2020|2021|2022|2023|2024|2025,True,True
38.55,-0.85,Eastern,Arid & Semi-Arid (ASAL),9,2017|2018|2019|2020|2021|2022|2023|2024|2025,True,True
38.65,-0.85,Eastern,Arid & Semi-Arid (ASAL),9,2017|2018|2019|2020|2021|2022|2023|2024|2025,True,True
38.75,-0.85,Eastern,Arid & Semi-Arid (ASAL),9,2017|2018|2019|2020|2021|2022|2023|2024|2025,True,True
38.85,-0.85,Eastern,Arid & Semi-Arid (ASAL),9,2017|2018|2019|2020|2021|2022|2023|2024|2025,True,True
38.95,-0.85,Coast,Coast,9,2017|2018|2019|2020|2021|2022|2023|2024|2025,True,True
39.05,-0.85,Coast,Coast,9,2017|2018|2019|2020|2021|2022|2023|2024|2025,True,True
39.15,-0.85,Coast,Coast,9,2017|2018|2019|2020|2021|2022|2023|2024|2025,True,True
39.25,-0.85,Coast,Coast,9,2017|2018|2019|2020|2021|2022|2023|2024|2025,True,True
39.35,-0.85,Coast,Coast,9,2017|2018|2019|2020|2021|2022|2023|2024|2025,True,True
39.45,-0.85,Coast,Coast,9,2017|2018|2019|2020|2021|2022|2023|2024|2025,True,True
39.55,-0.85,Coast,Coast,9,2017|2018|2019|2020|2021|2022|2023|2024|2025,True,True
39.65,-0.85,Coast,Coast,9,2017|2018|2019|2020|2021|2022|2023|2024|2025,True,True
39.75,-0.85,Coast,Coast,9,2017|2018|2019|2020|2021|2022|2023|2024|2025,True,True
39.85,-0.85,North-Eastern,Arid & Semi-Arid (ASAL),9,2017|2018|2019|2020|2021|2022|2023|2024|2025,True,True
39.95,-0.85,North-Eastern,Arid & Semi-Arid (ASAL),9,2017|2018|2019|2020|2021|2022|2023|2024|2025,True,True
40.05,-0.85,North-Eastern,Arid & Semi-Arid (ASAL),9,2017|2018|2019|2020|2021|2022|2023|2024|2025,True,True
40.15,-0.85,North-Eastern,Arid & Semi-Arid (ASAL),9,2017|2018|2019|2020|2021|2022|2023|2024|2025,True,True
40.25,-0.85,North-Eastern,Arid & Semi-Arid (ASAL),9,2017|2018|2019|2020|2021|2022|2023|2024|2025,True,True
40.35,-0.85,North-Eastern,Arid & Semi-Arid (ASAL),9,2017|2018|2019|2020|2021|2022|2023|2024|2025,True,True
40.45,-0.85,North-Eastern,Arid & Semi-Arid (ASAL),9,2017|2018|2019|2020|2021|2022|2023|2024|2025,True,True
40.55,-0.85,North-Eastern,Arid & Semi-Arid (ASAL),9,2017|2018|2019|2020|2021|2022|2023|2024|2025,True,True
40.65,-0.85,North-Eastern,Arid & Semi-Arid (ASAL),9,2017|2018|2019|2020|2021|2022|2023|2024|2025,True,True
40.75,-0.85,North-Eastern,Arid & Semi-Arid (ASAL),9,2017|2018|2019|2020|2021|2022|2023|2024|2025,True,True
40.85,-0.85,North-Eastern,Arid & Semi-Arid (ASAL),9,2017|2018|2019|2020|2021|2022|2023|2024|2025,True,True
40.95,-0.85,North-Eastern,Arid & Semi-Arid (ASAL),9,2017|2018|2019|2020|2021|2022|2023|2024|2025,True,True
33.95,-0.95,Nyanza,Lake Victoria Basin,9,2017|2018|2019|2020|2021|2022|2023|2024|2025,True,True
34.05,-0.95,Nyanza,Lake Victoria Basin,9,2017|2018|2019|2020|2021|2022|2023|2024|2025,True,True
34.15,-0.95,Nyanza,Lake Victoria Basin,9,2017|2018|2019|2020|2021|2022|2023|2024|2025,True,True
34.25,-0.95,Nyanza,Lake Victoria Basin,9,2017|2018|2019|2020|2021|2022|2023|2024|2025,True,True
34.35,-0.95,Nyanza,Lake Victoria Basin,9,2017|2018|2019|2020|2021|2022|2023|2024|2025,True,True
34.45,-0.95,Nyanza,Lake Victoria Basin,9,2017|2018|2019|2020|2021|2022|2023|2024|2025,True,True
34.55,-0.95,Nyanza,Lake Victoria Basin,9,2017|2018|2019|2020|2021|2022|2023|2024|2025,True,True
34.65,-0.95,Nyanza,Lake Victoria Basin,9,2017|2018|2019|2020|2021|2022|2023|2024|2025,True,True
34.75,-0.95,Nyanza,Lake Victoria Basin,9,2017|2018|2019|2020|2021|2022|2023|2024|2025,True,True
34.85,-0.95,Rift Valley,Highlands & Rift,9,2017|2018|2019|2020|2021|2022|2023|2024|2025,True,True
34.95,-0.95,Rift Valley,Highlands & Rift,9,2017|2018|2019|2020|2021|2022|2023|2024|2025,True,True
35.05,-0.95,Rift Valley,Highlands & Rift,9,2017|2018|2019|2020|2021|2022|2023|2024|2025,True,True
35.15,-0.95,Rift Valley,Highlands & Rift,9,2017|2018|2019|2020|2021|2022|2023|2024|2025,True,True
35.25,-0.95,Rift Valley,Highlands & Rift,9,2017|2018|2019|2020|2021|2022|2023|2024|2025,True,True
35.35,-0.95,Rift Valley,Highlands & Rift,9,2017|2018|2019|2020|2021|2022|2023|2024|2025,True,True
35.45,-0.95,Rift Valley,Highlands & Rift,9,2017|2018|2019|2020|2021|2022|2023|2024|2025,True,True
35.55,-0.95,Rift Valley,Highlands & Rift,9,2017|2018|2019|2020|2021|2022|2023|2024|2025,True,True
35.65,-0.95,Rift Valley,Highlands & Rift,9,2017|2018|2019|2020|2021|2022|2023|2024|2025,True,True
35.75,-0.95,Rift Valley,Highlands & Rift,9,2017|2018|2019|2020|2021|2022|2023|2024|2025,True,True
35.85,-0.95,Rift Valley,Highlands & Rift,9,2017|2018|2019|2020|2021|2022|2023|2024|2025,True,True
35.95,-0.95,Rift Valley,Highlands & Rift,9,2017|2018|2019|2020|2021|2022|2023|2024|2025,True,True
36.05,-0.95,Rift Valley,Highlands & Rift,9,2017|2018|2019|2020|2021|2022|2023|2024|2025,True,True
36.15,-0.95,Rift Valley,Highlands & Rift,9,2017|2018|2019|2020|2021|2022|2023|2024|2025,True,True
36.25,-0.95,Rift Valley,Highlands & Rift,9,2017|2018|2019|2020|2021|2022|2023|2024|2025,True,True
36.35,-0.95,Rift Valley,Highlands & Rift,9,2017|2018|2019|2020|2021|2022|2023|2024|2025,True,True
36.45,-0.95,Rift Valley,Highlands & Rift,9,2017|2018|2019|2020|2021|2022|2023|2024|2025,True,True
36.55,-0.95,Rift Valley,Highlands & Rift,9,2017|2018|2019|2020|2021|2022|2023|2024|2025,True,True
36.65,-0.95,Central,Highlands & Rift,9,2017|2018|2019|2020|2021|2022|2023|2024|2025,True,True
36.75,-0.95,Central,Highlands & Rift,9,2017|2018|2019|2020|2021|2022|2023|2024|2025,True,True
36.85,-0.95,Central,Highlands & Rift,9,2017|2018|2019|2020|2021|2022|2023|2024|2025,True,True
36.95,-0.95,Central,Highlands & Rift,9,2017|2018|2019|2020|2021|2022|2023|2024|2025,True,True
37.05,-0.95,Central,Highlands & Rift,9,2017|2018|2019|2020|2021|2022|2023|2024|2025,True,True
37.15,-0.95,Central,Highlands & Rift,9,2017|2018|2019|2020|2021|2022|2023|2024|2025,True,True
37.25,-0.95,Central,Highlands & Rift,9,2017|2018|2019|2020|2021|2022|2023|2024|2025,True,True
37.35,-0.95,Eastern,Arid & Semi-Arid (ASAL),9,2017|2018|2019|2020|2021|2022|2023|2024|2025,True,True
37.45,-0.95,Eastern,Arid & Semi-Arid (ASAL),9,2017|2018|2019|2020|2021|2022|2023|2024|2025,True,True
37.55,-0.95,Eastern,Arid & Semi-Arid (ASAL),9,2017|2018|2019|2020|2021|2022|2023|2024|2025,True,True
37.65,-0.95,Eastern,Arid & Semi-Arid (ASAL),9,2017|2018|2019|2020|2021|2022|2023|2024|2025,True,True
37.75,-0.95,Eastern,Arid & Semi-Arid (ASAL),9,2017|2018|2019|2020|2021|2022|2023|2024|2025,True,True
37.85,-0.95,Eastern,Arid & Semi-Arid (ASAL),9,2017|2018|2019|2020|2021|2022|2023|2024|2025,True,True
37.95,-0.95,Eastern,Arid & Semi-Arid (ASAL),9,2017|2018|2019|2020|2021|2022|2023|2024|2025,True,True
38.05,-0.95,Eastern,Arid & Semi-Arid (ASAL),9,2017|2018|2019|2020|2021|2022|2023|2024|2025,True,True
38.15,-0.95,Eastern,Arid & Semi-Arid (ASAL),9,2017|2018|2019|2020|2021|2022|2023|2024|2025,True,True
38.25,-0.95,Eastern,Arid & Semi-Arid (ASAL),9,2017|2018|2019|2020|2021|2022|2023|2024|2025,True,True
38.35,-0.95,Eastern,Arid & Semi-Arid (ASAL),9,2017|2018|2019|2020|2021|2022|2023|2024|2025,True,True
38.45,-0.95,Eastern,Arid & Semi-Arid (ASAL),9,2017|2018|2019|2020|2021|2022|2023|2024|2025,True,True
38.55,-0.95,Eastern,Arid & Semi-Arid (ASAL),9,2017|2018|2019|2020|2021|2022|2023|2024|2025,True,True
38.65,-0.95,Eastern,Arid & Semi-Arid (ASAL),9,2017|2018|2019|2020|2021|2022|2023|2024|2025,True,True
38.75,-0.95,Eastern,Arid & Semi-Arid (ASAL),9,2017|2018|2019|2020|2021|2022|2023|2024|2025,True,True
38.85,-0.95,Eastern,Arid & Semi-Arid (ASAL),9,2017|2018|2019|2020|2021|2022|2023|2024|2025,True,True
38.95,-0.95,Coast,Coast,9,2017|2018|2019|2020|2021|2022|2023|2024|2025,True,True
39.05,-0.95,Coast,Coast,9,2017|2018|2019|2020|2021|2022|2023|2024|2025,True,True
39.15,-0.95,Coast,Coast,9,2017|2018|2019|2020|2021|2022|2023|2024|2025,True,True
39.25,-0.95,Coast,Coast,9,2017|2018|2019|2020|2021|2022|2023|2024|2025,True,True
39.35,-0.95,Coast,Coast,9,2017|2018|2019|2020|2021|2022|2023|2024|2025,True,True
39.45,-0.95,Coast,Coast,9,2017|2018|2019|2020|2021|2022|2023|2024|2025,True,True
39.55,-0.95,Coast,Coast,9,2017|2018|2019|2020|2021|2022|2023|2024|2025,True,True
39.65,-0.95,Coast,Coast,9,2017|2018|2019|2020|2021|2022|2023|2024|2025,True,True
39.75,-0.95,Coast,Coast,9,2017|2018|2019|2020|2021|2022|2023|2024|2025,True,True
39.85,-0.95,Coast,Coast,9,2017|2018|2019|2020|2021|2022|2023|2024|2025,True,True
39.95,-0.95,North-Eastern,Arid & Semi-Arid (ASAL),9,2017|2018|2019|2020|2021|2022|2023|2024|2025,True,True
40.05,-0.95,North-Eastern,Arid & Semi-Arid (ASAL),9,2017|2018|2019|2020|2021|2022|2023|2024|2025,True,True
40.15,-0.95,North-Eastern,Arid & Semi-Arid (ASAL),9,2017|2018|2019|2020|2021|2022|2023|2024|2025,True,True
40.25,-0.95,North-Eastern,Arid & Semi-Arid (ASAL),9,2017|2018|2019|2020|2021|2022|2023|2024|2025,True,True
40.35,-0.95,North-Eastern,Arid & Semi-Arid (ASAL),9,2017|2018|2019|2020|2021|2022|2023|2024|2025,True,True
40.45,-0.95,North-Eastern,Arid & Semi-Arid (ASAL),9,2017|2018|2019|2020|2021|2022|2023|2024|2025,True,True
40.55,-0.95,North-Eastern,Arid & Semi-Arid (ASAL),9,2017|2018|2019|2020|2021|2022|2023|2024|2025,True,True
40.65,-0.95,North-Eastern,Arid & Semi-Arid (ASAL),9,2017|2018|2019|2020|2021|2022|2023|2024|2025,True,True
40.75,-0.95,North-Eastern,Arid & Semi-Arid (ASAL),9,2017|2018|2019|2020|2021|2022|2023|2024|2025,True,True
40.85,-0.95,North-Eastern,Arid & Semi-Arid (ASAL),9,2017|2018|2019|2020|2021|2022|2023|2024|2025,True,True
40.95,-0.95,North-Eastern,Arid & Semi-Arid (ASAL),9,2017|2018|2019|2020|2021|2022|2023|2024|2025,True,True
34.15,-1.05,Nyanza,Lake Victoria Basin,9,2017|2018|2019|2020|2021|2022|2023|2024|2025,True,True
34.25,-1.05,Nyanza,Lake Victoria Basin,9,2017|2018|2019|2020|2021|2022|2023|2024|2025,True,True
34.35,-1.05,Nyanza,Lake Victoria Basin,9,2017|2018|2019|2020|2021|2022|2023|2024|2025,True,True
34.45,-1.05,Nyanza,Lake Victoria Basin,9,2017|2018|2019|2020|2021|2022|2023|2024|2025,True,True
34.55,-1.05,Nyanza,Lake Victoria Basin,9,2017|2018|2019|2020|2021|2022|2023|2024|2025,True,True
34.65,-1.05,Rift Valley,Highlands & Rift,9,2017|2018|2019|2020|2021|2022|2023|2024|2025,True,True
34.75,-1.05,Rift Valley,Highlands & Rift,9,2017|2018|2019|2020|2021|2022|2023|2024|2025,True,True
34.85,-1.05,Rift Valley,Highlands & Rift,9,2017|2018|2019|2020|2021|2022|2023|2024|2025,True,True
34.95,-1.05,Rift Valley,Highlands & Rift,9,2017|2018|2019|2020|2021|2022|2023|2024|2025,True,True
35.05,-1.05,Rift Valley,Highlands & Rift,9,2017|2018|2019|2020|2021|2022|2023|2024|2025,True,True
35.15,-1.05,Rift Valley,Highlands & Rift,9,2017|2018|2019|2020|2021|2022|2023|2024|2025,True,True
35.25,-1.05,Rift Valley,Highlands & Rift,9,2017|2018|2019|2020|2021|2022|2023|2024|2025,True,True
35.35,-1.05,Rift Valley,Highlands & Rift,9,2017|2018|2019|2020|2021|2022|2023|2024|2025,True,True
35.45,-1.05,Rift Valley,Highlands & Rift,9,2017|2018|2019|2020|2021|2022|2023|2024|2025,True,True
35.55,-1.05,Rift Valley,Highlands & Rift,9,2017|2018|2019|2020|2021|2022|2023|2024|2025,True,True
35.65,-1.05,Rift Valley,Highlands & Rift,9,2017|2018|2019|2020|2021|2022|2023|2024|2025,True,True
35.75,-1.05,Rift Valley,Highlands & Rift,9,2017|2018|2019|2020|2021|2022|2023|2024|2025,True,True
35.85,-1.05,Rift Valley,Highlands & Rift,9,2017|2018|2019|2020|2021|2022|2023|2024|2025,True,True
35.95,-1.05,Rift Valley,Highlands & Rift,9,2017|2018|2019|2020|2021|2022|2023|2024|2025,True,True
36.05,-1.05,Rift Valley,Highlands & Rift,9,2017|2018|2019|2020|2021|2022|2023|2024|2025,True,True
36.15,-1.05,Rift Valley,Highlands & Rift,9,2017|2018|2019|2020|2021|2022|2023|2024|2025,True,True
36.25,-1.05,Rift Valley,Highlands & Rift,9,2017|2018|2019|2020|2021|2022|2023|2024|2025,True,True
36.35,-1.05,Rift Valley,Highlands & Rift,9,2017|2018|2019|2020|2021|2022|2023|2024|2025,True,True
36.45,-1.05,Rift Valley,Highlands & Rift,9,2017|2018|2019|2020|2021|2022|2023|2024|2025,True,True
36.55,-1.05,Rift Valley,Highlands & Rift,9,2017|2018|2019|2020|2021|2022|2023|2024|2025,True,True
36.65,-1.05,Central,Highlands & Rift,9,2017|2018|2019|2020|2021|2022|2023|2024|2025,True,True
36.75,-1.05,Central,Highlands & Rift,9,2017|2018|2019|2020|2021|2022|2023|2024|2025,True,True
36.85,-1.05,Central,Highlands & Rift,9,2017|2018|2019|2020|2021|2022|2023|2024|2025,True,True
36.95,-1.05,Central,Highlands & Rift,9,2017|2018|2019|2020|2021|2022|2023|2024|2025,True,True
37.05,-1.05,Central,Highlands & Rift,9,2017|2018|2019|2020|2021|2022|2023|2024|2025,True,True
37.15,-1.05,Central,Highlands & Rift,9,2017|2018|2019|2020|2021|2022|2023|2024|2025,True,True
37.25,-1.05,Central,Highlands & Rift,9,2017|2018|2019|2020|2021|2022|2023|2024|2025,True,True
37.35,-1.05,Central,Highlands & Rift,9,2017|2018|2019|2020|2021|2022|2023|2024|2025,True,True
37.45,-1.05,Eastern,Arid & Semi-Arid (ASAL),9,2017|2018|2019|2020|2021|2022|2023|2024|2025,True,True
37.55,-1.05,Eastern,Arid & Semi-Arid (ASAL),9,2017|2018|2019|2020|2021|2022|2023|2024|2025,True,True
37.65,-1.05,Eastern,Arid & Semi-Arid (ASAL),9,2017|2018|2019|2020|2021|2022|2023|2024|2025,True,True
37.75,-1.05,Eastern,Arid & Semi-Arid (ASAL),9,2017|2018|2019|2020|2021|2022|2023|2024|2025,True,True
37.85,-1.05,Eastern,Arid & Semi-Arid (ASAL),9,2017|2018|2019|2020|2021|2022|2023|2024|2025,True,True
37.95,-1.05,Eastern,Arid & Semi-Arid (ASAL),9,2017|2018|2019|2020|2021|2022|2023|2024|2025,True,True
38.05,-1.05,Eastern,Arid & Semi-Arid (ASAL),9,2017|2018|2019|2020|2021|2022|2023|2024|2025,True,True
38.15,-1.05,Eastern,Arid & Semi-Arid (ASAL),9,2017|2018|2019|2020|2021|2022|2023|2024|2025,True,True
38.25,-1.05,Eastern,Arid & Semi-Arid (ASAL),9,2017|2018|2019|2020|2021|2022|2023|2024|2025,True,True
38.35,-1.05,Eastern,Arid & Semi-Arid (ASAL),9,2017|2018|2019|2020|2021|2022|2023|2024|2025,True,True
38.45,-1.05,Eastern,Arid & Semi-Arid (ASAL),9,2017|2018|2019|2020|2021|2022|2023|2024|2025,True,True
38.55,-1.05,Eastern,Arid & Semi-Arid (ASAL),9,2017|2018|2019|2020|2021|2022|2023|2024|2025,True,True
38.65,-1.05,Eastern,Arid & Semi-Arid (ASAL),9,2017|2018|2019|2020|2021|2022|2023|2024|2025,True,True
38.75,-1.05,Eastern,Arid & Semi-Arid (ASAL),9,2017|2018|2019|2020|2021|2022|2023|2024|2025,True,True
38.85,-1.05,Eastern,Arid & Semi-Arid (ASAL),9,2017|2018|2019|2020|2021|2022|2023|2024|2025,True,True
38.95,-1.05,Eastern,Arid & Semi-Arid (ASAL),9,2017|2018|2019|2020|2021|2022|2023|2024|2025,True,True
39.05,-1.05,Coast,Coast,9,2017|2018|2019|2020|2021|2022|2023|2024|2025,True,True
39.15,-1.05,Coast,Coast,9,2017|2018|2019|2020|2021|2022|2023|2024|2025,True,True
39.25,-1.05,Coast,Coast,9,2017|2018|2019|2020|2021|2022|2023|2024|2025,True,True
39.35,-1.05,Coast,Coast,9,2017|2018|2019|2020|2021|2022|2023|2024|2025,True,True
39.45,-1.05,Coast,Coast,9,2017|2018|2019|2020|2021|2022|2023|2024|2025,True,True
39.55,-1.05,Coast,Coast,9,2017|2018|2019|2020|2021|2022|2023|2024|2025,True,True
39.65,-1.05,Coast,Coast,9,2017|2018|2019|2020|2021|2022|2023|2024|2025,True,True
39.75,-1.05,Coast,Coast,9,2017|2018|2019|2020|2021|2022|2023|2024|2025,True,True
39.85,-1.05,Coast,Coast,9,2017|2018|2019|2020|2021|2022|2023|2024|2025,True,True
39.95,-1.05,North-Eastern,Arid & Semi-Arid (ASAL),9,2017|2018|2019|2020|2021|2022|2023|2024|2025,True,True
40.05,-1.05,North-Eastern,Arid & Semi-Arid (ASAL),9,2017|2018|2019|2020|2021|2022|2023|2024|2025,True,True
40.15,-1.05,North-Eastern,Arid & Semi-Arid (ASAL),9,2017|2018|2019|2020|2021|2022|2023|2024|2025,True,True
40.25,-1.05,North-Eastern,Arid & Semi-Arid (ASAL),9,2017|2018|2019|2020|2021|2022|2023|2024|2025,True,True
40.35,-1.05,North-Eastern,Arid & Semi-Arid (ASAL),9,2017|2018|2019|2020|2021|2022|2023|2024|2025,True,True
40.45,-1.05,North-Eastern,Arid & Semi-Arid (ASAL),9,2017|2018|2019|2020|2021|2022|2023|2024|2025,True,True
40.55,-1.05,North-Eastern,Arid & Semi-Arid (ASAL),9,2017|2018|2019|2020|2021|2022|2023|2024|2025,True,True
40.65,-1.05,North-Eastern,Arid & Semi-Arid (ASAL),9,2017|2018|2019|2020|2021|2022|2023|2024|2025,True,True
40.75,-1.05,North-Eastern,Arid & Semi-Arid (ASAL),9,2017|2018|2019|2020|2021|2022|2023|2024|2025,True,True
40.85,-1.05,North-Eastern,Arid & Semi-Arid (ASAL),9,2017|2018|2019|2020|2021|2022|2023|2024|2025,True,True
40.95,-1.05,North-Eastern,Arid & Semi-Arid (ASAL),9,2017|2018|2019|2020|2021|2022|2023|2024|2025,True,True
41.05,-1.05,North-Eastern,Arid & Semi-Arid (ASAL),9,2017|2018|2019|2020|2021|2022|2023|2024|2025,True,True
34.25,-1.15,Nyanza,Lake Victoria Basin,9,2017|2018|2019|2020|2021|2022|2023|2024|2025,True,True
34.35,-1.15,Nyanza,Lake Victoria Basin,9,2017|2018|2019|2020|2021|2022|2023|2024|2025,True,True
34.45,-1.15,Nyanza,Lake Victoria Basin,9,2017|2018|2019|2020|2021|2022|2023|2024|2025,True,True
34.55,-1.15,Nyanza,Lake Victoria Basin,9,2017|2018|2019|2020|2021|2022|2023|2024|2025,True,True
34.65,-1.15,Rift Valley,Highlands & Rift,9,2017|2018|2019|2020|2021|2022|2023|2024|2025,True,True
34.75,-1.15,Rift Valley,Highlands & Rift,9,2017|2018|2019|2020|2021|2022|2023|2024|2025,True,True
34.85,-1.15,Rift Valley,Highlands & Rift,9,2017|2018|2019|2020|2021|2022|2023|2024|2025,True,True
34.95,-1.15,Rift Valley,Highlands & Rift,9,2017|2018|2019|2020|2021|2022|2023|2024|2025,True,True
35.05,-1.15,Rift Valley,Highlands & Rift,9,2017|2018|2019|2020|2021|2022|2023|2024|2025,True,True
35.15,-1.15,Rift Valley,Highlands & Rift,9,2017|2018|2019|2020|2021|2022|2023|2024|2025,True,True
35.25,-1.15,Rift Valley,Highlands & Rift,9,2017|2018|2019|2020|2021|2022|2023|2024|2025,True,True
35.35,-1.15,Rift Valley,Highlands & Rift,9,2017|2018|2019|2020|2021|2022|2023|2024|2025,True,True
35.45,-1.15,Rift Valley,Highlands & Rift,9,2017|2018|2019|2020|2021|2022|2023|2024|2025,True,True
35.55,-1.15,Rift Valley,Highlands & Rift,9,2017|2018|2019|2020|2021|2022|2023|2024|2025,True,True
35.65,-1.15,Rift Valley,Highlands & Rift,9,2017|2018|2019|2020|2021|2022|2023|2024|2025,True,True
35.75,-1.15,Rift Valley,Highlands & Rift,9,2017|2018|2019|2020|2021|2022|2023|2024|2025,True,True
35.85,-1.15,Rift Valley,Highlands & Rift,9,2017|2018|2019|2020|2021|2022|2023|2024|2025,True,True
35.95,-1.15,Rift Valley,Highlands & Rift,9,2017|2018|2019|2020|2021|2022|2023|2024|2025,True,True
36.05,-1.15,Rift Valley,Highlands & Rift,9,2017|2018|2019|2020|2021|2022|2023|2024|2025,True,True
36.15,-1.15,Rift Valley,Highlands & Rift,9,2017|2018|2019|2020|2021|2022|2023|2024|2025,True,True
36.25,-1.15,Rift Valley,Highlands & Rift,9,2017|2018|2019|2020|2021|2022|2023|2024|2025,True,True
36.35,-1.15,Rift Valley,Highlands & Rift,9,2017|2018|2019|2020|2021|2022|2023|2024|2025,True,True
36.45,-1.15,Rift Valley,Highlands & Rift,9,2017|2018|2019|2020|2021|2022|2023|2024|2025,True,True
36.55,-1.15,Central,Highlands & Rift,9,2017|2018|2019|2020|2021|2022|2023|2024|2025,True,True
36.65,-1.15,Central,Highlands & Rift,9,2017|2018|2019|2020|2021|2022|2023|2024|2025,True,True
36.75,-1.15,Central,Highlands & Rift,9,2017|2018|2019|2020|2021|2022|2023|2024|2025,True,True
36.85,-1.15,Central,Highlands & Rift,9,2017|2018|2019|2020|2021|2022|2023|2024|2025,True,True
36.95,-1.15,Nairobi,Highlands & Rift,9,2017|2018|2019|2020|2021|2022|2023|2024|2025,True,True
37.05,-1.15,Central,Highlands & Rift,9,2017|2018|2019|2020|2021|2022|2023|2024|2025,True,True
37.15,-1.15,Central,Highlands & Rift,9,2017|2018|2019|2020|2021|2022|2023|2024|2025,True,True
37.25,-1.15,Eastern,Arid & Semi-Arid (ASAL),9,2017|2018|2019|2020|2021|2022|2023|2024|2025,True,True
37.35,-1.15,Eastern,Arid & Semi-Arid (ASAL),9,2017|2018|2019|2020|2021|2022|2023|2024|2025,True,True
37.45,-1.15,Eastern,Arid & Semi-Arid (ASAL),9,2017|2018|2019|2020|2021|2022|2023|2024|2025,True,True
37.55,-1.15,Eastern,Arid & Semi-Arid (ASAL),9,2017|2018|2019|2020|2021|2022|2023|2024|2025,True,True
37.65,-1.15,Eastern,Arid & Semi-Arid (ASAL),9,2017|2018|2019|2020|2021|2022|2023|2024|2025,True,True
37.75,-1.15,Eastern,Arid & Semi-Arid (ASAL),9,2017|2018|2019|2020|2021|2022|2023|2024|2025,True,True
37.85,-1.15,Eastern,Arid & Semi-Arid (ASAL),9,2017|2018|2019|2020|2021|2022|2023|2024|2025,True,True
37.95,-1.15,Eastern,Arid & Semi-Arid (ASAL),9,2017|2018|2019|2020|2021|2022|2023|2024|2025,True,True
38.05,-1.15,Eastern,Arid & Semi-Arid (ASAL),9,2017|2018|2019|2020|2021|2022|2023|2024|2025,True,True
38.15,-1.15,Eastern,Arid & Semi-Arid (ASAL),9,2017|2018|2019|2020|2021|2022|2023|2024|2025,True,True
38.25,-1.15,Eastern,Arid & Semi-Arid (ASAL),9,2017|2018|2019|2020|2021|2022|2023|2024|2025,True,True
38.35,-1.15,Eastern,Arid & Semi-Arid (ASAL),9,2017|2018|2019|2020|2021|2022|2023|2024|2025,True,True
38.45,-1.15,Eastern,Arid & Semi-Arid (ASAL),9,2017|2018|2019|2020|2021|2022|2023|2024|2025,True,True
38.55,-1.15,Eastern,Arid & Semi-Arid (ASAL),9,2017|2018|2019|2020|2021|2022|2023|2024|2025,True,True
38.65,-1.15,Eastern,Arid & Semi-Arid (ASAL),9,2017|2018|2019|2020|2021|2022|2023|2024|2025,True,True
38.75,-1.15,Eastern,Arid & Semi-Arid (ASAL),9,2017|2018|2019|2020|2021|2022|2023|2024|2025,True,True
38.85,-1.15,Eastern,Arid & Semi-Arid (ASAL),9,2017|2018|2019|2020|2021|2022|2023|2024|2025,True,True
38.95,-1.15,Eastern,Arid & Semi-Arid (ASAL),9,2017|2018|2019|2020|2021|2022|2023|2024|2025,True,True
39.05,-1.15,Coast,Coast,9,2017|2018|2019|2020|2021|2022|2023|2024|2025,True,True
39.15,-1.15,Coast,Coast,9,2017|2018|2019|2020|2021|2022|2023|2024|2025,True,True
39.25,-1.15,Coast,Coast,9,2017|2018|2019|2020|2021|2022|2023|2024|2025,True,True
39.35,-1.15,Coast,Coast,9,2017|2018|2019|2020|2021|2022|2023|2024|2025,True,True
39.45,-1.15,Coast,Coast,9,2017|2018|2019|2020|2021|2022|2023|2024|2025,True,True
39.55,-1.15,Coast,Coast,9,2017|2018|2019|2020|2021|2022|2023|2024|2025,True,True
39.65,-1.15,Coast,Coast,9,2017|2018|2019|2020|2021|2022|2023|2024|2025,True,True
39.75,-1.15,Coast,Coast,9,2017|2018|2019|2020|2021|2022|2023|2024|2025,True,True
39.85,-1.15,Coast,Coast,9,2017|2018|2019|2020|2021|2022|2023|2024|2025,True,True
39.95,-1.15,Coast,Coast,9,2017|2018|2019|2020|2021|2022|2023|2024|2025,True,True
40.05,-1.15,North-Eastern,Arid & Semi-Arid (ASAL),9,2017|2018|2019|2020|2021|2022|2023|2024|2025,True,True
40.15,-1.15,North-Eastern,Arid & Semi-Arid (ASAL),9,2017|2018|2019|2020|2021|2022|2023|2024|2025,True,True
40.25,-1.15,North-Eastern,Arid & Semi-Arid (ASAL),9,2017|2018|2019|2020|2021|2022|2023|2024|2025,True,True
40.35,-1.15,North-Eastern,Arid & Semi-Arid (ASAL),9,2017|2018|2019|2020|2021|2022|2023|2024|2025,True,True
40.45,-1.15,North-Eastern,Arid & Semi-Arid (ASAL),9,2017|2018|2019|2020|2021|2022|2023|2024|2025,True,True
40.55,-1.15,North-Eastern,Arid & Semi-Arid (ASAL),9,2017|2018|2019|2020|2021|2022|2023|2024|2025,True,True
40.65,-1.15,North-Eastern,Arid & Semi-Arid (ASAL),9,2017|2018|2019|2020|2021|2022|2023|2024|2025,True,True
40.75,-1.15,North-Eastern,Arid & Semi-Arid (ASAL),9,2017|2018|2019|2020|2021|2022|2023|2024|2025,True,True
40.85,-1.15,North-Eastern,Arid & Semi-Arid (ASAL),9,2017|2018|2019|2020|2021|2022|2023|2024|2025,True,True
40.95,-1.15,North-Eastern,Arid & Semi-Arid (ASAL),9,2017|2018|2019|2020|2021|2022|2023|2024|2025,True,True
41.05,-1.15,North-Eastern,Arid & Semi-Arid (ASAL),9,2017|2018|2019|2020|2021|2022|2023|2024|2025,True,True
41.15,-1.15,North-Eastern,Arid & Semi-Arid (ASAL),9,2017|2018|2019|2020|2021|2022|2023|2024|2025,True,True
34.45,-1.25,Nyanza,Lake Victoria Basin,9,2017|2018|2019|2020|2021|2022|2023|2024|2025,True,True
34.55,-1.25,Nyanza,Lake Victoria Basin,9,2017|2018|2019|2020|2021|2022|2023|2024|2025,True,True
34.65,-1.25,Nyanza,Lake Victoria Basin,9,2017|2018|2019|2020|2021|2022|2023|2024|2025,True,True
34.75,-1.25,Rift Valley,Highlands & Rift,9,2017|2018|2019|2020|2021|2022|2023|2024|2025,True,True
34.85,-1.25,Rift Valley,Highlands & Rift,9,2017|2018|2019|2020|2021|2022|2023|2024|2025,True,True
34.95,-1.25,Rift Valley,Highlands & Rift,9,2017|2018|2019|2020|2021|2022|2023|2024|2025,True,True
35.05,-1.25,Rift Valley,Highlands & Rift,9,2017|2018|2019|2020|2021|2022|2023|2024|2025,True,True
35.15,-1.25,Rift Valley,Highlands & Rift,9,2017|2018|2019|2020|2021|2022|2023|2024|2025,True,True
35.25,-1.25,Rift Valley,Highlands & Rift,9,2017|2018|2019|2020|2021|2022|2023|2024|2025,True,True
35.35,-1.25,Rift Valley,Highlands & Rift,9,2017|2018|2019|2020|2021|2022|2023|2024|2025,True,True
35.45,-1.25,Rift Valley,Highlands & Rift,9,2017|2018|2019|2020|2021|2022|2023|2024|2025,True,True
35.55,-1.25,Rift Valley,Highlands & Rift,9,2017|2018|2019|2020|2021|2022|2023|2024|2025,True,True
35.65,-1.25,Rift Valley,Highlands & Rift,9,2017|2018|2019|2020|2021|2022|2023|2024|2025,True,True
35.75,-1.25,Rift Valley,Highlands & Rift,9,2017|2018|2019|2020|2021|2022|2023|2024|2025,True,True
35.85,-1.25,Rift Valley,Highlands & Rift,9,2017|2018|2019|2020|2021|2022|2023|2024|2025,True,True
35.95,-1.25,Rift Valley,Highlands & Rift,9,2017|2018|2019|2020|2021|2022|2023|2024|2025,True,True
36.05,-1.25,Rift Valley,Highlands & Rift,9,2017|2018|2019|2020|2021|2022|2023|2024|2025,True,True
36.15,-1.25,Rift Valley,Highlands & Rift,9,2017|2018|2019|2020|2021|2022|2023|2024|2025,True,True
36.25,-1.25,Rift Valley,Highlands & Rift,9,2017|2018|2019|2020|2021|2022|2023|2024|2025,True,True
36.35,-1.25,Rift Valley,Highlands & Rift,9,2017|2018|2019|2020|2021|2022|2023|2024|2025,True,True
36.45,-1.25,Rift Valley,Highlands & Rift,9,2017|2018|2019|2020|2021|2022|2023|2024|2025,True,True
36.55,-1.25,Central,Highlands & Rift,9,2017|2018|2019|2020|2021|2022|2023|2024|2025,True,True
36.65,-1.25,Central,Highlands & Rift,9,2017|2018|2019|2020|2021|2022|2023|2024|2025,True,True
36.75,-1.25,Nairobi,Highlands & Rift,9,2017|2018|2019|2020|2021|2022|2023|2024|2025,True,True
36.85,-1.25,Nairobi,Highlands & Rift,9,2017|2018|2019|2020|2021|2022|2023|2024|2025,True,True
36.95,-1.25,Nairobi,Highlands & Rift,9,2017|2018|2019|2020|2021|2022|2023|2024|2025,True,True
37.05,-1.25,Nairobi,Highlands & Rift,9,2017|2018|2019|2020|2021|2022|2023|2024|2025,True,True
37.15,-1.25,Eastern,Arid & Semi-Arid (ASAL),9,2017|2018|2019|2020|2021|2022|2023|2024|2025,True,True
37.25,-1.25,Eastern,Arid & Semi-Arid (ASAL),9,2017|2018|2019|2020|2021|2022|2023|2024|2025,True,True
37.35,-1.25,Eastern,Arid & Semi-Arid (ASAL),9,2017|2018|2019|2020|2021|2022|2023|2024|2025,True,True
37.45,-1.25,Eastern,Arid & Semi-Arid (ASAL),9,2017|2018|2019|2020|2021|2022|2023|2024|2025,True,True
37.55,-1.25,Eastern,Arid & Semi-Arid (ASAL),9,2017|2018|2019|2020|2021|2022|2023|2024|2025,True,True
37.65,-1.25,Eastern,Arid & Semi-Arid (ASAL),9,2017|2018|2019|2020|2021|2022|2023|2024|2025,True,True
37.75,-1.25,Eastern,Arid & Semi-Arid (ASAL),9,2017|2018|2019|2020|2021|2022|2023|2024|2025,True,True
37.85,-1.25,Eastern,Arid & Semi-Arid (ASAL),9,2017|2018|2019|2020|2021|2022|2023|2024|2025,True,True
37.95,-1.25,Eastern,Arid & Semi-Arid (ASAL),9,2017|2018|2019|2020|2021|2022|2023|2024|2025,True,True
38.05,-1.25,Eastern,Arid & Semi-Arid (ASAL),9,2017|2018|2019|2020|2021|2022|2023|2024|2025,True,True
38.15,-1.25,Eastern,Arid & Semi-Arid (ASAL),9,2017|2018|2019|2020|2021|2022|2023|2024|2025,True,True
38.25,-1.25,Eastern,Arid & Semi-Arid (ASAL),9,2017|2018|2019|2020|2021|2022|2023|2024|2025,True,True
38.35,-1.25,Eastern,Arid & Semi-Arid (ASAL),9,2017|2018|2019|2020|2021|2022|2023|2024|2025,True,True
38.45,-1.25,Eastern,Arid & Semi-Arid (ASAL),9,2017|2018|2019|2020|2021|2022|2023|2024|2025,True,True
38.55,-1.25,Eastern,Arid & Semi-Arid (ASAL),9,2017|2018|2019|2020|2021|2022|2023|2024|2025,True,True
38.65,-1.25,Eastern,Arid & Semi-Arid (ASAL),9,2017|2018|2019|2020|2021|2022|2023|2024|2025,True,True
38.75,-1.25,Eastern,Arid & Semi-Arid (ASAL),9,2017|2018|2019|2020|2021|2022|2023|2024|2025,True,True
38.85,-1.25,Eastern,Arid & Semi-Arid (ASAL),9,2017|2018|2019|2020|2021|2022|2023|2024|2025,True,True
38.95,-1.25,Eastern,Arid & Semi-Arid (ASAL),9,2017|2018|2019|2020|2021|2022|2023|2024|2025,True,True
39.05,-1.25,Coast,Coast,9,2017|2018|2019|2020|2021|2022|2023|2024|2025,True,True
39.15,-1.25,Coast,Coast,9,2017|2018|2019|2020|2021|2022|2023|2024|2025,True,True
39.25,-1.25,Coast,Coast,9,2017|2018|2019|2020|2021|2022|2023|2024|2025,True,True
39.35,-1.25,Coast,Coast,9,2017|2018|2019|2020|2021|2022|2023|2024|2025,True,True
39.45,-1.25,Coast,Coast,9,2017|2018|2019|2020|2021|2022|2023|2024|2025,True,True
39.55,-1.25,Coast,Coast,9,2017|2018|2019|2020|2021|2022|2023|2024|2025,True,True
39.65,-1.25,Coast,Coast,9,2017|2018|2019|2020|2021|2022|2023|2024|2025,True,True
39.75,-1.25,Coast,Coast,9,2017|2018|2019|2020|2021|2022|2023|2024|2025,True,True
39.85,-1.25,Coast,Coast,9,2017|2018|2019|2020|2021|2022|2023|2024|2025,True,True
39.95,-1.25,Coast,Coast,9,2017|2018|2019|2020|2021|2022|2023|2024|2025,True,True
40.05,-1.25,North-Eastern,Arid & Semi-Arid (ASAL),9,2017|2018|2019|2020|2021|2022|2023|2024|2025,True,True
40.15,-1.25,North-Eastern,Arid & Semi-Arid (ASAL),9,2017|2018|2019|2020|2021|2022|2023|2024|2025,True,True
40.25,-1.25,North-Eastern,Arid & Semi-Arid (ASAL),9,2017|2018|2019|2020|2021|2022|2023|2024|2025,True,True
40.35,-1.25,North-Eastern,Arid & Semi-Arid (ASAL),9,2017|2018|2019|2020|2021|2022|2023|2024|2025,True,True
40.45,-1.25,North-Eastern,Arid & Semi-Arid (ASAL),9,2017|2018|2019|2020|2021|2022|2023|2024|2025,True,True
40.55,-1.25,North-Eastern,Arid & Semi-Arid (ASAL),9,2017|2018|2019|2020|2021|2022|2023|2024|2025,True,True
40.65,-1.25,North-Eastern,Arid & Semi-Arid (ASAL),9,2017|2018|2019|2020|2021|2022|2023|2024|2025,True,True
40.75,-1.25,North-Eastern,Arid & Semi-Arid (ASAL),9,2017|2018|2019|2020|2021|2022|2023|2024|2025,True,True
40.85,-1.25,North-Eastern,Arid & Semi-Arid (ASAL),9,2017|2018|2019|2020|2021|2022|2023|2024|2025,True,True
40.95,-1.25,North-Eastern,Arid & Semi-Arid (ASAL),9,2017|2018|2019|2020|2021|2022|2023|2024|2025,True,True
41.05,-1.25,North-Eastern,Arid & Semi-Arid (ASAL),9,2017|2018|2019|2020|2021|2022|2023|2024|2025,True,True
41.15,-1.25,North-Eastern,Arid & Semi-Arid (ASAL),9,2017|2018|2019|2020|2021|2022|2023|2024|2025,True,True
41.25,-1.25,North-Eastern,Arid & Semi-Arid (ASAL),9,2017|2018|2019|2020|2021|2022|2023|2024|2025,True,True
34.65,-1.35,Nyanza,Lake Victoria Basin,9,2017|2018|2019|2020|2021|2022|2023|2024|2025,True,True
34.75,-1.35,Rift Valley,Highlands & Rift,9,2017|2018|2019|2020|2021|2022|2023|2024|2025,True,True
34.85,-1.35,Rift Valley,Highlands & Rift,9,2017|2018|2019|2020|2021|2022|2023|2024|2025,True,True
34.95,-1.35,Rift Valley,Highlands & Rift,9,2017|2018|2019|2020|2021|2022|2023|2024|2025,True,True
35.05,-1.35,Rift Valley,Highlands & Rift,9,2017|2018|2019|2020|2021|2022|2023|2024|2025,True,True
35.15,-1.35,Rift Valley,Highlands & Rift,9,2017|2018|2019|2020|2021|2022|2023|2024|2025,True,True
35.25,-1.35,Rift Valley,Highlands & Rift,9,2017|2018|2019|2020|2021|2022|2023|2024|2025,True,True
35.35,-1.35,Rift Valley,Highlands & Rift,9,2017|2018|2019|2020|2021|2022|2023|2024|2025,True,True
35.45,-1.35,Rift Valley,Highlands & Rift,9,2017|2018|2019|2020|2021|2022|2023|2024|2025,True,True
35.55,-1.35,Rift Valley,Highlands & Rift,9,2017|2018|2019|2020|2021|2022|2023|2024|2025,True,True
35.65,-1.35,Rift Valley,Highlands & Rift,9,2017|2018|2019|2020|2021|2022|2023|2024|2025,True,True
35.75,-1.35,Rift Valley,Highlands & Rift,9,2017|2018|2019|2020|2021|2022|2023|2024|2025,True,True
35.85,-1.35,Rift Valley,Highlands & Rift,9,2017|2018|2019|2020|2021|2022|2023|2024|2025,True,True
35.95,-1.35,Rift Valley,Highlands & Rift,9,2017|2018|2019|2020|2021|2022|2023|2024|2025,True,True
36.05,-1.35,Rift Valley,Highlands & Rift,9,2017|2018|2019|2020|2021|2022|2023|2024|2025,True,True
36.15,-1.35,Rift Valley,Highlands & Rift,9,2017|2018|2019|2020|2021|2022|2023|2024|2025,True,True
36.25,-1.35,Rift Valley,Highlands & Rift,9,2017|2018|2019|2020|2021|2022|2023|2024|2025,True,True
36.35,-1.35,Rift Valley,Highlands & Rift,9,2017|2018|2019|2020|2021|2022|2023|2024|2025,True,True
36.45,-1.35,Rift Valley,Highlands & Rift,9,2017|2018|2019|2020|2021|2022|2023|2024|2025,True,True
36.55,-1.35,Rift Valley,Highlands & Rift,9,2017|2018|2019|2020|2021|2022|2023|2024|2025,True,True
36.65,-1.35,Rift Valley,Highlands & Rift,9,2017|2018|2019|2020|2021|2022|2023|2024|2025,True,True
36.75,-1.35,Nairobi,Highlands & Rift,9,2017|2018|2019|2020|2021|2022|2023|2024|2025,True,True
36.85,-1.35,Nairobi,Highlands & Rift,9,2017|2018|2019|2020|2021|2022|2023|2024|2025,True,True
36.95,-1.35,Eastern,Arid & Semi-Arid (ASAL),9,2017|2018|2019|2020|2021|2022|2023|2024|2025,True,True
37.05,-1.35,Eastern,Arid & Semi-Arid (ASAL),9,2017|2018|2019|2020|2021|2022|2023|2024|2025,True,True
37.15,-1.35,Eastern,Arid & Semi-Arid (ASAL),9,2017|2018|2019|2020|2021|2022|2023|2024|2025,True,True
37.25,-1.35,Eastern,Arid & Semi-Arid (ASAL),9,2017|2018|2019|2020|2021|2022|2023|2024|2025,True,True
37.35,-1.35,Eastern,Arid & Semi-Arid (ASAL),9,2017|2018|2019|2020|2021|2022|2023|2024|2025,True,True
37.45,-1.35,Eastern,Arid & Semi-Arid (ASAL),9,2017|2018|2019|2020|2021|2022|2023|2024|2025,True,True
37.55,-1.35,Eastern,Arid & Semi-Arid (ASAL),9,2017|2018|2019|2020|2021|2022|2023|2024|2025,True,True
37.65,-1.35,Eastern,Arid & Semi-Arid (ASAL),9,2017|2018|2019|2020|2021|2022|2023|2024|2025,True,True
37.75,-1.35,Eastern,Arid & Semi-Arid (ASAL),9,2017|2018|2019|2020|2021|2022|2023|2024|2025,True,True
37.85,-1.35,Eastern,Arid & Semi-Arid (ASAL),9,2017|2018|2019|2020|2021|2022|2023|2024|2025,True,True
37.95,-1.35,Eastern,Arid & Semi-Arid (ASAL),9,2017|2018|2019|2020|2021|2022|2023|2024|2025,True,True
38.05,-1.35,Eastern,Arid & Semi-Arid (ASAL),9,2017|2018|2019|2020|2021|2022|2023|2024|2025,True,True
38.15,-1.35,Eastern,Arid & Semi-Arid (ASAL),9,2017|2018|2019|2020|2021|2022|2023|2024|2025,True,True
38.25,-1.35,Eastern,Arid & Semi-Arid (ASAL),9,2017|2018|2019|2020|2021|2022|2023|2024|2025,True,True
38.35,-1.35,Eastern,Arid & Semi-Arid (ASAL),9,2017|2018|2019|2020|2021|2022|2023|2024|2025,True,True
38.45,-1.35,Eastern,Arid & Semi-Arid (ASAL),9,2017|2018|2019|2020|2021|2022|2023|2024|2025,True,True
38.55,-1.35,Eastern,Arid & Semi-Arid (ASAL),9,2017|2018|2019|2020|2021|2022|2023|2024|2025,True,True
38.65,-1.35,Eastern,Arid & Semi-Arid (ASAL),9,2017|2018|2019|2020|2021|2022|2023|2024|2025,True,True
38.75,-1.35,Eastern,Arid & Semi-Arid (ASAL),9,2017|2018|2019|2020|2021|2022|2023|2024|2025,True,True
38.85,-1.35,Eastern,Arid & Semi-Arid (ASAL),9,2017|2018|2019|2020|2021|2022|2023|2024|2025,True,True
38.95,-1.35,Eastern,Arid & Semi-Arid (ASAL),9,2017|2018|2019|2020|2021|2022|2023|2024|2025,True,True
39.05,-1.35,Coast,Coast,9,2017|2018|2019|2020|2021|2022|2023|2024|2025,True,True
39.15,-1.35,Coast,Coast,9,2017|2018|2019|2020|2021|2022|2023|2024|2025,True,True
39.25,-1.35,Coast,Coast,9,2017|2018|2019|2020|2021|2022|2023|2024|2025,True,True
39.35,-1.35,Coast,Coast,9,2017|2018|2019|2020|2021|2022|2023|2024|2025,True,True
39.45,-1.35,Coast,Coast,9,2017|2018|2019|2020|2021|2022|2023|2024|2025,True,True
39.55,-1.35,Coast,Coast,9,2017|2018|2019|2020|2021|2022|2023|2024|2025,True,True
39.65,-1.35,Coast,Coast,9,2017|2018|2019|2020|2021|2022|2023|2024|2025,True,True
39.75,-1.35,Coast,Coast,9,2017|2018|2019|2020|2021|2022|2023|2024|2025,True,True
39.85,-1.35,Coast,Coast,9,2017|2018|2019|2020|2021|2022|2023|2024|2025,True,True
39.95,-1.35,Coast,Coast,9,2017|2018|2019|2020|2021|2022|2023|2024|2025,True,True
40.05,-1.35,North-Eastern,Arid & Semi-Arid (ASAL),9,2017|2018|2019|2020|2021|2022|2023|2024|2025,True,True
40.15,-1.35,North-Eastern,Arid & Semi-Arid (ASAL),9,2017|2018|2019|2020|2021|2022|2023|2024|2025,True,True
40.25,-1.35,North-Eastern,Arid & Semi-Arid (ASAL),9,2017|2018|2019|2020|2021|2022|2023|2024|2025,True,True
40.35,-1.35,North-Eastern,Arid & Semi-Arid (ASAL),9,2017|2018|2019|2020|2021|2022|2023|2024|2025,True,True
40.45,-1.35,North-Eastern,Arid & Semi-Arid (ASAL),9,2017|2018|2019|2020|2021|2022|2023|2024|2025,True,True
40.55,-1.35,North-Eastern,Arid & Semi-Arid (ASAL),9,2017|2018|2019|2020|2021|2022|2023|2024|2025,True,True
40.65,-1.35,North-Eastern,Arid & Semi-Arid (ASAL),9,2017|2018|2019|2020|2021|2022|2023|2024|2025,True,True
40.75,-1.35,North-Eastern,Arid & Semi-Arid (ASAL),9,2017|2018|2019|2020|2021|2022|2023|2024|2025,True,True
40.85,-1.35,North-Eastern,Arid & Semi-Arid (ASAL),9,2017|2018|2019|2020|2021|2022|2023|2024|2025,True,True
40.95,-1.35,North-Eastern,Arid & Semi-Arid (ASAL),9,2017|2018|2019|2020|2021|2022|2023|2024|2025,True,True
41.05,-1.35,North-Eastern,Arid & Semi-Arid (ASAL),9,2017|2018|2019|2020|2021|2022|2023|2024|2025,True,True
41.15,-1.35,North-Eastern,Arid & Semi-Arid (ASAL),9,2017|2018|2019|2020|2021|2022|2023|2024|2025,True,True
41.25,-1.35,North-Eastern,Arid & Semi-Arid (ASAL),9,2017|2018|2019|2020|2021|2022|2023|2024|2025,True,True
41.35,-1.35,North-Eastern,Arid & Semi-Arid (ASAL),9,2017|2018|2019|2020|2021|2022|2023|2024|2025,True,True
34.85,-1.45,Rift Valley,Highlands & Rift,9,2017|2018|2019|2020|2021|2022|2023|2024|2025,True,True
34.95,-1.45,Rift Valley,Highlands & Rift,9,2017|2018|2019|2020|2021|2022|2023|2024|2025,True,True
35.05,-1.45,Rift Valley,Highlands & Rift,9,2017|2018|2019|2020|2021|2022|2023|2024|2025,True,True
35.15,-1.45,Rift Valley,Highlands & Rift,9,2017|2018|2019|2020|2021|2022|2023|2024|2025,True,True
35.25,-1.45,Rift Valley,Highlands & Rift,9,2017|2018|2019|2020|2021|2022|2023|2024|2025,True,True
35.35,-1.45,Rift Valley,Highlands & Rift,9,2017|2018|2019|2020|2021|2022|2023|2024|2025,True,True
35.45,-1.45,Rift Valley,Highlands & Rift,9,2017|2018|2019|2020|2021|2022|2023|2024|2025,True,True
35.55,-1.45,Rift Valley,Highlands & Rift,9,2017|2018|2019|2020|2021|2022|2023|2024|2025,True,True
35.65,-1.45,Rift Valley,Highlands & Rift,9,2017|2018|2019|2020|2021|2022|2023|2024|2025,True,True
35.75,-1.45,Rift Valley,Highlands & Rift,9,2017|2018|2019|2020|2021|2022|2023|2024|2025,True,True
35.85,-1.45,Rift Valley,Highlands & Rift,9,2017|2018|2019|2020|2021|2022|2023|2024|2025,True,True
35.95,-1.45,Rift Valley,Highlands & Rift,9,2017|2018|2019|2020|2021|2022|2023|2024|2025,True,True
36.05,-1.45,Rift Valley,Highlands & Rift,9,2017|2018|2019|2020|2021|2022|2023|2024|2025,True,True
36.15,-1.45,Rift Valley,Highlands & Rift,9,2017|2018|2019|2020|2021|2022|2023|2024|2025,True,True
36.25,-1.45,Rift Valley,Highlands & Rift,9,2017|2018|2019|2020|2021|2022|2023|2024|2025,True,True
36.35,-1.45,Rift Valley,Highlands & Rift,9,2017|2018|2019|2020|2021|2022|2023|2024|2025,True,True
36.45,-1.45,Rift Valley,Highlands & Rift,9,2017|2018|2019|2020|2021|2022|2023|2024|2025,True,True
36.55,-1.45,Rift Valley,Highlands & Rift,9,2017|2018|2019|2020|2021|2022|2023|2024|2025,True,True
36.65,-1.45,Rift Valley,Highlands & Rift,9,2017|2018|2019|2020|2021|2022|2023|2024|2025,True,True
36.75,-1.45,Rift Valley,Highlands & Rift,9,2017|2018|2019|2020|2021|2022|2023|2024|2025,True,True
36.85,-1.45,Rift Valley,Highlands & Rift,9,2017|2018|2019|2020|2021|2022|2023|2024|2025,True,True
36.95,-1.45,Rift Valley,Highlands & Rift,9,2017|2018|2019|2020|2021|2022|2023|2024|2025,True,True
37.05,-1.45,Eastern,Arid & Semi-Arid (ASAL),9,2017|2018|2019|2020|2021|2022|2023|2024|2025,True,True
37.15,-1.45,Eastern,Arid & Semi-Arid (ASAL),9,2017|2018|2019|2020|2021|2022|2023|2024|2025,True,True
37.25,-1.45,Eastern,Arid & Semi-Arid (ASAL),9,2017|2018|2019|2020|2021|2022|2023|2024|2025,True,True
37.35,-1.45,Eastern,Arid & Semi-Arid (ASAL),9,2017|2018|2019|2020|2021|2022|2023|2024|2025,True,True
37.45,-1.45,Eastern,Arid & Semi-Arid (ASAL),9,2017|2018|2019|2020|2021|2022|2023|2024|2025,True,True
37.55,-1.45,Eastern,Arid & Semi-Arid (ASAL),9,2017|2018|2019|2020|2021|2022|2023|2024|2025,True,True
37.65,-1.45,Eastern,Arid & Semi-Arid (ASAL),9,2017|2018|2019|2020|2021|2022|2023|2024|2025,True,True
37.75,-1.45,Eastern,Arid & Semi-Arid (ASAL),9,2017|2018|2019|2020|2021|2022|2023|2024|2025,True,True
37.85,-1.45,Eastern,Arid & Semi-Arid (ASAL),9,2017|2018|2019|2020|2021|2022|2023|2024|2025,True,True
37.95,-1.45,Eastern,Arid & Semi-Arid (ASAL),9,2017|2018|2019|2020|2021|2022|2023|2024|2025,True,True
38.05,-1.45,Eastern,Arid & Semi-Arid (ASAL),9,2017|2018|2019|2020|2021|2022|2023|2024|2025,True,True
38.15,-1.45,Eastern,Arid & Semi-Arid (ASAL),9,2017|2018|2019|2020|2021|2022|2023|2024|2025,True,True
38.25,-1.45,Eastern,Arid & Semi-Arid (ASAL),9,2017|2018|2019|2020|2021|2022|2023|2024|2025,True,True
38.35,-1.45,Eastern,Arid & Semi-Arid (ASAL),9,2017|2018|2019|2020|2021|2022|2023|2024|2025,True,True
38.45,-1.45,Eastern,Arid & Semi-Arid (ASAL),9,2017|2018|2019|2020|2021|2022|2023|2024|2025,True,True
38.55,-1.45,Eastern,Arid & Semi-Arid (ASAL),9,2017|2018|2019|2020|2021|2022|2023|2024|2025,True,True
38.65,-1.45,Eastern,Arid & Semi-Arid (ASAL),9,2017|2018|2019|2020|2021|2022|2023|2024|2025,True,True
38.75,-1.45,Eastern,Arid & Semi-Arid (ASAL),9,2017|2018|2019|2020|2021|2022|2023|2024|2025,True,True
38.85,-1.45,Eastern,Arid & Semi-Arid (ASAL),9,2017|2018|2019|2020|2021|2022|2023|2024|2025,True,True
38.95,-1.45,Eastern,Arid & Semi-Arid (ASAL),9,2017|2018|2019|2020|2021|2022|2023|2024|2025,True,True
39.05,-1.45,Coast,Coast,9,2017|2018|2019|2020|2021|2022|2023|2024|2025,True,True
39.15,-1.45,Coast,Coast,9,2017|2018|2019|2020|2021|2022|2023|2024|2025,True,True
39.25,-1.45,Coast,Coast,9,2017|2018|2019|2020|2021|2022|2023|2024|2025,True,True
39.35,-1.45,Coast,Coast,9,2017|2018|2019|2020|2021|2022|2023|2024|2025,True,True
39.45,-1.45,Coast,Coast,9,2017|2018|2019|2020|2021|2022|2023|2024|2025,True,True
39.55,-1.45,Coast,Coast,9,2017|2018|2019|2020|2021|2022|2023|2024|2025,True,True
39.65,-1.45,Coast,Coast,9,2017|2018|2019|2020|2021|2022|2023|2024|2025,True,True
39.75,-1.45,Coast,Coast,9,2017|2018|2019|2020|2021|2022|2023|2024|2025,True,True
39.85,-1.45,Coast,Coast,9,2017|2018|2019|2020|2021|2022|2023|2024|2025,True,True
39.95,-1.45,Coast,Coast,9,2017|2018|2019|2020|2021|2022|2023|2024|2025,True,True
40.05,-1.45,North-Eastern,Arid & Semi-Arid (ASAL),9,2017|2018|2019|2020|2021|2022|2023|2024|2025,True,True
40.15,-1.45,North-Eastern,Arid & Semi-Arid (ASAL),9,2017|2018|2019|2020|2021|2022|2023|2024|2025,True,True
40.25,-1.45,North-Eastern,Arid & Semi-Arid (ASAL),9,2017|2018|2019|2020|2021|2022|2023|2024|2025,True,True
40.35,-1.45,North-Eastern,Arid & Semi-Arid (ASAL),9,2017|2018|2019|2020|2021|2022|2023|2024|2025,True,True
40.45,-1.45,North-Eastern,Arid & Semi-Arid (ASAL),9,2017|2018|2019|2020|2021|2022|2023|2024|2025,True,True
40.55,-1.45,North-Eastern,Arid & Semi-Arid (ASAL),9,2017|2018|2019|2020|2021|2022|2023|2024|2025,True,True
40.65,-1.45,North-Eastern,Arid & Semi-Arid (ASAL),9,2017|2018|2019|2020|2021|2022|2023|2024|2025,True,True
40.75,-1.45,North-Eastern,Arid & Semi-Arid (ASAL),9,2017|2018|2019|2020|2021|2022|2023|2024|2025,True,True
40.85,-1.45,North-Eastern,Arid & Semi-Arid (ASAL),9,2017|2018|2019|2020|2021|2022|2023|2024|2025,True,True
40.95,-1.45,North-Eastern,Arid & Semi-Arid (ASAL),9,2017|2018|2019|2020|2021|2022|2023|2024|2025,True,True
41.05,-1.45,North-Eastern,Arid & Semi-Arid (ASAL),9,2017|2018|2019|2020|2021|2022|2023|2024|2025,True,True
41.15,-1.45,North-Eastern,Arid & Semi-Arid (ASAL),9,2017|2018|2019|2020|2021|2022|2023|2024|2025,True,True
41.25,-1.45,North-Eastern,Arid & Semi-Arid (ASAL),9,2017|2018|2019|2020|2021|2022|2023|2024|2025,True,True
41.35,-1.45,North-Eastern,Arid & Semi-Arid (ASAL),9,2017|2018|2019|2020|2021|2022|2023|2024|2025,True,True
35.05,-1.55,Rift Valley,Highlands & Rift,9,2017|2018|2019|2020|2021|2022|2023|2024|2025,True,True
35.15,-1.55,Rift Valley,Highlands & Rift,9,2017|2018|2019|2020|2021|2022|2023|2024|2025,True,True
35.25,-1.55,Rift Valley,Highlands & Rift,9,2017|2018|2019|2020|2021|2022|2023|2024|2025,True,True
35.35,-1.55,Rift Valley,Highlands & Rift,9,2017|2018|2019|2020|2021|2022|2023|2024|2025,True,True
35.45,-1.55,Rift Valley,Highlands & Rift,9,2017|2018|2019|2020|2021|2022|2023|2024|2025,True,True
35.55,-1.55,Rift Valley,Highlands & Rift,9,2017|2018|2019|2020|2021|2022|2023|2024|2025,True,True
35.65,-1.55,Rift Valley,Highlands & Rift,9,2017|2018|2019|2020|2021|2022|2023|2024|2025,True,True
35.75,-1.55,Rift Valley,Highlands & Rift,9,2017|2018|2019|2020|2021|2022|2023|2024|2025,True,True
35.85,-1.55,Rift Valley,Highlands & Rift,9,2017|2018|2019|2020|2021|2022|2023|2024|2025,True,True
35.95,-1.55,Rift Valley,Highlands & Rift,9,2017|2018|2019|2020|2021|2022|2023|2024|2025,True,True
36.05,-1.55,Rift Valley,Highlands & Rift,9,2017|2018|2019|2020|2021|2022|2023|2024|2025,True,True
36.15,-1.55,Rift Valley,Highlands & Rift,9,2017|2018|2019|2020|2021|2022|2023|2024|2025,True,True
36.25,-1.55,Rift Valley,Highlands & Rift,9,2017|2018|2019|2020|2021|2022|2023|2024|2025,True,True
36.35,-1.55,Rift Valley,Highlands & Rift,9,2017|2018|2019|2020|2021|2022|2023|2024|2025,True,True
36.45,-1.55,Rift Valley,Highlands & Rift,9,2017|2018|2019|2020|2021|2022|2023|2024|2025,True,True
36.55,-1.55,Rift Valley,Highlands & Rift,9,2017|2018|2019|2020|2021|2022|2023|2024|2025,True,True
36.65,-1.55,Rift Valley,Highlands & Rift,9,2017|2018|2019|2020|2021|2022|2023|2024|2025,True,True
36.75,-1.55,Rift Valley,Highlands & Rift,9,2017|2018|2019|2020|2021|2022|2023|2024|2025,True,True
36.85,-1.55,Rift Valley,Highlands & Rift,9,2017|2018|2019|2020|2021|2022|2023|2024|2025,True,True
36.95,-1.55,Rift Valley,Highlands & Rift,9,2017|2018|2019|2020|2021|2022|2023|2024|2025,True,True
37.05,-1.55,Eastern,Arid & Semi-Arid (ASAL),9,2017|2018|2019|2020|2021|2022|2023|2024|2025,True,True
37.15,-1.55,Eastern,Arid & Semi-Arid (ASAL),9,2017|2018|2019|2020|2021|2022|2023|2024|2025,True,True
37.25,-1.55,Eastern,Arid & Semi-Arid (ASAL),9,2017|2018|2019|2020|2021|2022|2023|2024|2025,True,True
37.35,-1.55,Eastern,Arid & Semi-Arid (ASAL),9,2017|2018|2019|2020|2021|2022|2023|2024|2025,True,True
37.45,-1.55,Eastern,Arid & Semi-Arid (ASAL),9,2017|2018|2019|2020|2021|2022|2023|2024|2025,True,True
37.55,-1.55,Eastern,Arid & Semi-Arid (ASAL),9,2017|2018|2019|2020|2021|2022|2023|2024|2025,True,True
37.65,-1.55,Eastern,Arid & Semi-Arid (ASAL),9,2017|2018|2019|2020|2021|2022|2023|2024|2025,True,True
37.75,-1.55,Eastern,Arid & Semi-Arid (ASAL),9,2017|2018|2019|2020|2021|2022|2023|2024|2025,True,True
37.85,-1.55,Eastern,Arid & Semi-Arid (ASAL),9,2017|2018|2019|2020|2021|2022|2023|2024|2025,True,True
37.95,-1.55,Eastern,Arid & Semi-Arid (ASAL),9,2017|2018|2019|2020|2021|2022|2023|2024|2025,True,True
38.05,-1.55,Eastern,Arid & Semi-Arid (ASAL),9,2017|2018|2019|2020|2021|2022|2023|2024|2025,True,True
38.15,-1.55,Eastern,Arid & Semi-Arid (ASAL),9,2017|2018|2019|2020|2021|2022|2023|2024|2025,True,True
38.25,-1.55,Eastern,Arid & Semi-Arid (ASAL),9,2017|2018|2019|2020|2021|2022|2023|2024|2025,True,True
38.35,-1.55,Eastern,Arid & Semi-Arid (ASAL),9,2017|2018|2019|2020|2021|2022|2023|2024|2025,True,True
38.45,-1.55,Eastern,Arid & Semi-Arid (ASAL),9,2017|2018|2019|2020|2021|2022|2023|2024|2025,True,True
38.55,-1.55,Eastern,Arid & Semi-Arid (ASAL),9,2017|2018|2019|2020|2021|2022|2023|2024|2025,True,True
38.65,-1.55,Eastern,Arid & Semi-Arid (ASAL),9,2017|2018|2019|2020|2021|2022|2023|2024|2025,True,True
38.75,-1.55,Eastern,Arid & Semi-Arid (ASAL),9,2017|2018|2019|2020|2021|2022|2023|2024|2025,True,True
38.85,-1.55,Eastern,Arid & Semi-Arid (ASAL),9,2017|2018|2019|2020|2021|2022|2023|2024|2025,True,True
38.95,-1.55,Eastern,Arid & Semi-Arid (ASAL),9,2017|2018|2019|2020|2021|2022|2023|2024|2025,True,True
39.05,-1.55,Coast,Coast,9,2017|2018|2019|2020|2021|2022|2023|2024|2025,True,True
39.15,-1.55,Coast,Coast,9,2017|2018|2019|2020|2021|2022|2023|2024|2025,True,True
39.25,-1.55,Coast,Coast,9,2017|2018|2019|2020|2021|2022|2023|2024|2025,True,True
39.35,-1.55,Coast,Coast,9,2017|2018|2019|2020|2021|2022|2023|2024|2025,True,True
39.45,-1.55,Coast,Coast,9,2017|2018|2019|2020|2021|2022|2023|2024|2025,True,True
39.55,-1.55,Coast,Coast,9,2017|2018|2019|2020|2021|2022|2023|2024|2025,True,True
39.65,-1.55,Coast,Coast,9,2017|2018|2019|2020|2021|2022|2023|2024|2025,True,True
39.75,-1.55,Coast,Coast,9,2017|2018|2019|2020|2021|2022|2023|2024|2025,True,True
39.85,-1.55,Coast,Coast,9,2017|2018|2019|2020|2021|2022|2023|2024|2025,True,True
39.95,-1.55,Coast,Coast,9,2017|2018|2019|2020|2021|2022|2023|2024|2025,True,True
40.05,-1.55,Coast,Coast,9,2017|2018|2019|2020|2021|2022|2023|2024|2025,True,True
40.15,-1.55,North-Eastern,Arid & Semi-Arid (ASAL),9,2017|2018|2019|2020|2021|2022|2023|2024|2025,True,True
40.25,-1.55,North-Eastern,Arid & Semi-Arid (ASAL),9,2017|2018|2019|2020|2021|2022|2023|2024|2025,True,True
40.35,-1.55,North-Eastern,Arid & Semi-Arid (ASAL),9,2017|2018|2019|2020|2021|2022|2023|2024|2025,True,True
40.45,-1.55,North-Eastern,Arid & Semi-Arid (ASAL),9,2017|2018|2019|2020|2021|2022|2023|2024|2025,True,True
40.55,-1.55,North-Eastern,Arid & Semi-Arid (ASAL),9,2017|2018|2019|2020|2021|2022|2023|2024|2025,True,True
40.65,-1.55,North-Eastern,Arid & Semi-Arid (ASAL),9,2017|2018|2019|2020|2021|2022|2023|2024|2025,True,True
40.75,-1.55,North-Eastern,Arid & Semi-Arid (ASAL),9,2017|2018|2019|2020|2021|2022|2023|2024|2025,True,True
40.85,-1.55,North-Eastern,Arid & Semi-Arid (ASAL),9,2017|2018|2019|2020|2021|2022|2023|2024|2025,True,True
40.95,-1.55,North-Eastern,Arid & Semi-Arid (ASAL),9,2017|2018|2019|2020|2021|2022|2023|2024|2025,True,True
41.05,-1.55,North-Eastern,Arid & Semi-Arid (ASAL),9,2017|2018|2019|2020|2021|2022|2023|2024|2025,True,True
41.15,-1.55,North-Eastern,Arid & Semi-Arid (ASAL),9,2017|2018|2019|2020|2021|2022|2023|2024|2025,True,True
41.25,-1.55,North-Eastern,Arid & Semi-Arid (ASAL),9,2017|2018|2019|2020|2021|2022|2023|2024|2025,True,True
41.35,-1.55,North-Eastern,Arid & Semi-Arid (ASAL),9,2017|2018|2019|2020|2021|2022|2023|2024|2025,True,True
41.45,-1.55,North-Eastern,Arid & Semi-Arid (ASAL),9,2017|2018|2019|2020|2021|2022|2023|2024|2025,True,True
35.15,-1.65,Rift Valley,Highlands & Rift,9,2017|2018|2019|2020|2021|2022|2023|2024|2025,True,True
35.25,-1.65,Rift Valley,Highlands & Rift,9,2017|2018|2019|2020|2021|2022|2023|2024|2025,True,True
35.35,-1.65,Rift Valley,Highlands & Rift,9,2017|2018|2019|2020|2021|2022|2023|2024|2025,True,True
35.45,-1.65,Rift Valley,Highlands & Rift,9,2017|2018|2019|2020|2021|2022|2023|2024|2025,True,True
35.55,-1.65,Rift Valley,Highlands & Rift,9,2017|2018|2019|2020|2021|2022|2023|2024|2025,True,True
35.65,-1.65,Rift Valley,Highlands & Rift,9,2017|2018|2019|2020|2021|2022|2023|2024|2025,True,True
35.75,-1.65,Rift Valley,Highlands & Rift,9,2017|2018|2019|2020|2021|2022|2023|2024|2025,True,True
35.85,-1.65,Rift Valley,Highlands & Rift,9,2017|2018|2019|2020|2021|2022|2023|2024|2025,True,True
35.95,-1.65,Rift Valley,Highlands & Rift,9,2017|2018|2019|2020|2021|2022|2023|2024|2025,True,True
36.05,-1.65,Rift Valley,Highlands & Rift,9,2017|2018|2019|2020|2021|2022|2023|2024|2025,True,True
36.15,-1.65,Rift Valley,Highlands & Rift,9,2017|2018|2019|2020|2021|2022|2023|2024|2025,True,True
36.25,-1.65,Rift Valley,Highlands & Rift,9,2017|2018|2019|2020|2021|2022|2023|2024|2025,True,True
36.35,-1.65,Rift Valley,Highlands & Rift,9,2017|2018|2019|2020|2021|2022|2023|2024|2025,True,True
36.45,-1.65,Rift Valley,Highlands & Rift,9,2017|2018|2019|2020|2021|2022|2023|2024|2025,True,True
36.55,-1.65,Rift Valley,Highlands & Rift,9,2017|2018|2019|2020|2021|2022|2023|2024|2025,True,True
36.65,-1.65,Rift Valley,Highlands & Rift,9,2017|2018|2019|2020|2021|2022|2023|2024|2025,True,True
36.75,-1.65,Rift Valley,Highlands & Rift,9,2017|2018|2019|2020|2021|2022|2023|2024|2025,True,True
36.85,-1.65,Rift Valley,Highlands & Rift,9,2017|2018|2019|2020|2021|2022|2023|2024|2025,True,True
36.95,-1.65,Rift Valley,Highlands & Rift,9,2017|2018|2019|2020|2021|2022|2023|2024|2025,True,True
37.05,-1.65,Rift Valley,Highlands & Rift,9,2017|2018|2019|2020|2021|2022|2023|2024|2025,True,True
37.15,-1.65,Eastern,Arid & Semi-Arid (ASAL),9,2017|2018|2019|2020|2021|2022|2023|2024|2025,True,True
37.25,-1.65,Eastern,Arid & Semi-Arid (ASAL),9,2017|2018|2019|2020|2021|2022|2023|2024|2025,True,True
37.35,-1.65,Eastern,Arid & Semi-Arid (ASAL),9,2017|2018|2019|2020|2021|2022|2023|2024|2025,True,True
37.45,-1.65,Eastern,Arid & Semi-Arid (ASAL),9,2017|2018|2019|2020|2021|2022|2023|2024|2025,True,True
37.55,-1.65,Eastern,Arid & Semi-Arid (ASAL),9,2017|2018|2019|2020|2021|2022|2023|2024|2025,True,True
37.65,-1.65,Eastern,Arid & Semi-Arid (ASAL),9,2017|2018|2019|2020|2021|2022|2023|2024|2025,True,True
37.75,-1.65,Eastern,Arid & Semi-Arid (ASAL),9,2017|2018|2019|2020|2021|2022|2023|2024|2025,True,True
37.85,-1.65,Eastern,Arid & Semi-Arid (ASAL),9,2017|2018|2019|2020|2021|2022|2023|2024|2025,True,True
37.95,-1.65,Eastern,Arid & Semi-Arid (ASAL),9,2017|2018|2019|2020|2021|2022|2023|2024|2025,True,True
38.05,-1.65,Eastern,Arid & Semi-Arid (ASAL),9,2017|2018|2019|2020|2021|2022|2023|2024|2025,True,True
38.15,-1.65,Eastern,Arid & Semi-Arid (ASAL),9,2017|2018|2019|2020|2021|2022|2023|2024|2025,True,True
38.25,-1.65,Eastern,Arid & Semi-Arid (ASAL),9,2017|2018|2019|2020|2021|2022|2023|2024|2025,True,True
38.35,-1.65,Eastern,Arid & Semi-Arid (ASAL),9,2017|2018|2019|2020|2021|2022|2023|2024|2025,True,True
38.45,-1.65,Eastern,Arid & Semi-Arid (ASAL),9,2017|2018|2019|2020|2021|2022|2023|2024|2025,True,True
38.55,-1.65,Eastern,Arid & Semi-Arid (ASAL),9,2017|2018|2019|2020|2021|2022|2023|2024|2025,True,True
38.65,-1.65,Eastern,Arid & Semi-Arid (ASAL),9,2017|2018|2019|2020|2021|2022|2023|2024|2025,True,True
38.75,-1.65,Eastern,Arid & Semi-Arid (ASAL),9,2017|2018|2019|2020|2021|2022|2023|2024|2025,True,True
38.85,-1.65,Eastern,Arid & Semi-Arid (ASAL),9,2017|2018|2019|2020|2021|2022|2023|2024|2025,True,True
38.95,-1.65,Eastern,Arid & Semi-Arid (ASAL),9,2017|2018|2019|2020|2021|2022|2023|2024|2025,True,True
39.05,-1.65,Coast,Coast,9,2017|2018|2019|2020|2021|2022|2023|2024|2025,True,True
39.15,-1.65,Coast,Coast,9,2017|2018|2019|2020|2021|2022|2023|2024|2025,True,True
39.25,-1.65,Coast,Coast,9,2017|2018|2019|2020|2021|2022|2023|2024|2025,True,True
39.35,-1.65,Coast,Coast,9,2017|2018|2019|2020|2021|2022|2023|2024|2025,True,True
39.45,-1.65,Coast,Coast,9,2017|2018|2019|2020|2021|2022|2023|2024|2025,True,True
39.55,-1.65,Coast,Coast,9,2017|2018|2019|2020|2021|2022|2023|2024|2025,True,True
39.65,-1.65,Coast,Coast,9,2017|2018|2019|2020|2021|2022|2023|2024|2025,True,True
39.75,-1.65,Coast,Coast,9,2017|2018|2019|2020|2021|2022|2023|2024|2025,True,True
39.85,-1.65,Coast,Coast,9,2017|2018|2019|2020|2021|2022|2023|2024|2025,True,True
39.95,-1.65,Coast,Coast,9,2017|2018|2019|2020|2021|2022|2023|2024|2025,True,True
40.05,-1.65,Coast,Coast,9,2017|2018|2019|2020|2021|2022|2023|2024|2025,True,True
40.15,-1.65,North-Eastern,Arid & Semi-Arid (ASAL),9,2017|2018|2019|2020|2021|2022|2023|2024|2025,True,True
40.25,-1.65,North-Eastern,Arid & Semi-Arid (ASAL),9,2017|2018|2019|2020|2021|2022|2023|2024|2025,True,True
40.35,-1.65,North-Eastern,Arid & Semi-Arid (ASAL),9,2017|2018|2019|2020|2021|2022|2023|2024|2025,True,True
40.45,-1.65,North-Eastern,Arid & Semi-Arid (ASAL),9,2017|2018|2019|2020|2021|2022|2023|2024|2025,True,True
40.55,-1.65,North-Eastern,Arid & Semi-Arid (ASAL),9,2017|2018|2019|2020|2021|2022|2023|2024|2025,True,True
40.65,-1.65,North-Eastern,Arid & Semi-Arid (ASAL),9,2017|2018|2019|2020|2021|2022|2023|2024|2025,True,True
40.75,-1.65,North-Eastern,Arid & Semi-Arid (ASAL),9,2017|2018|2019|2020|2021|2022|2023|2024|2025,True,True
40.85,-1.65,North-Eastern,Arid & Semi-Arid (ASAL),9,2017|2018|2019|2020|2021|2022|2023|2024|2025,True,True
40.95,-1.65,North-Eastern,Arid & Semi-Arid (ASAL),9,2017|2018|2019|2020|2021|2022|2023|2024|2025,True,True
41.05,-1.65,North-Eastern,Arid & Semi-Arid (ASAL),9,2017|2018|2019|2020|2021|2022|2023|2024|2025,True,True
41.15,-1.65,North-Eastern,Arid & Semi-Arid (ASAL),9,2017|2018|2019|2020|2021|2022|2023|2024|2025,True,True
41.25,-1.65,North-Eastern,Arid & Semi-Arid (ASAL),9,2017|2018|2019|2020|2021|2022|2023|2024|2025,True,True
41.35,-1.65,North-Eastern,Arid & Semi-Arid (ASAL),9,2017|2018|2019|2020|2021|2022|2023|2024|2025,True,True
41.45,-1.65,North-Eastern,Arid & Semi-Arid (ASAL),9,2017|2018|2019|2020|2021|2022|2023|2024|2025,True,True
35.35,-1.75,Rift Valley,Highlands & Rift,9,2017|2018|2019|2020|2021|2022|2023|2024|2025,True,True
35.45,-1.75,Rift Valley,Highlands & Rift,9,2017|2018|2019|2020|2021|2022|2023|2024|2025,True,True
35.55,-1.75,Rift Valley,Highlands & Rift,9,2017|2018|2019|2020|2021|2022|2023|2024|2025,True,True
35.65,-1.75,Rift Valley,Highlands & Rift,9,2017|2018|2019|2020|2021|2022|2023|2024|2025,True,True
35.75,-1.75,Rift Valley,Highlands & Rift,9,2017|2018|2019|2020|2021|2022|2023|2024|2025,True,True
35.85,-1.75,Rift Valley,Highlands & Rift,9,2017|2018|2019|2020|2021|2022|2023|2024|2025,True,True
35.95,-1.75,Rift Valley,Highlands & Rift,9,2017|2018|2019|2020|2021|2022|2023|2024|2025,True,True
36.05,-1.75,Rift Valley,Highlands & Rift,9,2017|2018|2019|2020|2021|2022|2023|2024|2025,True,True
36.15,-1.75,Rift Valley,Highlands & Rift,9,2017|2018|2019|2020|2021|2022|2023|2024|2025,True,True
36.25,-1.75,Rift Valley,Highlands & Rift,9,2017|2018|2019|2020|2021|2022|2023|2024|2025,True,True
36.35,-1.75,Rift Valley,Highlands & Rift,9,2017|2018|2019|2020|2021|2022|2023|2024|2025,True,True
36.45,-1.75,Rift Valley,Highlands & Rift,9,2017|2018|2019|2020|2021|2022|2023|2024|2025,True,True
36.55,-1.75,Rift Valley,Highlands & Rift,9,2017|2018|2019|2020|2021|2022|2023|2024|2025,True,True
36.65,-1.75,Rift Valley,Highlands & Rift,9,2017|2018|2019|2020|2021|2022|2023|2024|2025,True,True
36.75,-1.75,Rift Valley,Highlands & Rift,9,2017|2018|2019|2020|2021|2022|2023|2024|2025,True,True
36.85,-1.75,Rift Valley,Highlands & Rift,9,2017|2018|2019|2020|2021|2022|2023|2024|2025,True,True
36.95,-1.75,Rift Valley,Highlands & Rift,9,2017|2018|2019|2020|2021|2022|2023|2024|2025,True,True
37.05,-1.75,Rift Valley,Highlands & Rift,9,2017|2018|2019|2020|2021|2022|2023|2024|2025,True,True
37.15,-1.75,Eastern,Arid & Semi-Arid (ASAL),9,2017|2018|2019|2020|2021|2022|2023|2024|2025,True,True
37.25,-1.75,Eastern,Arid & Semi-Arid (ASAL),9,2017|2018|2019|2020|2021|2022|2023|2024|2025,True,True
37.35,-1.75,Eastern,Arid & Semi-Arid (ASAL),9,2017|2018|2019|2020|2021|2022|2023|2024|2025,True,True
37.45,-1.75,Eastern,Arid & Semi-Arid (ASAL),9,2017|2018|2019|2020|2021|2022|2023|2024|2025,True,True
37.55,-1.75,Eastern,Arid & Semi-Arid (ASAL),9,2017|2018|2019|2020|2021|2022|2023|2024|2025,True,True
37.65,-1.75,Eastern,Arid & Semi-Arid (ASAL),9,2017|2018|2019|2020|2021|2022|2023|2024|2025,True,True
37.75,-1.75,Eastern,Arid & Semi-Arid (ASAL),9,2017|2018|2019|2020|2021|2022|2023|2024|2025,True,True
37.85,-1.75,Eastern,Arid & Semi-Arid (ASAL),9,2017|2018|2019|2020|2021|2022|2023|2024|2025,True,True
37.95,-1.75,Eastern,Arid & Semi-Arid (ASAL),9,2017|2018|2019|2020|2021|2022|2023|2024|2025,True,True
38.05,-1.75,Eastern,Arid & Semi-Arid (ASAL),9,2017|2018|2019|2020|2021|2022|2023|2024|2025,True,True
38.15,-1.75,Eastern,Arid & Semi-Arid (ASAL),9,2017|2018|2019|2020|2021|2022|2023|2024|2025,True,True
38.25,-1.75,Eastern,Arid & Semi-Arid (ASAL),9,2017|2018|2019|2020|2021|2022|2023|2024|2025,True,True
38.35,-1.75,Eastern,Arid & Semi-Arid (ASAL),9,2017|2018|2019|2020|2021|2022|2023|2024|2025,True,True
38.45,-1.75,Eastern,Arid & Semi-Arid (ASAL),9,2017|2018|2019|2020|2021|2022|2023|2024|2025,True,True
38.55,-1.75,Eastern,Arid & Semi-Arid (ASAL),9,2017|2018|2019|2020|2021|2022|2023|2024|2025,True,True
38.65,-1.75,Eastern,Arid & Semi-Arid (ASAL),9,2017|2018|2019|2020|2021|2022|2023|2024|2025,True,True
38.75,-1.75,Eastern,Arid & Semi-Arid (ASAL),9,2017|2018|2019|2020|2021|2022|2023|2024|2025,True,True
38.85,-1.75,Eastern,Arid & Semi-Arid (ASAL),9,2017|2018|2019|2020|2021|2022|2023|2024|2025,True,True
38.95,-1.75,Eastern,Arid & Semi-Arid (ASAL),9,2017|2018|2019|2020|2021|2022|2023|2024|2025,True,True
39.05,-1.75,Coast,Coast,9,2017|2018|2019|2020|2021|2022|2023|2024|2025,True,True
39.15,-1.75,Coast,Coast,9,2017|2018|2019|2020|2021|2022|2023|2024|2025,True,True
39.25,-1.75,Coast,Coast,9,2017|2018|2019|2020|2021|2022|2023|2024|2025,True,True
39.35,-1.75,Coast,Coast,9,2017|2018|2019|2020|2021|2022|2023|2024|2025,True,True
39.45,-1.75,Coast,Coast,9,2017|2018|2019|2020|2021|2022|2023|2024|2025,True,True
39.55,-1.75,Coast,Coast,9,2017|2018|2019|2020|2021|2022|2023|2024|2025,True,True
39.65,-1.75,Coast,Coast,9,2017|2018|2019|2020|2021|2022|2023|2024|2025,True,True
39.75,-1.75,Coast,Coast,9,2017|2018|2019|2020|2021|2022|2023|2024|2025,True,True
39.85,-1.75,Coast,Coast,9,2017|2018|2019|2020|2021|2022|2023|2024|2025,True,True
39.95,-1.75,Coast,Coast,9,2017|2018|2019|2020|2021|2022|2023|2024|2025,True,True
40.05,-1.75,Coast,Coast,9,2017|2018|2019|2020|2021|2022|2023|2024|2025,True,True
40.15,-1.75,North-Eastern,Arid & Semi-Arid (ASAL),9,2017|2018|2019|2020|2021|2022|2023|2024|2025,True,True
40.25,-1.75,North-Eastern,Arid & Semi-Arid (ASAL),9,2017|2018|2019|2020|2021|2022|2023|2024|2025,True,True
40.35,-1.75,North-Eastern,Arid & Semi-Arid (ASAL),9,2017|2018|2019|2020|2021|2022|2023|2024|2025,True,True
40.45,-1.75,North-Eastern,Arid & Semi-Arid (ASAL),9,2017|2018|2019|2020|2021|2022|2023|2024|2025,True,True
40.55,-1.75,North-Eastern,Arid & Semi-Arid (ASAL),9,2017|2018|2019|2020|2021|2022|2023|2024|2025,True,True
40.65,-1.75,North-Eastern,Arid & Semi-Arid (ASAL),9,2017|2018|2019|2020|2021|2022|2023|2024|2025,True,True
40.75,-1.75,North-Eastern,Arid & Semi-Arid (ASAL),9,2017|2018|2019|2020|2021|2022|2023|2024|2025,True,True
40.85,-1.75,North-Eastern,Arid & Semi-Arid (ASAL),9,2017|2018|2019|2020|2021|2022|2023|2024|2025,True,True
40.95,-1.75,Coast,Coast,9,2017|2018|2019|2020|2021|2022|2023|2024|2025,True,True
41.05,-1.75,Coast,Coast,9,2017|2018|2019|2020|2021|2022|2023|2024|2025,True,True
41.15,-1.75,Coast,Coast,9,2017|2018|2019|2020|2021|2022|2023|2024|2025,True,True
41.25,-1.75,Coast,Coast,9,2017|2018|2019|2020|2021|2022|2023|2024|2025,True,True
41.35,-1.75,Coast,Coast,9,2017|2018|2019|2020|2021|2022|2023|2024|2025,True,True
41.45,-1.75,Coast,Coast,9,2017|2018|2019|2020|2021|2022|2023|2024|2025,True,True
35.55,-1.85,Rift Valley,Highlands & Rift,9,2017|2018|2019|2020|2021|2022|2023|2024|2025,True,True
35.65,-1.85,Rift Valley,Highlands & Rift,9,2017|2018|2019|2020|2021|2022|2023|2024|2025,True,True
35.75,-1.85,Rift Valley,Highlands & Rift,9,2017|2018|2019|2020|2021|2022|2023|2024|2025,True,True
35.85,-1.85,Rift Valley,Highlands & Rift,9,2017|2018|2019|2020|2021|2022|2023|2024|2025,True,True
35.95,-1.85,Rift Valley,Highlands & Rift,9,2017|2018|2019|2020|2021|2022|2023|2024|2025,True,True
36.05,-1.85,Rift Valley,Highlands & Rift,9,2017|2018|2019|2020|2021|2022|2023|2024|2025,True,True
36.15,-1.85,Rift Valley,Highlands & Rift,9,2017|2018|2019|2020|2021|2022|2023|2024|2025,True,True
36.25,-1.85,Rift Valley,Highlands & Rift,9,2017|2018|2019|2020|2021|2022|2023|2024|2025,True,True
36.35,-1.85,Rift Valley,Highlands & Rift,9,2017|2018|2019|2020|2021|2022|2023|2024|2025,True,True
36.45,-1.85,Rift Valley,Highlands & Rift,9,2017|2018|2019|2020|2021|2022|2023|2024|2025,True,True
36.55,-1.85,Rift Valley,Highlands & Rift,9,2017|2018|2019|2020|2021|2022|2023|2024|2025,True,True
36.65,-1.85,Rift Valley,Highlands & Rift,9,2017|2018|2019|2020|2021|2022|2023|2024|2025,True,True
36.75,-1.85,Rift Valley,Highlands & Rift,9,2017|2018|2019|2020|2021|2022|2023|2024|2025,True,True
36.85,-1.85,Rift Valley,Highlands & Rift,9,2017|2018|2019|2020|2021|2022|2023|2024|2025,True,True
36.95,-1.85,Rift Valley,Highlands & Rift,9,2017|2018|2019|2020|2021|2022|2023|2024|2025,True,True
37.05,-1.85,Rift Valley,Highlands & Rift,9,2017|2018|2019|2020|2021|2022|2023|2024|2025,True,True
37.15,-1.85,Rift Valley,Highlands & Rift,9,2017|2018|2019|2020|2021|2022|2023|2024|2025,True,True
37.25,-1.85,Eastern,Arid & Semi-Arid (ASAL),9,2017|2018|2019|2020|2021|2022|2023|2024|2025,True,True
37.35,-1.85,Eastern,Arid & Semi-Arid (ASAL),9,2017|2018|2019|2020|2021|2022|2023|2024|2025,True,True
37.45,-1.85,Eastern,Arid & Semi-Arid (ASAL),9,2017|2018|2019|2020|2021|2022|2023|2024|2025,True,True
37.55,-1.85,Eastern,Arid & Semi-Arid (ASAL),9,2017|2018|2019|2020|2021|2022|2023|2024|2025,True,True
37.65,-1.85,Eastern,Arid & Semi-Arid (ASAL),9,2017|2018|2019|2020|2021|2022|2023|2024|2025,True,True
37.75,-1.85,Eastern,Arid & Semi-Arid (ASAL),9,2017|2018|2019|2020|2021|2022|2023|2024|2025,True,True
37.85,-1.85,Eastern,Arid & Semi-Arid (ASAL),9,2017|2018|2019|2020|2021|2022|2023|2024|2025,True,True
37.95,-1.85,Eastern,Arid & Semi-Arid (ASAL),9,2017|2018|2019|2020|2021|2022|2023|2024|2025,True,True
38.05,-1.85,Eastern,Arid & Semi-Arid (ASAL),9,2017|2018|2019|2020|2021|2022|2023|2024|2025,True,True
38.15,-1.85,Eastern,Arid & Semi-Arid (ASAL),9,2017|2018|2019|2020|2021|2022|2023|2024|2025,True,True
38.25,-1.85,Eastern,Arid & Semi-Arid (ASAL),9,2017|2018|2019|2020|2021|2022|2023|2024|2025,True,True
38.35,-1.85,Eastern,Arid & Semi-Arid (ASAL),9,2017|2018|2019|2020|2021|2022|2023|2024|2025,True,True
38.45,-1.85,Eastern,Arid & Semi-Arid (ASAL),9,2017|2018|2019|2020|2021|2022|2023|2024|2025,True,True
38.55,-1.85,Eastern,Arid & Semi-Arid (ASAL),9,2017|2018|2019|2020|2021|2022|2023|2024|2025,True,True
38.65,-1.85,Eastern,Arid & Semi-Arid (ASAL),9,2017|2018|2019|2020|2021|2022|2023|2024|2025,True,True
38.75,-1.85,Eastern,Arid & Semi-Arid (ASAL),9,2017|2018|2019|2020|2021|2022|2023|2024|2025,True,True
38.85,-1.85,Eastern,Arid & Semi-Arid (ASAL),9,2017|2018|2019|2020|2021|2022|2023|2024|2025,True,True
38.95,-1.85,Eastern,Arid & Semi-Arid (ASAL),9,2017|2018|2019|2020|2021|2022|2023|2024|2025,True,True
39.05,-1.85,Coast,Coast,9,2017|2018|2019|2020|2021|2022|2023|2024|2025,True,True
39.15,-1.85,Coast,Coast,9,2017|2018|2019|2020|2021|2022|2023|2024|2025,True,True
39.25,-1.85,Coast,Coast,9,2017|2018|2019|2020|2021|2022|2023|2024|2025,True,True
39.35,-1.85,Coast,Coast,9,2017|2018|2019|2020|2021|2022|2023|2024|2025,True,True
39.45,-1.85,Coast,Coast,9,2017|2018|2019|2020|2021|2022|2023|2024|2025,True,True
39.55,-1.85,Coast,Coast,9,2017|2018|2019|2020|2021|2022|2023|2024|2025,True,True
39.65,-1.85,Coast,Coast,9,2017|2018|2019|2020|2021|2022|2023|2024|2025,True,True
39.75,-1.85,Coast,Coast,9,2017|2018|2019|2020|2021|2022|2023|2024|2025,True,True
39.85,-1.85,Coast,Coast,9,2017|2018|2019|2020|2021|2022|2023|2024|2025,True,True
39.95,-1.85,Coast,Coast,9,2017|2018|2019|2020|2021|2022|2023|2024|2025,True,True
40.05,-1.85,Coast,Coast,9,2017|2018|2019|2020|2021|2022|2023|2024|2025,True,True
40.15,-1.85,North-Eastern,Arid & Semi-Arid (ASAL),9,2017|2018|2019|2020|2021|2022|2023|2024|2025,True,True
40.25,-1.85,North-Eastern,Arid & Semi-Arid (ASAL),9,2017|2018|2019|2020|2021|2022|2023|2024|2025,True,True
40.35,-1.85,North-Eastern,Arid & Semi-Arid (ASAL),9,2017|2018|2019|2020|2021|2022|2023|2024|2025,True,True
40.45,-1.85,North-Eastern,Arid & Semi-Arid (ASAL),9,2017|2018|2019|2020|2021|2022|2023|2024|2025,True,True
40.55,-1.85,North-Eastern,Arid & Semi-Arid (ASAL),9,2017|2018|2019|2020|2021|2022|2023|2024|2025,True,True
40.65,-1.85,North-Eastern,Arid & Semi-Arid (ASAL),9,2017|2018|2019|2020|2021|2022|2023|2024|2025,True,True
40.75,-1.85,Coast,Coast,9,2017|2018|2019|2020|2021|2022|2023|2024|2025,True,True
40.85,-1.85,Coast,Coast,9,2017|2018|2019|2020|2021|2022|2023|2024|2025,True,True
40.95,-1.85,Coast,Coast,9,2017|2018|2019|2020|2021|2022|2023|2024|2025,True,True
41.05,-1.85,Coast,Coast,9,2017|2018|2019|2020|2021|2022|2023|2024|2025,True,True
41.15,-1.85,Coast,Coast,9,2017|2018|2019|2020|2021|2022|2023|2024|2025,True,True
41.25,-1.85,Coast,Coast,9,2017|2018|2019|2020|2021|2022|2023|2024|2025,True,True
41.35,-1.85,Coast,Coast,9,2017|2018|2019|2020|2021|2022|2023|2024|2025,True,True
35.75,-1.95,Rift Valley,Highlands & Rift,9,2017|2018|2019|2020|2021|2022|2023|2024|2025,True,True
35.85,-1.95,Rift Valley,Highlands & Rift,9,2017|2018|2019|2020|2021|2022|2023|2024|2025,True,True
35.95,-1.95,Rift Valley,Highlands & Rift,9,2017|2018|2019|2020|2021|2022|2023|2024|2025,True,True
36.05,-1.95,Rift Valley,Highlands & Rift,9,2017|2018|2019|2020|2021|2022|2023|2024|2025,True,True
36.15,-1.95,Rift Valley,Highlands & Rift,9,2017|2018|2019|2020|2021|2022|2023|2024|2025,True,True
36.25,-1.95,Rift Valley,Highlands & Rift,9,2017|2018|2019|2020|2021|2022|2023|2024|2025,True,True
36.35,-1.95,Rift Valley,Highlands & Rift,9,2017|2018|2019|2020|2021|2022|2023|2024|2025,True,True
36.45,-1.95,Rift Valley,Highlands & Rift,9,2017|2018|2019|2020|2021|2022|2023|2024|2025,True,True
36.55,-1.95,Rift Valley,Highlands & Rift,9,2017|2018|2019|2020|2021|2022|2023|2024|2025,True,True
36.65,-1.95,Rift Valley,Highlands & Rift,9,2017|2018|2019|2020|2021|2022|2023|2024|2025,True,True
36.75,-1.95,Rift Valley,Highlands & Rift,9,2017|2018|2019|2020|2021|2022|2023|2024|2025,True,True
36.85,-1.95,Rift Valley,Highlands & Rift,9,2017|2018|2019|2020|2021|2022|2023|2024|2025,True,True
36.95,-1.95,Rift Valley,Highlands & Rift,9,2017|2018|2019|2020|2021|2022|2023|2024|2025,True,True
37.05,-1.95,Rift Valley,Highlands & Rift,9,2017|2018|2019|2020|2021|2022|2023|2024|2025,True,True
37.15,-1.95,Rift Valley,Highlands & Rift,9,2017|2018|2019|2020|2021|2022|2023|2024|2025,True,True
37.25,-1.95,Eastern,Arid & Semi-Arid (ASAL),9,2017|2018|2019|2020|2021|2022|2023|2024|2025,True,True
37.35,-1.95,Eastern,Arid & Semi-Arid (ASAL),9,2017|2018|2019|2020|2021|2022|2023|2024|2025,True,True
37.45,-1.95,Eastern,Arid & Semi-Arid (ASAL),9,2017|2018|2019|2020|2021|2022|2023|2024|2025,True,True
37.55,-1.95,Eastern,Arid & Semi-Arid (ASAL),9,2017|2018|2019|2020|2021|2022|2023|2024|2025,True,True
37.65,-1.95,Eastern,Arid & Semi-Arid (ASAL),9,2017|2018|2019|2020|2021|2022|2023|2024|2025,True,True
37.75,-1.95,Eastern,Arid & Semi-Arid (ASAL),9,2017|2018|2019|2020|2021|2022|2023|2024|2025,True,True
37.85,-1.95,Eastern,Arid & Semi-Arid (ASAL),9,2017|2018|2019|2020|2021|2022|2023|2024|2025,True,True
37.95,-1.95,Eastern,Arid & Semi-Arid (ASAL),9,2017|2018|2019|2020|2021|2022|2023|2024|2025,True,True
38.05,-1.95,Eastern,Arid & Semi-Arid (ASAL),9,2017|2018|2019|2020|2021|2022|2023|2024|2025,True,True
38.15,-1.95,Eastern,Arid & Semi-Arid (ASAL),9,2017|2018|2019|2020|2021|2022|2023|2024|2025,True,True
38.25,-1.95,Eastern,Arid & Semi-Arid (ASAL),9,2017|2018|2019|2020|2021|2022|2023|2024|2025,True,True
38.35,-1.95,Eastern,Arid & Semi-Arid (ASAL),9,2017|2018|2019|2020|2021|2022|2023|2024|2025,True,True
38.45,-1.95,Eastern,Arid & Semi-Arid (ASAL),9,2017|2018|2019|2020|2021|2022|2023|2024|2025,True,True
38.55,-1.95,Eastern,Arid & Semi-Arid (ASAL),9,2017|2018|2019|2020|2021|2022|2023|2024|2025,True,True
38.65,-1.95,Eastern,Arid & Semi-Arid (ASAL),9,2017|2018|2019|2020|2021|2022|2023|2024|2025,True,True
38.75,-1.95,Eastern,Arid & Semi-Arid (ASAL),9,2017|2018|2019|2020|2021|2022|2023|2024|2025,True,True
38.85,-1.95,Eastern,Arid & Semi-Arid (ASAL),9,2017|2018|2019|2020|2021|2022|2023|2024|2025,True,True
38.95,-1.95,Eastern,Arid & Semi-Arid (ASAL),9,2017|2018|2019|2020|2021|2022|2023|2024|2025,True,True
39.05,-1.95,Coast,Coast,9,2017|2018|2019|2020|2021|2022|2023|2024|2025,True,True
39.15,-1.95,Coast,Coast,9,2017|2018|2019|2020|2021|2022|2023|2024|2025,True,True
39.25,-1.95,Coast,Coast,9,2017|2018|2019|2020|2021|2022|2023|2024|2025,True,True
39.35,-1.95,Coast,Coast,9,2017|2018|2019|2020|2021|2022|2023|2024|2025,True,True
39.45,-1.95,Coast,Coast,9,2017|2018|2019|2020|2021|2022|2023|2024|2025,True,True
39.55,-1.95,Coast,Coast,9,2017|2018|2019|2020|2021|2022|2023|2024|2025,True,True
39.65,-1.95,Coast,Coast,9,2017|2018|2019|2020|2021|2022|2023|2024|2025,True,True
39.75,-1.95,Coast,Coast,9,2017|2018|2019|2020|2021|2022|2023|2024|2025,True,True
39.85,-1.95,Coast,Coast,9,2017|2018|2019|2020|2021|2022|2023|2024|2025,True,True
39.95,-1.95,Coast,Coast,9,2017|2018|2019|2020|2021|2022|2023|2024|2025,True,True
40.05,-1.95,Coast,Coast,9,2017|2018|2019|2020|2021|2022|2023|2024|2025,True,True
40.15,-1.95,North-Eastern,Arid & Semi-Arid (ASAL),9,2017|2018|2019|2020|2021|2022|2023|2024|2025,True,True
40.25,-1.95,North-Eastern,Arid & Semi-Arid (ASAL),9,2017|2018|2019|2020|2021|2022|2023|2024|2025,True,True
40.35,-1.95,North-Eastern,Arid & Semi-Arid (ASAL),9,2017|2018|2019|2020|2021|2022|2023|2024|2025,True,True
40.45,-1.95,North-Eastern,Arid & Semi-Arid (ASAL),9,2017|2018|2019|2020|2021|2022|2023|2024|2025,True,True
40.55,-1.95,Coast,Coast,9,2017|2018|2019|2020|2021|2022|2023|2024|2025,True,True
40.65,-1.95,Coast,Coast,9,2017|2018|2019|2020|2021|2022|2023|2024|2025,True,True
40.75,-1.95,Coast,Coast,9,2017|2018|2019|2020|2021|2022|2023|2024|2025,True,True
40.85,-1.95,Coast,Coast,9,2017|2018|2019|2020|2021|2022|2023|2024|2025,True,True
40.95,-1.95,Coast,Coast,9,2017|2018|2019|2020|2021|2022|2023|2024|2025,True,True
41.05,-1.95,Coast,Coast,9,2017|2018|2019|2020|2021|2022|2023|2024|2025,True,True
41.15,-1.95,Coast,Coast,9,2017|2018|2019|2020|2021|2022|2023|2024|2025,True,True
41.25,-1.95,Coast,Coast,9,2017|2018|2019|2020|2021|2022|2023|2024|2025,True,True
35.95,-2.05,Rift Valley,Highlands & Rift,9,2017|2018|2019|2020|2021|2022|2023|2024|2025,True,True
36.05,-2.05,Rift Valley,Highlands & Rift,9,2017|2018|2019|2020|2021|2022|2023|2024|2025,True,True
36.15,-2.05,Rift Valley,Highlands & Rift,9,2017|2018|2019|2020|2021|2022|2023|2024|2025,True,True
36.25,-2.05,Rift Valley,Highlands & Rift,9,2017|2018|2019|2020|2021|2022|2023|2024|2025,True,True
36.35,-2.05,Rift Valley,Highlands & Rift,9,2017|2018|2019|2020|2021|2022|2023|2024|2025,True,True
36.45,-2.05,Rift Valley,Highlands & Rift,9,2017|2018|2019|2020|2021|2022|2023|2024|2025,True,True
36.55,-2.05,Rift Valley,Highlands & Rift,9,2017|2018|2019|2020|2021|2022|2023|2024|2025,True,True
36.65,-2.05,Rift Valley,Highlands & Rift,9,2017|2018|2019|2020|2021|2022|2023|2024|2025,True,True
36.75,-2.05,Rift Valley,Highlands & Rift,9,2017|2018|2019|2020|2021|2022|2023|2024|2025,True,True
36.85,-2.05,Rift Valley,Highlands & Rift,9,2017|2018|2019|2020|2021|2022|2023|2024|2025,True,True
36.95,-2.05,Rift Valley,Highlands & Rift,9,2017|2018|2019|2020|2021|2022|2023|2024|2025,True,True
37.05,-2.05,Rift Valley,Highlands & Rift,9,2017|2018|2019|2020|2021|2022|2023|2024|2025,True,True
37.15,-2.05,Rift Valley,Highlands & Rift,9,2017|2018|2019|2020|2021|2022|2023|2024|2025,True,True
37.25,-2.05,Rift Valley,Highlands & Rift,9,2017|2018|2019|2020|2021|2022|2023|2024|2025,True,True
37.35,-2.05,Rift Valley,Highlands & Rift,9,2017|2018|2019|2020|2021|2022|2023|2024|2025,True,True
37.45,-2.05,Eastern,Arid & Semi-Arid (ASAL),9,2017|2018|2019|2020|2021|2022|2023|2024|2025,True,True
37.55,-2.05,Eastern,Arid & Semi-Arid (ASAL),9,2017|2018|2019|2020|2021|2022|2023|2024|2025,True,True
37.65,-2.05,Eastern,Arid & Semi-Arid (ASAL),9,2017|2018|2019|2020|2021|2022|2023|2024|2025,True,True
37.75,-2.05,Eastern,Arid & Semi-Arid (ASAL),9,2017|2018|2019|2020|2021|2022|2023|2024|2025,True,True
37.85,-2.05,Eastern,Arid & Semi-Arid (ASAL),9,2017|2018|2019|2020|2021|2022|2023|2024|2025,True,True
37.95,-2.05,Eastern,Arid & Semi-Arid (ASAL),9,2017|2018|2019|2020|2021|2022|2023|2024|2025,True,True
38.05,-2.05,Eastern,Arid & Semi-Arid (ASAL),9,2017|2018|2019|2020|2021|2022|2023|2024|2025,True,True
38.15,-2.05,Eastern,Arid & Semi-Arid (ASAL),9,2017|2018|2019|2020|2021|2022|2023|2024|2025,True,True
38.25,-2.05,Eastern,Arid & Semi-Arid (ASAL),9,2017|2018|2019|2020|2021|2022|2023|2024|2025,True,True
38.35,-2.05,Eastern,Arid & Semi-Arid (ASAL),9,2017|2018|2019|2020|2021|2022|2023|2024|2025,True,True
38.45,-2.05,Eastern,Arid & Semi-Arid (ASAL),9,2017|2018|2019|2020|2021|2022|2023|2024|2025,True,True
38.55,-2.05,Eastern,Arid & Semi-Arid (ASAL),9,2017|2018|2019|2020|2021|2022|2023|2024|2025,True,True
38.65,-2.05,Eastern,Arid & Semi-Arid (ASAL),9,2017|2018|2019|2020|2021|2022|2023|2024|2025,True,True
38.75,-2.05,Eastern,Arid & Semi-Arid (ASAL),9,2017|2018|2019|2020|2021|2022|2023|2024|2025,True,True
38.85,-2.05,Eastern,Arid & Semi-Arid (ASAL),9,2017|2018|2019|2020|2021|2022|2023|2024|2025,True,True
38.95,-2.05,Coast,Coast,9,2017|2018|2019|2020|2021|2022|2023|2024|2025,True,True
39.05,-2.05,Coast,Coast,9,2017|2018|2019|2020|2021|2022|2023|2024|2025,True,True
39.15,-2.05,Coast,Coast,9,2017|2018|2019|2020|2021|2022|2023|2024|2025,True,True
39.25,-2.05,Coast,Coast,9,2017|2018|2019|2020|2021|2022|2023|2024|2025,True,True
39.35,-2.05,Coast,Coast,9,2017|2018|2019|2020|2021|2022|2023|2024|2025,True,True
39.45,-2.05,Coast,Coast,9,2017|2018|2019|2020|2021|2022|2023|2024|2025,True,True
39.55,-2.05,Coast,Coast,9,2017|2018|2019|2020|2021|2022|2023|2024|2025,True,True
39.65,-2.05,Coast,Coast,9,2017|2018|2019|2020|2021|2022|2023|2024|2025,True,True
39.75,-2.05,Coast,Coast,9,2017|2018|2019|2020|2021|2022|2023|2024|2025,True,True
39.85,-2.05,Coast,Coast,9,2017|2018|2019|2020|2021|2022|2023|2024|2025,True,True
39.95,-2.05,Coast,Coast,9,2017|2018|2019|2020|2021|2022|2023|2024|2025,True,True
40.05,-2.05,Coast,Coast,9,2017|2018|2019|2020|2021|2022|2023|2024|2025,True,True
40.15,-2.05,Coast,Coast,9,2017|2018|2019|2020|2021|2022|2023|2024|2025,True,True
40.25,-2.05,Coast,Coast,9,2017|2018|2019|2020|2021|2022|2023|2024|2025,True,True
40.35,-2.05,Coast,Coast,9,2017|2018|2019|2020|2021|2022|2023|2024|2025,True,True
40.45,-2.05,Coast,Coast,9,2017|2018|2019|2020|2021|2022|2023|2024|2025,True,True
40.55,-2.05,Coast,Coast,9,2017|2018|2019|2020|2021|2022|2023|2024|2025,True,True
40.65,-2.05,Coast,Coast,9,2017|2018|2019|2020|2021|2022|2023|2024|2025,True,True
40.75,-2.05,Coast,Coast,9,2017|2018|2019|2020|2021|2022|2023|2024|2025,True,True
40.85,-2.05,Coast,Coast,9,2017|2018|2019|2020|2021|2022|2023|2024|2025,True,True
40.95,-2.05,Coast,Coast,9,2017|2018|2019|2020|2021|2022|2023|2024|2025,True,True
36.05,-2.15,Rift Valley,Highlands & Rift,9,2017|2018|2019|2020|2021|2022|2023|2024|2025,True,True
36.15,-2.15,Rift Valley,Highlands & Rift,9,2017|2018|2019|2020|2021|2022|2023|2024|2025,True,True
36.25,-2.15,Rift Valley,Highlands & Rift,9,2017|2018|2019|2020|2021|2022|2023|2024|2025,True,True
36.35,-2.15,Rift Valley,Highlands & Rift,9,2017|2018|2019|2020|2021|2022|2023|2024|2025,True,True
36.45,-2.15,Rift Valley,Highlands & Rift,9,2017|2018|2019|2020|2021|2022|2023|2024|2025,True,True
36.55,-2.15,Rift Valley,Highlands & Rift,9,2017|2018|2019|2020|2021|2022|2023|2024|2025,True,True
36.65,-2.15,Rift Valley,Highlands & Rift,9,2017|2018|2019|2020|2021|2022|2023|2024|2025,True,True
36.75,-2.15,Rift Valley,Highlands & Rift,9,2017|2018|2019|2020|2021|2022|2023|2024|2025,True,True
36.85,-2.15,Rift Valley,Highlands & Rift,9,2017|2018|2019|2020|2021|2022|2023|2024|2025,True,True
36.95,-2.15,Rift Valley,Highlands & Rift,9,2017|2018|2019|2020|2021|2022|2023|2024|2025,True,True
37.05,-2.15,Rift Valley,Highlands & Rift,9,2017|2018|2019|2020|2021|2022|2023|2024|2025,True,True
37.15,-2.15,Rift Valley,Highlands & Rift,9,2017|2018|2019|2020|2021|2022|2023|2024|2025,True,True
37.25,-2.15,Rift Valley,Highlands & Rift,9,2017|2018|2019|2020|2021|2022|2023|2024|2025,True,True
37.35,-2.15,Rift Valley,Highlands & Rift,9,2017|2018|2019|2020|2021|2022|2023|2024|2025,True,True
37.45,-2.15,Rift Valley,Highlands & Rift,9,2017|2018|2019|2020|2021|2022|2023|2024|2025,True,True
37.55,-2.15,Rift Valley,Highlands & Rift,9,2017|2018|2019|2020|2021|2022|2023|2024|2025,True,True
37.65,-2.15,Eastern,Arid & Semi-Arid (ASAL),9,2017|2018|2019|2020|2021|2022|2023|2024|2025,True,True
37.75,-2.15,Eastern,Arid & Semi-Arid (ASAL),9,2017|2018|2019|2020|2021|2022|2023|2024|2025,True,True
37.85,-2.15,Eastern,Arid & Semi-Arid (ASAL),9,2017|2018|2019|2020|2021|2022|2023|2024|2025,True,True
37.95,-2.15,Eastern,Arid & Semi-Arid (ASAL),9,2017|2018|2019|2020|2021|2022|2023|2024|2025,True,True
38.05,-2.15,Eastern,Arid & Semi-Arid (ASAL),9,2017|2018|2019|2020|2021|2022|2023|2024|2025,True,True
38.15,-2.15,Eastern,Arid & Semi-Arid (ASAL),9,2017|2018|2019|2020|2021|2022|2023|2024|2025,True,True
38.25,-2.15,Eastern,Arid & Semi-Arid (ASAL),9,2017|2018|2019|2020|2021|2022|2023|2024|2025,True,True
38.35,-2.15,Eastern,Arid & Semi-Arid (ASAL),9,2017|2018|2019|2020|2021|2022|2023|2024|2025,True,True
38.45,-2.15,Eastern,Arid & Semi-Arid (ASAL),9,2017|2018|2019|2020|2021|2022|2023|2024|2025,True,True
38.55,-2.15,Eastern,Arid & Semi-Arid (ASAL),9,2017|2018|2019|2020|2021|2022|2023|2024|2025,True,True
38.65,-2.15,Eastern,Arid & Semi-Arid (ASAL),9,2017|2018|2019|2020|2021|2022|2023|2024|2025,True,True
38.75,-2.15,Eastern,Arid & Semi-Arid (ASAL),9,2017|2018|2019|2020|2021|2022|2023|2024|2025,True,True
38.85,-2.15,Eastern,Arid & Semi-Arid (ASAL),9,2017|2018|2019|2020|2021|2022|2023|2024|2025,True,True
38.95,-2.15,Coast,Coast,9,2017|2018|2019|2020|2021|2022|2023|2024|2025,True,True
39.05,-2.15,Coast,Coast,9,2017|2018|2019|2020|2021|2022|2023|2024|2025,True,True
39.15,-2.15,Coast,Coast,9,2017|2018|2019|2020|2021|2022|2023|2024|2025,True,True
39.25,-2.15,Coast,Coast,9,2017|2018|2019|2020|2021|2022|2023|2024|2025,True,True
39.35,-2.15,Coast,Coast,9,2017|2018|2019|2020|2021|2022|2023|2024|2025,True,True
39.45,-2.15,Coast,Coast,9,2017|2018|2019|2020|2021|2022|2023|2024|2025,True,True
39.55,-2.15,Coast,Coast,9,2017|2018|2019|2020|2021|2022|2023|2024|2025,True,True
39.65,-2.15,Coast,Coast,9,2017|2018|2019|2020|2021|2022|2023|2024|2025,True,True
39.75,-2.15,Coast,Coast,9,2017|2018|2019|2020|2021|2022|2023|2024|2025,True,True
39.85,-2.15,Coast,Coast,9,2017|2018|2019|2020|2021|2022|2023|2024|2025,True,True
39.95,-2.15,Coast,Coast,9,2017|2018|2019|2020|2021|2022|2023|2024|2025,True,True
40.05,-2.15,Coast,Coast,9,2017|2018|2019|2020|2021|2022|2023|2024|2025,True,True
40.15,-2.15,Coast,Coast,9,2017|2018|2019|2020|2021|2022|2023|2024|2025,True,True
40.25,-2.15,Coast,Coast,9,2017|2018|2019|2020|2021|2022|2023|2024|2025,True,True
40.35,-2.15,Coast,Coast,9,2017|2018|2019|2020|2021|2022|2023|2024|2025,True,True
40.45,-2.15,Coast,Coast,9,2017|2018|2019|2020|2021|2022|2023|2024|2025,True,True
40.55,-2.15,Coast,Coast,9,2017|2018|2019|2020|2021|2022|2023|2024|2025,True,True
40.65,-2.15,Coast,Coast,9,2017|2018|2019|2020|2021|2022|2023|2024|2025,True,True
40.75,-2.15,Coast,Coast,9,2017|2018|2019|2020|2021|2022|2023|2024|2025,True,True
40.85,-2.15,Coast,Coast,9,2017|2018|2019|2020|2021|2022|2023|2024|2025,True,True
36.25,-2.25,Rift Valley,Highlands & Rift,9,2017|2018|2019|2020|2021|2022|2023|2024|2025,True,True
36.35,-2.25,Rift Valley,Highlands & Rift,9,2017|2018|2019|2020|2021|2022|2023|2024|2025,True,True
36.45,-2.25,Rift Valley,Highlands & Rift,9,2017|2018|2019|2020|2021|2022|2023|2024|2025,True,True
36.55,-2.25,Rift Valley,Highlands & Rift,9,2017|2018|2019|2020|2021|2022|2023|2024|2025,True,True
36.65,-2.25,Rift Valley,Highlands & Rift,9,2017|2018|2019|2020|2021|2022|2023|2024|2025,True,True
36.75,-2.25,Rift Valley,Highlands & Rift,9,2017|2018|2019|2020|2021|2022|2023|2024|2025,True,True
36.85,-2.25,Rift Valley,Highlands & Rift,9,2017|2018|2019|2020|2021|2022|2023|2024|2025,True,True
36.95,-2.25,Rift Valley,Highlands & Rift,9,2017|2018|2019|2020|2021|2022|2023|2024|2025,True,True
37.05,-2.25,Rift Valley,Highlands & Rift,9,2017|2018|2019|2020|2021|2022|2023|2024|2025,True,True
37.15,-2.25,Rift Valley,Highlands & Rift,9,2017|2018|2019|2020|2021|2022|2023|2024|2025,True,True
37.25,-2.25,Rift Valley,Highlands & Rift,9,2017|2018|2019|2020|2021|2022|2023|2024|2025,True,True
37.35,-2.25,Rift Valley,Highlands & Rift,9,2017|2018|2019|2020|2021|2022|2023|2024|2025,True,True
37.45,-2.25,Rift Valley,Highlands & Rift,9,2017|2018|2019|2020|2021|2022|2023|2024|2025,True,True
37.55,-2.25,Rift Valley,Highlands & Rift,9,2017|2018|2019|2020|2021|2022|2023|2024|2025,True,True
37.65,-2.25,Rift Valley,Highlands & Rift,9,2017|2018|2019|2020|2021|2022|2023|2024|2025,True,True
37.75,-2.25,Eastern,Arid & Semi-Arid (ASAL),9,2017|2018|2019|2020|2021|2022|2023|2024|2025,True,True
37.85,-2.25,Eastern,Arid & Semi-Arid (ASAL),9,2017|2018|2019|2020|2021|2022|2023|2024|2025,True,True
37.95,-2.25,Eastern,Arid & Semi-Arid (ASAL),9,2017|2018|2019|2020|2021|2022|2023|2024|2025,True,True
38.05,-2.25,Eastern,Arid & Semi-Arid (ASAL),9,2017|2018|2019|2020|2021|2022|2023|2024|2025,True,True
38.15,-2.25,Eastern,Arid & Semi-Arid (ASAL),9,2017|2018|2019|2020|2021|2022|2023|2024|2025,True,True
38.25,-2.25,Eastern,Arid & Semi-Arid (ASAL),9,2017|2018|2019|2020|2021|2022|2023|2024|2025,True,True
38.35,-2.25,Eastern,Arid & Semi-Arid (ASAL),9,2017|2018|2019|2020|2021|2022|2023|2024|2025,True,True
38.45,-2.25,Eastern,Arid & Semi-Arid (ASAL),9,2017|2018|2019|2020|2021|2022|2023|2024|2025,True,True
38.55,-2.25,Eastern,Arid & Semi-Arid (ASAL),9,2017|2018|2019|2020|2021|2022|2023|2024|2025,True,True
38.65,-2.25,Eastern,Arid & Semi-Arid (ASAL),9,2017|2018|2019|2020|2021|2022|2023|2024|2025,True,True
38.75,-2.25,Eastern,Arid & Semi-Arid (ASAL),9,2017|2018|2019|2020|2021|2022|2023|2024|2025,True,True
38.85,-2.25,Coast,Coast,9,2017|2018|2019|2020|2021|2022|2023|2024|2025,True,True
38.95,-2.25,Coast,Coast,9,2017|2018|2019|2020|2021|2022|2023|2024|2025,True,True
39.05,-2.25,Coast,Coast,9,2017|2018|2019|2020|2021|2022|2023|2024|2025,True,True
39.15,-2.25,Coast,Coast,9,2017|2018|2019|2020|2021|2022|2023|2024|2025,True,True
39.25,-2.25,Coast,Coast,9,2017|2018|2019|2020|2021|2022|2023|2024|2025,True,True
39.35,-2.25,Coast,Coast,9,2017|2018|2019|2020|2021|2022|2023|2024|2025,True,True
39.45,-2.25,Coast,Coast,9,2017|2018|2019|2020|2021|2022|2023|2024|2025,True,True
39.55,-2.25,Coast,Coast,9,2017|2018|2019|2020|2021|2022|2023|2024|2025,True,True
39.65,-2.25,Coast,Coast,9,2017|2018|2019|2020|2021|2022|2023|2024|2025,True,True
39.75,-2.25,Coast,Coast,9,2017|2018|2019|2020|2021|2022|2023|2024|2025,True,True
39.85,-2.25,Coast,Coast,9,2017|2018|2019|2020|2021|2022|2023|2024|2025,True,True
39.95,-2.25,Coast,Coast,9,2017|2018|2019|2020|2021|2022|2023|2024|2025,True,True
40.05,-2.25,Coast,Coast,9,2017|2018|2019|2020|2021|2022|2023|2024|2025,True,True
40.15,-2.25,Coast,Coast,9,2017|2018|2019|2020|2021|2022|2023|2024|2025,True,True
40.25,-2.25,Coast,Coast,9,2017|2018|2019|2020|2021|2022|2023|2024|2025,True,True
40.35,-2.25,Coast,Coast,9,2017|2018|2019|2020|2021|2022|2023|2024|2025,True,True
40.45,-2.25,Coast,Coast,9,2017|2018|2019|2020|2021|2022|2023|2024|2025,True,True
40.55,-2.25,Coast,Coast,9,2017|2018|2019|2020|2021|2022|2023|2024|2025,True,True
40.65,-2.25,Coast,Coast,9,2017|2018|2019|2020|2021|2022|2023|2024|2025,True,True
40.75,-2.25,Coast,Coast,9,2017|2018|2019|2020|2021|2022|2023|2024|2025,True,True
40.95,-2.25,Coast,Coast,9,2017|2018|2019|2020|2021|2022|2023|2024|2025,True,True
36.45,-2.35,Rift Valley,Highlands & Rift,9,2017|2018|2019|2020|2021|2022|2023|2024|2025,True,True
36.55,-2.35,Rift Valley,Highlands & Rift,9,2017|2018|2019|2020|2021|2022|2023|2024|2025,True,True
36.65,-2.35,Rift Valley,Highlands & Rift,9,2017|2018|2019|2020|2021|2022|2023|2024|2025,True,True
36.75,-2.35,Rift Valley,Highlands & Rift,9,2017|2018|2019|2020|2021|2022|2023|2024|2025,True,True
36.85,-2.35,Rift Valley,Highlands & Rift,9,2017|2018|2019|2020|2021|2022|2023|2024|2025,True,True
36.95,-2.35,Rift Valley,Highlands & Rift,9,2017|2018|2019|2020|2021|2022|2023|2024|2025,True,True
37.05,-2.35,Rift Valley,Highlands & Rift,9,2017|2018|2019|2020|2021|2022|2023|2024|2025,True,True
37.15,-2.35,Rift Valley,Highlands & Rift,9,2017|2018|2019|2020|2021|2022|2023|2024|2025,True,True
37.25,-2.35,Rift Valley,Highlands & Rift,9,2017|2018|2019|2020|2021|2022|2023|2024|2025,True,True
37.35,-2.35,Rift Valley,Highlands & Rift,9,2017|2018|2019|2020|2021|2022|2023|2024|2025,True,True
37.45,-2.35,Rift Valley,Highlands & Rift,9,2017|2018|2019|2020|2021|2022|2023|2024|2025,True,True
37.55,-2.35,Rift Valley,Highlands & Rift,9,2017|2018|2019|2020|2021|2022|2023|2024|2025,True,True
37.65,-2.35,Eastern,Arid & Semi-Arid (ASAL),9,2017|2018|2019|2020|2021|2022|2023|2024|2025,True,True
37.75,-2.35,Eastern,Arid & Semi-Arid (ASAL),9,2017|2018|2019|2020|2021|2022|2023|2024|2025,True,True
37.85,-2.35,Eastern,Arid & Semi-Arid (ASAL),9,2017|2018|2019|2020|2021|2022|2023|2024|2025,True,True
37.95,-2.35,Eastern,Arid & Semi-Arid (ASAL),9,2017|2018|2019|2020|2021|2022|2023|2024|2025,True,True
38.05,-2.35,Eastern,Arid & Semi-Arid (ASAL),9,2017|2018|2019|2020|2021|2022|2023|2024|2025,True,True
38.15,-2.35,Eastern,Arid & Semi-Arid (ASAL),9,2017|2018|2019|2020|2021|2022|2023|2024|2025,True,True
38.25,-2.35,Eastern,Arid & Semi-Arid (ASAL),9,2017|2018|2019|2020|2021|2022|2023|2024|2025,True,True
38.35,-2.35,Eastern,Arid & Semi-Arid (ASAL),9,2017|2018|2019|2020|2021|2022|2023|2024|2025,True,True
38.45,-2.35,Eastern,Arid & Semi-Arid (ASAL),9,2017|2018|2019|2020|2021|2022|2023|2024|2025,True,True
38.55,-2.35,Eastern,Arid & Semi-Arid (ASAL),9,2017|2018|2019|2020|2021|2022|2023|2024|2025,True,True
38.65,-2.35,Eastern,Arid & Semi-Arid (ASAL),9,2017|2018|2019|2020|2021|2022|2023|2024|2025,True,True
38.75,-2.35,Eastern,Arid & Semi-Arid (ASAL),9,2017|2018|2019|2020|2021|2022|2023|2024|2025,True,True
38.85,-2.35,Coast,Coast,9,2017|2018|2019|2020|2021|2022|2023|2024|2025,True,True
38.95,-2.35,Coast,Coast,9,2017|2018|2019|2020|2021|2022|2023|2024|2025,True,True
39.05,-2.35,Coast,Coast,9,2017|2018|2019|2020|2021|2022|2023|2024|2025,True,True
39.15,-2.35,Coast,Coast,9,2017|2018|2019|2020|2021|2022|2023|2024|2025,True,True
39.25,-2.35,Coast,Coast,9,2017|2018|2019|2020|2021|2022|2023|2024|2025,True,True
39.35,-2.35,Coast,Coast,9,2017|2018|2019|2020|2021|2022|2023|2024|2025,True,True
39.45,-2.35,Coast,Coast,9,2017|2018|2019|2020|2021|2022|2023|2024|2025,True,True
39.55,-2.35,Coast,Coast,9,2017|2018|2019|2020|2021|2022|2023|2024|2025,True,True
39.65,-2.35,Coast,Coast,9,2017|2018|2019|2020|2021|2022|2023|2024|2025,True,True
39.75,-2.35,Coast,Coast,9,2017|2018|2019|2020|2021|2022|2023|2024|2025,True,True
39.85,-2.35,Coast,Coast,9,2017|2018|2019|2020|2021|2022|2023|2024|2025,True,True
39.95,-2.35,Coast,Coast,9,2017|2018|2019|2020|2021|2022|2023|2024|2025,True,True
40.05,-2.35,Coast,Coast,9,2017|2018|2019|2020|2021|2022|2023|2024|2025,True,True
40.15,-2.35,Coast,Coast,9,2017|2018|2019|2020|2021|2022|2023|2024|2025,True,True
40.25,-2.35,Coast,Coast,9,2017|2018|2019|2020|2021|2022|2023|2024|2025,True,True
40.35,-2.35,Coast,Coast,9,2017|2018|2019|2020|2021|2022|2023|2024|2025,True,True
40.45,-2.35,Coast,Coast,9,2017|2018|2019|2020|2021|2022|2023|2024|2025,True,True
40.55,-2.35,Coast,Coast,9,2017|2018|2019|2020|2021|2022|2023|2024|2025,True,True
40.65,-2.35,Coast,Coast,9,2017|2018|2019|2020|2021|2022|2023|2024|2025,True,True
40.75,-2.35,Coast,Coast,9,2017|2018|2019|2020|2021|2022|2023|2024|2025,True,True
36.65,-2.45,Rift Valley,Highlands & Rift,9,2017|2018|2019|2020|2021|2022|2023|2024|2025,True,True
36.75,-2.45,Rift Valley,Highlands & Rift,9,2017|2018|2019|2020|2021|2022|2023|2024|2025,True,True
36.85,-2.45,Rift Valley,Highlands & Rift,9,2017|2018|2019|2020|2021|2022|2023|2024|2025,True,True
36.95,-2.45,Rift Valley,Highlands & Rift,9,2017|2018|2019|2020|2021|2022|2023|2024|2025,True,True
37.05,-2.45,Rift Valley,Highlands & Rift,9,2017|2018|2019|2020|2021|2022|2023|2024|2025,True,True
37.15,-2.45,Rift Valley,Highlands & Rift,9,2017|2018|2019|2020|2021|2022|2023|2024|2025,True,True
37.25,-2.45,Rift Valley,Highlands & Rift,9,2017|2018|2019|2020|2021|2022|2023|2024|2025,True,True
37.35,-2.45,Rift Valley,Highlands & Rift,9,2017|2018|2019|2020|2021|2022|2023|2024|2025,True,True
37.45,-2.45,Rift Valley,Highlands & Rift,9,2017|2018|2019|2020|2021|2022|2023|2024|2025,True,True
37.55,-2.45,Rift Valley,Highlands & Rift,9,2017|2018|2019|2020|2021|2022|2023|2024|2025,True,True
37.65,-2.45,Rift Valley,Highlands & Rift,9,2017|2018|2019|2020|2021|2022|2023|2024|2025,True,True
37.75,-2.45,Eastern,Arid & Semi-Arid (ASAL),9,2017|2018|2019|2020|2021|2022|2023|2024|2025,True,True
37.85,-2.45,Eastern,Arid & Semi-Arid (ASAL),9,2017|2018|2019|2020|2021|2022|2023|2024|2025,True,True
37.95,-2.45,Eastern,Arid & Semi-Arid (ASAL),9,2017|2018|2019|2020|2021|2022|2023|2024|2025,True,True
38.05,-2.45,Eastern,Arid & Semi-Arid (ASAL),9,2017|2018|2019|2020|2021|2022|2023|2024|2025,True,True
38.15,-2.45,Eastern,Arid & Semi-Arid (ASAL),9,2017|2018|2019|2020|2021|2022|2023|2024|2025,True,True
38.25,-2.45,Eastern,Arid & Semi-Arid (ASAL),9,2017|2018|2019|2020|2021|2022|2023|2024|2025,True,True
38.35,-2.45,Eastern,Arid & Semi-Arid (ASAL),9,2017|2018|2019|2020|2021|2022|2023|2024|2025,True,True
38.45,-2.45,Eastern,Arid & Semi-Arid (ASAL),9,2017|2018|2019|2020|2021|2022|2023|2024|2025,True,True
38.55,-2.45,Eastern,Arid & Semi-Arid (ASAL),9,2017|2018|2019|2020|2021|2022|2023|2024|2025,True,True
38.65,-2.45,Eastern,Arid & Semi-Arid (ASAL),9,2017|2018|2019|2020|2021|2022|2023|2024|2025,True,True
38.75,-2.45,Coast,Coast,9,2017|2018|2019|2020|2021|2022|2023|2024|2025,True,True
38.85,-2.45,Coast,Coast,9,2017|2018|2019|2020|2021|2022|2023|2024|2025,True,True
38.95,-2.45,Coast,Coast,9,2017|2018|2019|2020|2021|2022|2023|2024|2025,True,True
39.05,-2.45,Coast,Coast,9,2017|2018|2019|2020|2021|2022|2023|2024|2025,True,True
39.15,-2.45,Coast,Coast,9,2017|2018|2019|2020|2021|2022|2023|2024|2025,True,True
39.25,-2.45,Coast,Coast,9,2017|2018|2019|2020|2021|2022|2023|2024|2025,True,True
39.35,-2.45,Coast,Coast,9,2017|2018|2019|2020|2021|2022|2023|2024|2025,True,True
39.45,-2.45,Coast,Coast,9,2017|2018|2019|2020|2021|2022|2023|2024|2025,True,True
39.55,-2.45,Coast,Coast,9,2017|2018|2019|2020|2021|2022|2023|2024|2025,True,True
39.65,-2.45,Coast,Coast,9,2017|2018|2019|2020|2021|2022|2023|2024|2025,True,True
39.75,-2.45,Coast,Coast,9,2017|2018|2019|2020|2021|2022|2023|2024|2025,True,True
39.85,-2.45,Coast,Coast,9,2017|2018|2019|2020|2021|2022|2023|2024|2025,True,True
39.95,-2.45,Coast,Coast,9,2017|2018|2019|2020|2021|2022|2023|2024|2025,True,True
40.05,-2.45,Coast,Coast,9,2017|2018|2019|2020|2021|2022|2023|2024|2025,True,True
40.15,-2.45,Coast,Coast,9,2017|2018|2019|2020|2021|2022|2023|2024|2025,True,True
40.25,-2.45,Coast,Coast,9,2017|2018|2019|2020|2021|2022|2023|2024|2025,True,True
40.35,-2.45,Coast,Coast,9,2017|2018|2019|2020|2021|2022|2023|2024|2025,True,True
40.45,-2.45,Coast,Coast,9,2017|2018|2019|2020|2021|2022|2023|2024|2025,True,True
40.55,-2.45,Coast,Coast,9,2017|2018|2019|2020|2021|2022|2023|2024|2025,True,True
40.65,-2.45,Coast,Coast,9,2017|2018|2019|2020|2021|2022|2023|2024|2025,True,True
40.75,-2.45,Coast,Coast,9,2017|2018|2019|2020|2021|2022|2023|2024|2025,True,True
36.85,-2.55,Rift Valley,Highlands & Rift,9,2017|2018|2019|2020|2021|2022|2023|2024|2025,True,True
36.95,-2.55,Rift Valley,Highlands & Rift,9,2017|2018|2019|2020|2021|2022|2023|2024|2025,True,True
37.05,-2.55,Rift Valley,Highlands & Rift,9,2017|2018|2019|2020|2021|2022|2023|2024|2025,True,True
37.15,-2.55,Rift Valley,Highlands & Rift,9,2017|2018|2019|2020|2021|2022|2023|2024|2025,True,True
37.25,-2.55,Rift Valley,Highlands & Rift,9,2017|2018|2019|2020|2021|2022|2023|2024|2025,True,True
37.35,-2.55,Rift Valley,Highlands & Rift,9,2017|2018|2019|2020|2021|2022|2023|2024|2025,True,True
37.45,-2.55,Rift Valley,Highlands & Rift,9,2017|2018|2019|2020|2021|2022|2023|2024|2025,True,True
37.55,-2.55,Rift Valley,Highlands & Rift,9,2017|2018|2019|2020|2021|2022|2023|2024|2025,True,True
37.65,-2.55,Rift Valley,Highlands & Rift,9,2017|2018|2019|2020|2021|2022|2023|2024|2025,True,True
37.75,-2.55,Rift Valley,Highlands & Rift,9,2017|2018|2019|2020|2021|2022|2023|2024|2025,True,True
37.85,-2.55,Eastern,Arid & Semi-Arid (ASAL),9,2017|2018|2019|2020|2021|2022|2023|2024|2025,True,True
37.95,-2.55,Eastern,Arid & Semi-Arid (ASAL),9,2017|2018|2019|2020|2021|2022|2023|2024|2025,True,True
38.05,-2.55,Eastern,Arid & Semi-Arid (ASAL),9,2017|2018|2019|2020|2021|2022|2023|2024|2025,True,True
38.15,-2.55,Eastern,Arid & Semi-Arid (ASAL),9,2017|2018|2019|2020|2021|2022|2023|2024|2025,True,True
38.25,-2.55,Eastern,Arid & Semi-Arid (ASAL),9,2017|2018|2019|2020|2021|2022|2023|2024|2025,True,True
38.35,-2.55,Eastern,Arid & Semi-Arid (ASAL),9,2017|2018|2019|2020|2021|2022|2023|2024|2025,True,True
38.45,-2.55,Eastern,Arid & Semi-Arid (ASAL),9,2017|2018|2019|2020|2021|2022|2023|2024|2025,True,True
38.55,-2.55,Eastern,Arid & Semi-Arid (ASAL),9,2017|2018|2019|2020|2021|2022|2023|2024|2025,True,True
38.65,-2.55,Eastern,Arid & Semi-Arid (ASAL),9,2017|2018|2019|2020|2021|2022|2023|2024|2025,True,True
38.75,-2.55,Coast,Coast,9,2017|2018|2019|2020|2021|2022|2023|2024|2025,True,True
38.85,-2.55,Coast,Coast,9,2017|2018|2019|2020|2021|2022|2023|2024|2025,True,True
38.95,-2.55,Coast,Coast,9,2017|2018|2019|2020|2021|2022|2023|2024|2025,True,True
39.05,-2.55,Coast,Coast,9,2017|2018|2019|2020|2021|2022|2023|2024|2025,True,True
39.15,-2.55,Coast,Coast,9,2017|2018|2019|2020|2021|2022|2023|2024|2025,True,True
39.25,-2.55,Coast,Coast,9,2017|2018|2019|2020|2021|2022|2023|2024|2025,True,True
39.35,-2.55,Coast,Coast,9,2017|2018|2019|2020|2021|2022|2023|2024|2025,True,True
39.45,-2.55,Coast,Coast,9,2017|2018|2019|2020|2021|2022|2023|2024|2025,True,True
39.55,-2.55,Coast,Coast,9,2017|2018|2019|2020|2021|2022|2023|2024|2025,True,True
39.65,-2.55,Coast,Coast,9,2017|2018|2019|2020|2021|2022|2023|2024|2025,True,True
39.75,-2.55,Coast,Coast,9,2017|2018|2019|2020|2021|2022|2023|2024|2025,True,True
39.85,-2.55,Coast,Coast,9,2017|2018|2019|2020|2021|2022|2023|2024|2025,True,True
39.95,-2.55,Coast,Coast,9,2017|2018|2019|2020|2021|2022|2023|2024|2025,True,True
40.05,-2.55,Coast,Coast,9,2017|2018|2019|2020|2021|2022|2023|2024|2025,True,True
40.15,-2.55,Coast,Coast,9,2017|2018|2019|2020|2021|2022|2023|2024|2025,True,True
40.25,-2.55,Coast,Coast,9,2017|2018|2019|2020|2021|2022|2023|2024|2025,True,True
40.35,-2.55,Coast,Coast,9,2017|2018|2019|2020|2021|2022|2023|2024|2025,True,True
36.95,-2.65,Rift Valley,Highlands & Rift,9,2017|2018|2019|2020|2021|2022|2023|2024|2025,True,True
37.05,-2.65,Rift Valley,Highlands & Rift,9,2017|2018|2019|2020|2021|2022|2023|2024|2025,True,True
37.15,-2.65,Rift Valley,Highlands & Rift,9,2017|2018|2019|2020|2021|2022|2023|2024|2025,True,True
37.25,-2.65,Rift Valley,Highlands & Rift,9,2017|2018|2019|2020|2021|2022|2023|2024|2025,True,True
37.35,-2.65,Rift Valley,Highlands & Rift,9,2017|2018|2019|2020|2021|2022|2023|2024|2025,True,True
37.45,-2.65,Rift Valley,Highlands & Rift,9,2017|2018|2019|2020|2021|2022|2023|2024|2025,True,True
37.55,-2.65,Rift Valley,Highlands & Rift,9,2017|2018|2019|2020|2021|2022|2023|2024|2025,True,True
37.65,-2.65,Rift Valley,Highlands & Rift,9,2017|2018|2019|2020|2021|2022|2023|2024|2025,True,True
37.75,-2.65,Rift Valley,Highlands & Rift,9,2017|2018|2019|2020|2021|2022|2023|2024|2025,True,True
37.85,-2.65,Eastern,Arid & Semi-Arid (ASAL),9,2017|2018|2019|2020|2021|2022|2023|2024|2025,True,True
37.95,-2.65,Eastern,Arid & Semi-Arid (ASAL),9,2017|2018|2019|2020|2021|2022|2023|2024|2025,True,True
38.05,-2.65,Eastern,Arid & Semi-Arid (ASAL),9,2017|2018|2019|2020|2021|2022|2023|2024|2025,True,True
38.15,-2.65,Eastern,Arid & Semi-Arid (ASAL),9,2017|2018|2019|2020|2021|2022|2023|2024|2025,True,True
38.25,-2.65,Eastern,Arid & Semi-Arid (ASAL),9,2017|2018|2019|2020|2021|2022|2023|2024|2025,True,True
38.35,-2.65,Eastern,Arid & Semi-Arid (ASAL),9,2017|2018|2019|2020|2021|2022|2023|2024|2025,True,True
38.45,-2.65,Eastern,Arid & Semi-Arid (ASAL),9,2017|2018|2019|2020|2021|2022|2023|2024|2025,True,True
38.55,-2.65,Eastern,Arid & Semi-Arid (ASAL),9,2017|2018|2019|2020|2021|2022|2023|2024|2025,True,True
38.65,-2.65,Eastern,Arid & Semi-Arid (ASAL),9,2017|2018|2019|2020|2021|2022|2023|2024|2025,True,True
38.75,-2.65,Eastern,Arid & Semi-Arid (ASAL),9,2017|2018|2019|2020|2021|2022|2023|2024|2025,True,True
38.85,-2.65,Coast,Coast,9,2017|2018|2019|2020|2021|2022|2023|2024|2025,True,True
38.95,-2.65,Coast,Coast,9,2017|2018|2019|2020|2021|2022|2023|2024|2025,True,True
39.05,-2.65,Coast,Coast,9,2017|2018|2019|2020|2021|2022|2023|2024|2025,True,True
39.15,-2.65,Coast,Coast,9,2017|2018|2019|2020|2021|2022|2023|2024|2025,True,True
39.25,-2.65,Coast,Coast,9,2017|2018|2019|2020|2021|2022|2023|2024|2025,True,True
39.35,-2.65,Coast,Coast,9,2017|2018|2019|2020|2021|2022|2023|2024|2025,True,True
39.45,-2.65,Coast,Coast,9,2017|2018|2019|2020|2021|2022|2023|2024|2025,True,True
39.55,-2.65,Coast,Coast,9,2017|2018|2019|2020|2021|2022|2023|2024|2025,True,True
39.65,-2.65,Coast,Coast,9,2017|2018|2019|2020|2021|2022|2023|2024|2025,True,True
39.75,-2.65,Coast,Coast,9,2017|2018|2019|2020|2021|2022|2023|2024|2025,True,True
39.85,-2.65,Coast,Coast,9,2017|2018|2019|2020|2021|2022|2023|2024|2025,True,True
39.95,-2.65,Coast,Coast,9,2017|2018|2019|2020|2021|2022|2023|2024|2025,True,True
40.05,-2.65,Coast,Coast,9,2017|2018|2019|2020|2021|2022|2023|2024|2025,True,True
40.15,-2.65,Coast,Coast,9,2017|2018|2019|2020|2021|2022|2023|2024|2025,True,True
40.25,-2.65,Coast,Coast,9,2017|2018|2019|2020|2021|2022|2023|2024|2025,True,True
37.15,-2.75,Rift Valley,Highlands & Rift,9,2017|2018|2019|2020|2021|2022|2023|2024|2025,True,True
37.25,-2.75,Rift Valley,Highlands & Rift,9,2017|2018|2019|2020|2021|2022|2023|2024|2025,True,True
37.35,-2.75,Rift Valley,Highlands & Rift,9,2017|2018|2019|2020|2021|2022|2023|2024|2025,True,True
37.45,-2.75,Rift Valley,Highlands & Rift,9,2017|2018|2019|2020|2021|2022|2023|2024|2025,True,True
37.55,-2.75,Rift Valley,Highlands & Rift,9,2017|2018|2019|2020|2021|2022|2023|2024|2025,True,True
37.65,-2.75,Rift Valley,Highlands & Rift,9,2017|2018|2019|2020|2021|2022|2023|2024|2025,True,True
37.75,-2.75,Rift Valley,Highlands & Rift,9,2017|2018|2019|2020|2021|2022|2023|2024|2025,True,True
37.85,-2.75,Rift Valley,Highlands & Rift,9,2017|2018|2019|2020|2021|2022|2023|2024|2025,True,True
37.95,-2.75,Eastern,Arid & Semi-Arid (ASAL),9,2017|2018|2019|2020|2021|2022|2023|2024|2025,True,True
38.05,-2.75,Coast,Coast,9,2017|2018|2019|2020|2021|2022|2023|2024|2025,True,True
38.15,-2.75,Coast,Coast,9,2017|2018|2019|2020|2021|2022|2023|2024|2025,True,True
38.25,-2.75,Eastern,Arid & Semi-Arid (ASAL),9,2017|2018|2019|2020|2021|2022|2023|2024|2025,True,True
38.35,-2.75,Eastern,Arid & Semi-Arid (ASAL),9,2017|2018|2019|2020|2021|2022|2023|2024|2025,True,True
38.45,-2.75,Eastern,Arid & Semi-Arid (ASAL),9,2017|2018|2019|2020|2021|2022|2023|2024|2025,True,True
38.55,-2.75,Eastern,Arid & Semi-Arid (ASAL),9,2017|2018|2019|2020|2021|2022|2023|2024|2025,True,True
38.65,-2.75,Eastern,Arid & Semi-Arid (ASAL),9,2017|2018|2019|2020|2021|2022|2023|2024|2025,True,True
38.75,-2.75,Eastern,Arid & Semi-Arid (ASAL),9,2017|2018|2019|2020|2021|2022|2023|2024|2025,True,True
38.85,-2.75,Eastern,Arid & Semi-Arid (ASAL),9,2017|2018|2019|2020|2021|2022|2023|2024|2025,True,True
38.95,-2.75,Coast,Coast,9,2017|2018|2019|2020|2021|2022|2023|2024|2025,True,True
39.05,-2.75,Coast,Coast,9,2017|2018|2019|2020|2021|2022|2023|2024|2025,True,True
39.15,-2.75,Coast,Coast,9,2017|2018|2019|2020|2021|2022|2023|2024|2025,True,True
39.25,-2.75,Coast,Coast,9,2017|2018|2019|2020|2021|2022|2023|2024|2025,True,True
39.35,-2.75,Coast,Coast,9,2017|2018|2019|2020|2021|2022|2023|2024|2025,True,True
39.45,-2.75,Coast,Coast,9,2017|2018|2019|2020|2021|2022|2023|2024|2025,True,True
39.55,-2.75,Coast,Coast,9,2017|2018|2019|2020|2021|2022|2023|2024|2025,True,True
39.65,-2.75,Coast,Coast,9,2017|2018|2019|2020|2021|2022|2023|2024|2025,True,True
39.75,-2.75,Coast,Coast,9,2017|2018|2019|2020|2021|2022|2023|2024|2025,True,True
39.85,-2.75,Coast,Coast,9,2017|2018|2019|2020|2021|2022|2023|2024|2025,True,True
39.95,-2.75,Coast,Coast,9,2017|2018|2019|2020|2021|2022|2023|2024|2025,True,True
40.05,-2.75,Coast,Coast,9,2017|2018|2019|2020|2021|2022|2023|2024|2025,True,True
40.15,-2.75,Coast,Coast,9,2017|2018|2019|2020|2021|2022|2023|2024|2025,True,True
37.35,-2.85,Rift Valley,Highlands & Rift,9,2017|2018|2019|2020|2021|2022|2023|2024|2025,True,True
37.45,-2.85,Rift Valley,Highlands & Rift,9,2017|2018|2019|2020|2021|2022|2023|2024|2025,True,True
37.55,-2.85,Rift Valley,Highlands & Rift,9,2017|2018|2019|2020|2021|2022|2023|2024|2025,True,True
37.65,-2.85,Rift Valley,Highlands & Rift,9,2017|2018|2019|2020|2021|2022|2023|2024|2025,True,True
37.75,-2.85,Rift Valley,Highlands & Rift,9,2017|2018|2019|2020|2021|2022|2023|2024|2025,True,True
37.85,-2.85,Rift Valley,Highlands & Rift,9,2017|2018|2019|2020|2021|2022|2023|2024|2025,True,True
37.95,-2.85,Coast,Coast,9,2017|2018|2019|2020|2021|2022|2023|2024|2025,True,True
38.05,-2.85,Coast,Coast,9,2017|2018|2019|2020|2021|2022|2023|2024|2025,True,True
38.15,-2.85,Coast,Coast,9,2017|2018|2019|2020|2021|2022|2023|2024|2025,True,True
38.25,-2.85,Coast,Coast,9,2017|2018|2019|2020|2021|2022|2023|2024|2025,True,True
38.35,-2.85,Eastern,Arid & Semi-Arid (ASAL),9,2017|2018|2019|2020|2021|2022|2023|2024|2025,True,True
38.45,-2.85,Eastern,Arid & Semi-Arid (ASAL),9,2017|2018|2019|2020|2021|2022|2023|2024|2025,True,True
38.55,-2.85,Eastern,Arid & Semi-Arid (ASAL),9,2017|2018|2019|2020|2021|2022|2023|2024|2025,True,True
38.65,-2.85,Eastern,Arid & Semi-Arid (ASAL),9,2017|2018|2019|2020|2021|2022|2023|2024|2025,True,True
38.75,-2.85,Eastern,Arid & Semi-Arid (ASAL),9,2017|2018|2019|2020|2021|2022|2023|2024|2025,True,True
38.85,-2.85,Eastern,Arid & Semi-Arid (ASAL),9,2017|2018|2019|2020|2021|2022|2023|2024|2025,True,True
38.95,-2.85,Coast,Coast,9,2017|2018|2019|2020|2021|2022|2023|2024|2025,True,True
39.05,-2.85,Coast,Coast,9,2017|2018|2019|2020|2021|2022|2023|2024|2025,True,True
39.15,-2.85,Coast,Coast,9,2017|2018|2019|2020|2021|2022|2023|2024|2025,True,True
39.25,-2.85,Coast,Coast,9,2017|2018|2019|2020|2021|2022|2023|2024|2025,True,True
39.35,-2.85,Coast,Coast,9,2017|2018|2019|2020|2021|2022|2023|2024|2025,True,True
39.45,-2.85,Coast,Coast,9,2017|2018|2019|2020|2021|2022|2023|2024|2025,True,True
39.55,-2.85,Coast,Coast,9,2017|2018|2019|2020|2021|2022|2023|2024|2025,True,True
39.65,-2.85,Coast,Coast,9,2017|2018|2019|2020|2021|2022|2023|2024|2025,True,True
39.75,-2.85,Coast,Coast,9,2017|2018|2019|2020|2021|2022|2023|2024|2025,True,True
39.85,-2.85,Coast,Coast,9,2017|2018|2019|2020|2021|2022|2023|2024|2025,True,True
39.95,-2.85,Coast,Coast,9,2017|2018|2019|2020|2021|2022|2023|2024|2025,True,True
40.05,-2.85,Coast,Coast,9,2017|2018|2019|2020|2021|2022|2023|2024|2025,True,True
40.15,-2.85,Coast,Coast,9,2017|2018|2019|2020|2021|2022|2023|2024|2025,True,True
37.55,-2.95,Rift Valley,Highlands & Rift,9,2017|2018|2019|2020|2021|2022|2023|2024|2025,True,True
37.65,-2.95,Rift Valley,Highlands & Rift,9,2017|2018|2019|2020|2021|2022|2023|2024|2025,True,True
37.75,-2.95,Rift Valley,Highlands & Rift,9,2017|2018|2019|2020|2021|2022|2023|2024|2025,True,True
37.85,-2.95,Rift Valley,Highlands & Rift,9,2017|2018|2019|2020|2021|2022|2023|2024|2025,True,True
37.95,-2.95,Coast,Coast,9,2017|2018|2019|2020|2021|2022|2023|2024|2025,True,True
38.05,-2.95,Coast,Coast,9,2017|2018|2019|2020|2021|2022|2023|2024|2025,True,True
38.15,-2.95,Coast,Coast,9,2017|2018|2019|2020|2021|2022|2023|2024|2025,True,True
38.25,-2.95,Coast,Coast,9,2017|2018|2019|2020|2021|2022|2023|2024|2025,True,True
38.35,-2.95,Coast,Coast,9,2017|2018|2019|2020|2021|2022|2023|2024|2025,True,True
38.45,-2.95,Eastern,Arid & Semi-Arid (ASAL),9,2017|2018|2019|2020|2021|2022|2023|2024|2025,True,True
38.55,-2.95,Eastern,Arid & Semi-Arid (ASAL),9,2017|2018|2019|2020|2021|2022|2023|2024|2025,True,True
38.65,-2.95,Eastern,Arid & Semi-Arid (ASAL),9,2017|2018|2019|2020|2021|2022|2023|2024|2025,True,True
38.75,-2.95,Eastern,Arid & Semi-Arid (ASAL),9,2017|2018|2019|2020|2021|2022|2023|2024|2025,True,True
38.85,-2.95,Eastern,Arid & Semi-Arid (ASAL),9,2017|2018|2019|2020|2021|2022|2023|2024|2025,True,True
38.95,-2.95,Eastern,Arid & Semi-Arid (ASAL),9,2017|2018|2019|2020|2021|2022|2023|2024|2025,True,True
39.05,-2.95,Coast,Coast,9,2017|2018|2019|2020|2021|2022|2023|2024|2025,True,True
39.15,-2.95,Coast,Coast,9,2017|2018|2019|2020|2021|2022|2023|2024|2025,True,True
39.25,-2.95,Coast,Coast,9,2017|2018|2019|2020|2021|2022|2023|2024|2025,True,True
39.35,-2.95,Coast,Coast,9,2017|2018|2019|2020|2021|2022|2023|2024|2025,True,True
39.45,-2.95,Coast,Coast,9,2017|2018|2019|2020|2021|2022|2023|2024|2025,True,True
39.55,-2.95,Coast,Coast,9,2017|2018|2019|2020|2021|2022|2023|2024|2025,True,True
39.65,-2.95,Coast,Coast,9,2017|2018|2019|2020|2021|2022|2023|2024|2025,True,True
39.75,-2.95,Coast,Coast,9,2017|2018|2019|2020|2021|2022|2023|2024|2025,True,True
39.85,-2.95,Coast,Coast,9,2017|2018|2019|2020|2021|2022|2023|2024|2025,True,True
39.95,-2.95,Coast,Coast,9,2017|2018|2019|2020|2021|2022|2023|2024|2025,True,True
40.05,-2.95,Coast,Coast,9,2017|2018|2019|2020|2021|2022|2023|2024|2025,True,True
40.15,-2.95,Coast,Coast,9,2017|2018|2019|2020|2021|2022|2023|2024|2025,True,True
37.65,-3.05,Rift Valley,Highlands & Rift,9,2017|2018|2019|2020|2021|2022|2023|2024|2025,True,True
37.75,-3.05,Rift Valley,Highlands & Rift,9,2017|2018|2019|2020|2021|2022|2023|2024|2025,True,True
37.85,-3.05,Coast,Coast,9,2017|2018|2019|2020|2021|2022|2023|2024|2025,True,True
37.95,-3.05,Coast,Coast,9,2017|2018|2019|2020|2021|2022|2023|2024|2025,True,True
38.05,-3.05,Coast,Coast,9,2017|2018|2019|2020|2021|2022|2023|2024|2025,True,True
38.15,-3.05,Coast,Coast,9,2017|2018|2019|2020|2021|2022|2023|2024|2025,True,True
38.25,-3.05,Coast,Coast,9,2017|2018|2019|2020|2021|2022|2023|2024|2025,True,True
38.35,-3.05,Coast,Coast,9,2017|2018|2019|2020|2021|2022|2023|2024|2025,True,True
38.45,-3.05,Coast,Coast,9,2017|2018|2019|2020|2021|2022|2023|2024|2025,True,True
38.55,-3.05,Coast,Coast,9,2017|2018|2019|2020|2021|2022|2023|2024|2025,True,True
38.65,-3.05,Coast,Coast,9,2017|2018|2019|2020|2021|2022|2023|2024|2025,True,True
38.75,-3.05,Coast,Coast,9,2017|2018|2019|2020|2021|2022|2023|2024|2025,True,True
38.85,-3.05,Eastern,Arid & Semi-Arid (ASAL),9,2017|2018|2019|2020|2021|2022|2023|2024|2025,True,True
38.95,-3.05,Coast,Coast,9,2017|2018|2019|2020|2021|2022|2023|2024|2025,True,True
39.05,-3.05,Coast,Coast,9,2017|2018|2019|2020|2021|2022|2023|2024|2025,True,True
39.15,-3.05,Coast,Coast,9,2017|2018|2019|2020|2021|2022|2023|2024|2025,True,True
39.25,-3.05,Coast,Coast,9,2017|2018|2019|2020|2021|2022|2023|2024|2025,True,True
39.35,-3.05,Coast,Coast,9,2017|2018|2019|2020|2021|2022|2023|2024|2025,True,True
39.45,-3.05,Coast,Coast,9,2017|2018|2019|2020|2021|2022|2023|2024|2025,True,True
39.55,-3.05,Coast,Coast,9,2017|2018|2019|2020|2021|2022|2023|2024|2025,True,True
39.65,-3.05,Coast,Coast,9,2017|2018|2019|2020|2021|2022|2023|2024|2025,True,True
39.75,-3.05,Coast,Coast,9,2017|2018|2019|2020|2021|2022|2023|2024|2025,True,True
39.85,-3.05,Coast,Coast,9,2017|2018|2019|2020|2021|2022|2023|2024|2025,True,True
39.95,-3.05,Coast,Coast,9,2017|2018|2019|2020|2021|2022|2023|2024|2025,True,True
40.05,-3.05,Coast,Coast,9,2017|2018|2019|2020|2021|2022|2023|2024|2025,True,True
40.15,-3.05,Coast,Coast,9,2017|2018|2019|2020|2021|2022|2023|2024|2025,True,True
37.75,-3.15,Rift Valley,Highlands & Rift,9,2017|2018|2019|2020|2021|2022|2023|2024|2025,True,True
37.85,-3.15,Coast,Coast,9,2017|2018|2019|2020|2021|2022|2023|2024|2025,True,True
37.95,-3.15,Coast,Coast,9,2017|2018|2019|2020|2021|2022|2023|2024|2025,True,True
38.05,-3.15,Coast,Coast,9,2017|2018|2019|2020|2021|2022|2023|2024|2025,True,True
38.15,-3.15,Coast,Coast,9,2017|2018|2019|2020|2021|2022|2023|2024|2025,True,True
38.25,-3.15,Coast,Coast,9,2017|2018|2019|2020|2021|2022|2023|2024|2025,True,True
38.35,-3.15,Coast,Coast,9,2017|2018|2019|2020|2021|2022|2023|2024|2025,True,True
38.45,-3.15,Coast,Coast,9,2017|2018|2019|2020|2021|2022|2023|2024|2025,True,True
38.55,-3.15,Coast,Coast,9,2017|2018|2019|2020|2021|2022|2023|2024|2025,True,True
38.65,-3.15,Coast,Coast,9,2017|2018|2019|2020|2021|2022|2023|2024|2025,True,True
38.75,-3.15,Coast,Coast,9,2017|2018|2019|2020|2021|2022|2023|2024|2025,True,True
38.85,-3.15,Coast,Coast,9,2017|2018|2019|2020|2021|2022|2023|2024|2025,True,True
38.95,-3.15,Coast,Coast,9,2017|2018|2019|2020|2021|2022|2023|2024|2025,True,True
39.05,-3.15,Coast,Coast,9,2017|2018|2019|2020|2021|2022|2023|2024|2025,True,True
39.15,-3.15,Coast,Coast,9,2017|2018|2019|2020|2021|2022|2023|2024|2025,True,True
39.25,-3.15,Coast,Coast,9,2017|2018|2019|2020|2021|2022|2023|2024|2025,True,True
39.35,-3.15,Coast,Coast,9,2017|2018|2019|2020|2021|2022|2023|2024|2025,True,True
39.45,-3.15,Coast,Coast,9,2017|2018|2019|2020|2021|2022|2023|2024|2025,True,True
39.55,-3.15,Coast,Coast,9,2017|2018|2019|2020|2021|2022|2023|2024|2025,True,True
39.65,-3.15,Coast,Coast,9,2017|2018|2019|2020|2021|2022|2023|2024|2025,True,True
39.75,-3.15,Coast,Coast,9,2017|2018|2019|2020|2021|2022|2023|2024|2025,True,True
39.85,-3.15,Coast,Coast,9,2017|2018|2019|2020|2021|2022|2023|2024|2025,True,True
39.95,-3.15,Coast,Coast,9,2017|2018|2019|2020|2021|2022|2023|2024|2025,True,True
40.05,-3.15,Coast,Coast,9,2017|2018|2019|2020|2021|2022|2023|2024|2025,True,True
37.75,-3.25,Coast,Coast,9,2017|2018|2019|2020|2021|2022|2023|2024|2025,True,True
37.85,-3.25,Coast,Coast,9,2017|2018|2019|2020|2021|2022|2023|2024|2025,True,True
37.95,-3.25,Coast,Coast,9,2017|2018|2019|2020|2021|2022|2023|2024|2025,True,True
38.05,-3.25,Coast,Coast,9,2017|2018|2019|2020|2021|2022|2023|2024|2025,True,True
38.15,-3.25,Coast,Coast,9,2017|2018|2019|2020|2021|2022|2023|2024|2025,True,True
38.25,-3.25,Coast,Coast,9,2017|2018|2019|2020|2021|2022|2023|2024|2025,True,True
38.35,-3.25,Coast,Coast,9,2017|2018|2019|2020|2021|2022|2023|2024|2025,True,True
38.45,-3.25,Coast,Coast,9,2017|2018|2019|2020|2021|2022|2023|2024|2025,True,True
38.55,-3.25,Coast,Coast,9,2017|2018|2019|2020|2021|2022|2023|2024|2025,True,True
38.65,-3.25,Coast,Coast,9,2017|2018|2019|2020|2021|2022|2023|2024|2025,True,True
38.75,-3.25,Coast,Coast,9,2017|2018|2019|2020|2021|2022|2023|2024|2025,True,True
38.85,-3.25,Coast,Coast,9,2017|2018|2019|2020|2021|2022|2023|2024|2025,True,True
38.95,-3.25,Coast,Coast,9,2017|2018|2019|2020|2021|2022|2023|2024|2025,True,True
39.05,-3.25,Coast,Coast,9,2017|2018|2019|2020|2021|2022|2023|2024|2025,True,True
39.15,-3.25,Coast,Coast,9,2017|2018|2019|2020|2021|2022|2023|2024|2025,True,True
39.25,-3.25,Coast,Coast,9,2017|2018|2019|2020|2021|2022|2023|2024|2025,True,True
39.35,-3.25,Coast,Coast,9,2017|2018|2019|2020|2021|2022|2023|2024|2025,True,True
39.45,-3.25,Coast,Coast,9,2017|2018|2019|2020|2021|2022|2023|2024|2025,True,True
39.55,-3.25,Coast,Coast,9,2017|2018|2019|2020|2021|2022|2023|2024|2025,True,True
39.65,-3.25,Coast,Coast,9,2017|2018|2019|2020|2021|2022|2023|2024|2025,True,True
39.75,-3.25,Coast,Coast,9,2017|2018|2019|2020|2021|2022|2023|2024|2025,True,True
39.85,-3.25,Coast,Coast,9,2017|2018|2019|2020|2021|2022|2023|2024|2025,True,True
39.95,-3.25,Coast,Coast,9,2017|2018|2019|2020|2021|2022|2023|2024|2025,True,True
40.05,-3.25,Coast,Coast,9,2017|2018|2019|2020|2021|2022|2023|2024|2025,True,True
37.75,-3.35,Coast,Coast,9,2017|2018|2019|2020|2021|2022|2023|2024|2025,True,True
37.85,-3.35,Coast,Coast,9,2017|2018|2019|2020|2021|2022|2023|2024|2025,True,True
37.95,-3.35,Coast,Coast,9,2017|2018|2019|2020|2021|2022|2023|2024|2025,True,True
38.05,-3.35,Coast,Coast,9,2017|2018|2019|2020|2021|2022|2023|2024|2025,True,True
38.15,-3.35,Coast,Coast,9,2017|2018|2019|2020|2021|2022|2023|2024|2025,True,True
38.25,-3.35,Coast,Coast,9,2017|2018|2019|2020|2021|2022|2023|2024|2025,True,True
38.35,-3.35,Coast,Coast,9,2017|2018|2019|2020|2021|2022|2023|2024|2025,True,True
38.45,-3.35,Coast,Coast,9,2017|2018|2019|2020|2021|2022|2023|2024|2025,True,True
38.55,-3.35,Coast,Coast,9,2017|2018|2019|2020|2021|2022|2023|2024|2025,True,True
38.65,-3.35,Coast,Coast,9,2017|2018|2019|2020|2021|2022|2023|2024|2025,True,True
38.75,-3.35,Coast,Coast,9,2017|2018|2019|2020|2021|2022|2023|2024|2025,True,True
38.85,-3.35,Coast,Coast,9,2017|2018|2019|2020|2021|2022|2023|2024|2025,True,True
38.95,-3.35,Coast,Coast,9,2017|2018|2019|2020|2021|2022|2023|2024|2025,True,True
39.05,-3.35,Coast,Coast,9,2017|2018|2019|2020|2021|2022|2023|2024|2025,True,True
39.15,-3.35,Coast,Coast,9,2017|2018|2019|2020|2021|2022|2023|2024|2025,True,True
39.25,-3.35,Coast,Coast,9,2017|2018|2019|2020|2021|2022|2023|2024|2025,True,True
39.35,-3.35,Coast,Coast,9,2017|2018|2019|2020|2021|2022|2023|2024|2025,True,True
39.45,-3.35,Coast,Coast,9,2017|2018|2019|2020|2021|2022|2023|2024|2025,True,True
39.55,-3.35,Coast,Coast,9,2017|2018|2019|2020|2021|2022|2023|2024|2025,True,True
39.65,-3.35,Coast,Coast,9,2017|2018|2019|2020|2021|2022|2023|2024|2025,True,True
39.75,-3.35,Coast,Coast,9,2017|2018|2019|2020|2021|2022|2023|2024|2025,True,True
39.85,-3.35,Coast,Coast,9,2017|2018|2019|2020|2021|2022|2023|2024|2025,True,True
39.95,-3.35,Coast,Coast,9,2017|2018|2019|2020|2021|2022|2023|2024|2025,True,True
37.65,-3.45,Coast,Coast,9,2017|2018|2019|2020|2021|2022|2023|2024|2025,True,True
37.75,-3.45,Coast,Coast,9,2017|2018|2019|2020|2021|2022|2023|2024|2025,True,True
37.85,-3.45,Coast,Coast,9,2017|2018|2019|2020|2021|2022|2023|2024|2025,True,True
37.95,-3.45,Coast,Coast,9,2017|2018|2019|2020|2021|2022|2023|2024|2025,True,True
38.05,-3.45,Coast,Coast,9,2017|2018|2019|2020|2021|2022|2023|2024|2025,True,True
38.15,-3.45,Coast,Coast,9,2017|2018|2019|2020|2021|2022|2023|2024|2025,True,True
38.25,-3.45,Coast,Coast,9,2017|2018|2019|2020|2021|2022|2023|2024|2025,True,True
38.35,-3.45,Coast,Coast,9,2017|2018|2019|2020|2021|2022|2023|2024|2025,True,True
38.45,-3.45,Coast,Coast,9,2017|2018|2019|2020|2021|2022|2023|2024|2025,True,True
38.55,-3.45,Coast,Coast,9,2017|2018|2019|2020|2021|2022|2023|2024|2025,True,True
38.65,-3.45,Coast,Coast,9,2017|2018|2019|2020|2021|2022|2023|2024|2025,True,True
38.75,-3.45,Coast,Coast,9,2017|2018|2019|2020|2021|2022|2023|2024|2025,True,True
38.85,-3.45,Coast,Coast,9,2017|2018|2019|2020|2021|2022|2023|2024|2025,True,True
38.95,-3.45,Coast,Coast,9,2017|2018|2019|2020|2021|2022|2023|2024|2025,True,True
39.05,-3.45,Coast,Coast,9,2017|2018|2019|2020|2021|2022|2023|2024|2025,True,True
39.15,-3.45,Coast,Coast,9,2017|2018|2019|2020|2021|2022|2023|2024|2025,True,True
39.25,-3.45,Coast,Coast,9,2017|2018|2019|2020|2021|2022|2023|2024|2025,True,True
39.35,-3.45,Coast,Coast,9,2017|2018|2019|2020|2021|2022|2023|2024|2025,True,True
39.45,-3.45,Coast,Coast,9,2017|2018|2019|2020|2021|2022|2023|2024|2025,True,True
39.55,-3.45,Coast,Coast,9,2017|2018|2019|2020|2021|2022|2023|2024|2025,True,True
39.65,-3.45,Coast,Coast,9,2017|2018|2019|2020|2021|2022|2023|2024|2025,True,True
39.75,-3.45,Coast,Coast,9,2017|2018|2019|2020|2021|2022|2023|2024|2025,True,True
39.85,-3.45,Coast,Coast,9,2017|2018|2019|2020|2021|2022|2023|2024|2025,True,True
37.75,-3.55,Coast,Coast,9,2017|2018|2019|2020|2021|2022|2023|2024|2025,True,True
37.85,-3.55,Coast,Coast,9,2017|2018|2019|2020|2021|2022|2023|2024|2025,True,True
37.95,-3.55,Coast,Coast,9,2017|2018|2019|2020|2021|2022|2023|2024|2025,True,True
38.05,-3.55,Coast,Coast,9,2017|2018|2019|2020|2021|2022|2023|2024|2025,True,True
38.15,-3.55,Coast,Coast,9,2017|2018|2019|2020|2021|2022|2023|2024|2025,True,True
38.25,-3.55,Coast,Coast,9,2017|2018|2019|2020|2021|2022|2023|2024|2025,True,True
38.35,-3.55,Coast,Coast,9,2017|2018|2019|2020|2021|2022|2023|2024|2025,True,True
38.45,-3.55,Coast,Coast,9,2017|2018|2019|2020|2021|2022|2023|2024|2025,True,True
38.55,-3.55,Coast,Coast,9,2017|2018|2019|2020|2021|2022|2023|2024|2025,True,True
38.65,-3.55,Coast,Coast,9,2017|2018|2019|2020|2021|2022|2023|2024|2025,True,True
38.75,-3.55,Coast,Coast,9,2017|2018|2019|2020|2021|2022|2023|2024|2025,True,True
38.85,-3.55,Coast,Coast,9,2017|2018|2019|2020|2021|2022|2023|2024|2025,True,True
38.95,-3.55,Coast,Coast,9,2017|2018|2019|2020|2021|2022|2023|2024|2025,True,True
39.05,-3.55,Coast,Coast,9,2017|2018|2019|2020|2021|2022|2023|2024|2025,True,True
39.15,-3.55,Coast,Coast,9,2017|2018|2019|2020|2021|2022|2023|2024|2025,True,True
39.25,-3.55,Coast,Coast,9,2017|2018|2019|2020|2021|2022|2023|2024|2025,True,True
39.35,-3.55,Coast,Coast,9,2017|2018|2019|2020|2021|2022|2023|2024|2025,True,True
39.45,-3.55,Coast,Coast,9,2017|2018|2019|2020|2021|2022|2023|2024|2025,True,True
39.55,-3.55,Coast,Coast,9,2017|2018|2019|2020|2021|2022|2023|2024|2025,True,True
39.65,-3.55,Coast,Coast,9,2017|2018|2019|2020|2021|2022|2023|2024|2025,True,True
39.75,-3.55,Coast,Coast,9,2017|2018|2019|2020|2021|2022|2023|2024|2025,True,True
39.85,-3.55,Coast,Coast,9,2017|2018|2019|2020|2021|2022|2023|2024|2025,True,True
37.85,-3.65,Coast,Coast,9,2017|2018|2019|2020|2021|2022|2023|2024|2025,True,True
37.95,-3.65,Coast,Coast,9,2017|2018|2019|2020|2021|2022|2023|2024|2025,True,True
38.05,-3.65,Coast,Coast,9,2017|2018|2019|2020|2021|2022|2023|2024|2025,True,True
38.15,-3.65,Coast,Coast,9,2017|2018|2019|2020|2021|2022|2023|2024|2025,True,True
38.25,-3.65,Coast,Coast,9,2017|2018|2019|2020|2021|2022|2023|2024|2025,True,True
38.35,-3.65,Coast,Coast,9,2017|2018|2019|2020|2021|2022|2023|2024|2025,True,True
38.45,-3.65,Coast,Coast,9,2017|2018|2019|2020|2021|2022|2023|2024|2025,True,True
38.55,-3.65,Coast,Coast,9,2017|2018|2019|2020|2021|2022|2023|2024|2025,True,True
38.65,-3.65,Coast,Coast,9,2017|2018|2019|2020|2021|2022|2023|2024|2025,True,True
38.75,-3.65,Coast,Coast,9,2017|2018|2019|2020|2021|2022|2023|2024|2025,True,True
38.85,-3.65,Coast,Coast,9,2017|2018|2019|2020|2021|2022|2023|2024|2025,True,True
38.95,-3.65,Coast,Coast,9,2017|2018|2019|2020|2021|2022|2023|2024|2025,True,True
39.05,-3.65,Coast,Coast,9,2017|2018|2019|2020|2021|2022|2023|2024|2025,True,True
39.15,-3.65,Coast,Coast,9,2017|2018|2019|2020|2021|2022|2023|2024|2025,True,True
39.25,-3.65,Coast,Coast,9,2017|2018|2019|2020|2021|2022|2023|2024|2025,True,True
39.35,-3.65,Coast,Coast,9,2017|2018|2019|2020|2021|2022|2023|2024|2025,True,True
39.45,-3.65,Coast,Coast,9,2017|2018|2019|2020|2021|2022|2023|2024|2025,True,True
39.55,-3.65,Coast,Coast,9,2017|2018|2019|2020|2021|2022|2023|2024|2025,True,True
39.65,-3.65,Coast,Coast,9,2017|2018|2019|2020|2021|2022|2023|2024|2025,True,True
39.75,-3.65,Coast,Coast,9,2017|2018|2019|2020|2021|2022|2023|2024|2025,True,True
39.85,-3.65,Coast,Coast,9,2017|2018|2019|2020|2021|2022|2023|2024|2025,True,True
37.95,-3.75,Coast,Coast,9,2017|2018|2019|2020|2021|2022|2023|2024|2025,True,True
38.05,-3.75,Coast,Coast,9,2017|2018|2019|2020|2021|2022|2023|2024|2025,True,True
38.15,-3.75,Coast,Coast,9,2017|2018|2019|2020|2021|2022|2023|2024|2025,True,True
38.25,-3.75,Coast,Coast,9,2017|2018|2019|2020|2021|2022|2023|2024|2025,True,True
38.35,-3.75,Coast,Coast,9,2017|2018|2019|2020|2021|2022|2023|2024|2025,True,True
38.45,-3.75,Coast,Coast,9,2017|2018|2019|2020|2021|2022|2023|2024|2025,True,True
38.55,-3.75,Coast,Coast,9,2017|2018|2019|2020|2021|2022|2023|2024|2025,True,True
38.65,-3.75,Coast,Coast,9,2017|2018|2019|2020|2021|2022|2023|2024|2025,True,True
38.75,-3.75,Coast,Coast,9,2017|2018|2019|2020|2021|2022|2023|2024|2025,True,True
38.85,-3.75,Coast,Coast,9,2017|2018|2019|2020|2021|2022|2023|2024|2025,True,True
38.95,-3.75,Coast,Coast,9,2017|2018|2019|2020|2021|2022|2023|2024|2025,True,True
39.05,-3.75,Coast,Coast,9,2017|2018|2019|2020|2021|2022|2023|2024|2025,True,True
39.15,-3.75,Coast,Coast,9,2017|2018|2019|2020|2021|2022|2023|2024|2025,True,True
39.25,-3.75,Coast,Coast,9,2017|2018|2019|2020|2021|2022|2023|2024|2025,True,True
39.35,-3.75,Coast,Coast,9,2017|2018|2019|2020|2021|2022|2023|2024|2025,True,True
39.45,-3.75,Coast,Coast,9,2017|2018|2019|2020|2021|2022|2023|2024|2025,True,True
39.55,-3.75,Coast,Coast,9,2017|2018|2019|2020|2021|2022|2023|2024|2025,True,True
39.65,-3.75,Coast,Coast,9,2017|2018|2019|2020|2021|2022|2023|2024|2025,True,True
39.75,-3.75,Coast,Coast,9,2017|2018|2019|2020|2021|2022|2023|2024|2025,True,True
38.05,-3.85,Coast,Coast,9,2017|2018|2019|2020|2021|2022|2023|2024|2025,True,True
38.15,-3.85,Coast,Coast,9,2017|2018|2019|2020|2021|2022|2023|2024|2025,True,True
38.25,-3.85,Coast,Coast,9,2017|2018|2019|2020|2021|2022|2023|2024|2025,True,True
38.35,-3.85,Coast,Coast,9,2017|2018|2019|2020|2021|2022|2023|2024|2025,True,True
38.45,-3.85,Coast,Coast,9,2017|2018|2019|2020|2021|2022|2023|2024|2025,True,True
38.55,-3.85,Coast,Coast,9,2017|2018|2019|2020|2021|2022|2023|2024|2025,True,True
38.65,-3.85,Coast,Coast,9,2017|2018|2019|2020|2021|2022|2023|2024|2025,True,True
38.75,-3.85,Coast,Coast,9,2017|2018|2019|2020|2021|2022|2023|2024|2025,True,True
38.85,-3.85,Coast,Coast,9,2017|2018|2019|2020|2021|2022|2023|2024|2025,True,True
38.95,-3.85,Coast,Coast,9,2017|2018|2019|2020|2021|2022|2023|2024|2025,True,True
39.05,-3.85,Coast,Coast,9,2017|2018|2019|2020|2021|2022|2023|2024|2025,True,True
39.15,-3.85,Coast,Coast,9,2017|2018|2019|2020|2021|2022|2023|2024|2025,True,True
39.25,-3.85,Coast,Coast,9,2017|2018|2019|2020|2021|2022|2023|2024|2025,True,True
39.35,-3.85,Coast,Coast,9,2017|2018|2019|2020|2021|2022|2023|2024|2025,True,True
39.45,-3.85,Coast,Coast,9,2017|2018|2019|2020|2021|2022|2023|2024|2025,True,True
39.55,-3.85,Coast,Coast,9,2017|2018|2019|2020|2021|2022|2023|2024|2025,True,True
39.65,-3.85,Coast,Coast,9,2017|2018|2019|2020|2021|2022|2023|2024|2025,True,True
39.75,-3.85,Coast,Coast,9,2017|2018|2019|2020|2021|2022|2023|2024|2025,True,True
38.25,-3.95,Coast,Coast,9,2017|2018|2019|2020|2021|2022|2023|2024|2025,True,True
38.35,-3.95,Coast,Coast,9,2017|2018|2019|2020|2021|2022|2023|2024|2025,True,True
38.45,-3.95,Coast,Coast,9,2017|2018|2019|2020|2021|2022|2023|2024|2025,True,True
38.55,-3.95,Coast,Coast,9,2017|2018|2019|2020|2021|2022|2023|2024|2025,True,True
38.65,-3.95,Coast,Coast,9,2017|2018|2019|2020|2021|2022|2023|2024|2025,True,True
38.75,-3.95,Coast,Coast,9,2017|2018|2019|2020|2021|2022|2023|2024|2025,True,True
38.85,-3.95,Coast,Coast,9,2017|2018|2019|2020|2021|2022|2023|2024|2025,True,True
38.95,-3.95,Coast,Coast,9,2017|2018|2019|2020|2021|2022|2023|2024|2025,True,True
39.05,-3.95,Coast,Coast,9,2017|2018|2019|2020|2021|2022|2023|2024|2025,True,True
39.15,-3.95,Coast,Coast,9,2017|2018|2019|2020|2021|2022|2023|2024|2025,True,True
39.25,-3.95,Coast,Coast,9,2017|2018|2019|2020|2021|2022|2023|2024|2025,True,True
39.35,-3.95,Coast,Coast,9,2017|2018|2019|2020|2021|2022|2023|2024|2025,True,True
39.45,-3.95,Coast,Coast,9,2017|2018|2019|2020|2021|2022|2023|2024|2025,True,True
39.55,-3.95,Coast,Coast,9,2017|2018|2019|2020|2021|2022|2023|2024|2025,True,True
39.65,-3.95,Coast,Coast,9,2017|2018|2019|2020|2021|2022|2023|2024|2025,True,True
38.35,-4.05,Coast,Coast,9,2017|2018|2019|2020|2021|2022|2023|2024|2025,True,True
38.45,-4.05,Coast,Coast,9,2017|2018|2019|2020|2021|2022|2023|2024|2025,True,True
38.55,-4.05,Coast,Coast,9,2017|2018|2019|2020|2021|2022|2023|2024|2025,True,True
38.65,-4.05,Coast,Coast,9,2017|2018|2019|2020|2021|2022|2023|2024|2025,True,True
38.75,-4.05,Coast,Coast,9,2017|2018|2019|2020|2021|2022|2023|2024|2025,True,True
38.85,-4.05,Coast,Coast,9,2017|2018|2019|2020|2021|2022|2023|2024|2025,True,True
38.95,-4.05,Coast,Coast,9,2017|2018|2019|2020|2021|2022|2023|2024|2025,True,True
39.05,-4.05,Coast,Coast,9,2017|2018|2019|2020|2021|2022|2023|2024|2025,True,True
39.15,-4.05,Coast,Coast,9,2017|2018|2019|2020|2021|2022|2023|2024|2025,True,True
39.25,-4.05,Coast,Coast,9,2017|2018|2019|2020|2021|2022|2023|2024|2025,True,True
39.35,-4.05,Coast,Coast,9,2017|2018|2019|2020|2021|2022|2023|2024|2025,True,True
39.45,-4.05,Coast,Coast,9,2017|2018|2019|2020|2021|2022|2023|2024|2025,True,True
39.55,-4.05,Coast,Coast,9,2017|2018|2019|2020|2021|2022|2023|2024|2025,True,True
38.55,-4.15,Coast,Coast,9,2017|2018|2019|2020|2021|2022|2023|2024|2025,True,True
38.65,-4.15,Coast,Coast,9,2017|2018|2019|2020|2021|2022|2023|2024|2025,True,True
38.75,-4.15,Coast,Coast,9,2017|2018|2019|2020|2021|2022|2023|2024|2025,True,True
38.85,-4.15,Coast,Coast,9,2017|2018|2019|2020|2021|2022|2023|2024|2025,True,True
38.95,-4.15,Coast,Coast,9,2017|2018|2019|2020|2021|2022|2023|2024|2025,True,True
39.05,-4.15,Coast,Coast,9,2017|2018|2019|2020|2021|2022|2023|2024|2025,True,True
39.15,-4.15,Coast,Coast,9,2017|2018|2019|2020|2021|2022|2023|2024|2025,True,True
39.25,-4.15,Coast,Coast,9,2017|2018|2019|2020|2021|2022|2023|2024|2025,True,True
39.35,-4.15,Coast,Coast,9,2017|2018|2019|2020|2021|2022|2023|2024|2025,True,True
39.45,-4.15,Coast,Coast,9,2017|2018|2019|2020|2021|2022|2023|2024|2025,True,True
39.55,-4.15,Coast,Coast,9,2017|2018|2019|2020|2021|2022|2023|2024|2025,True,True
38.65,-4.25,Coast,Coast,9,2017|2018|2019|2020|2021|2022|2023|2024|2025,True,True
38.75,-4.25,Coast,Coast,9,2017|2018|2019|2020|2021|2022|2023|2024|2025,True,True
38.85,-4.25,Coast,Coast,9,2017|2018|2019|2020|2021|2022|2023|2024|2025,True,True
38.95,-4.25,Coast,Coast,9,2017|2018|2019|2020|2021|2022|2023|2024|2025,True,True
39.05,-4.25,Coast,Coast,9,2017|2018|2019|2020|2021|2022|2023|2024|2025,True,True
39.15,-4.25,Coast,Coast,9,2017|2018|2019|2020|2021|2022|2023|2024|2025,True,True
39.25,-4.25,Coast,Coast,9,2017|2018|2019|2020|2021|2022|2023|2024|2025,True,True
39.35,-4.25,Coast,Coast,9,2017|2018|2019|2020|2021|2022|2023|2024|2025,True,True
39.45,-4.25,Coast,Coast,9,2017|2018|2019|2020|2021|2022|2023|2024|2025,True,True
39.55,-4.25,Coast,Coast,9,2017|2018|2019|2020|2021|2022|2023|2024|2025,True,True
38.75,-4.35,Coast,Coast,9,2017|2018|2019|2020|2021|2022|2023|2024|2025,True,True
38.85,-4.35,Coast,Coast,9,2017|2018|2019|2020|2021|2022|2023|2024|2025,True,True
38.95,-4.35,Coast,Coast,9,2017|2018|2019|2020|2021|2022|2023|2024|2025,True,True
39.05,-4.35,Coast,Coast,9,2017|2018|2019|2020|2021|2022|2023|2024|2025,True,True
39.15,-4.35,Coast,Coast,9,2017|2018|2019|2020|2021|2022|2023|2024|2025,True,True
39.25,-4.35,Coast,Coast,9,2017|2018|2019|2020|2021|2022|2023|2024|2025,True,True
39.35,-4.35,Coast,Coast,9,2017|2018|2019|2020|2021|2022|2023|2024|2025,True,True
39.45,-4.35,Coast,Coast,9,2017|2018|2019|2020|2021|2022|2023|2024|2025,True,True
39.55,-4.35,Coast,Coast,9,2017|2018|2019|2020|2021|2022|2023|2024|2025,True,True
38.95,-4.45,Coast,Coast,9,2017|2018|2019|2020|2021|2022|2023|2024|2025,True,True
39.05,-4.45,Coast,Coast,9,2017|2018|2019|2020|2021|2022|2023|2024|2025,True,True
39.15,-4.45,Coast,Coast,9,2017|2018|2019|2020|2021|2022|2023|2024|2025,True,True
39.25,-4.45,Coast,Coast,9,2017|2018|2019|2020|2021|2022|2023|2024|2025,True,True
39.35,-4.45,Coast,Coast,9,2017|2018|2019|2020|2021|2022|2023|2024|2025,True,True
39.45,-4.45,Coast,Coast,9,2017|2018|2019|2020|2021|2022|2023|2024|2025,True,True
39.05,-4.55,Coast,Coast,9,2017|2018|2019|2020|2021|2022|2023|2024|2025,True,True
39.15,-4.55,Coast,Coast,9,2017|2018|2019|2020|2021|2022|2023|2024|2025,True,True
39.25,-4.55,Coast,Coast,9,2017|2018|2019|2020|2021|2022|2023|2024|2025,True,True
39.35,-4.55,Coast,Coast,9,2017|2018|2019|2020|2021|2022|2023|2024|2025,True,True
39.45,-4.55,Coast,Coast,9,2017|2018|2019|2020|2021|2022|2023|2024|2025,True,True
