{
"type": "FeatureCollection",
"name": "osm_sgr",
"crs": { "type": "name", "properties": { "name": "urn:ogc:def:crs:OGC:1.3:CRS84" } },
"features": [
{ "type": "Feature", "properties": { "name": "Mombasa-Nairobi Standard Gauge Railway", "phase": "Mombasa-Nairobi" }, "geometry": { "type": "LineString", "coordinates": [ [ 37.1220351, -1.8292565 ], [ 37.120614, -1.827165 ], [ 37.1197042, -1.8257281 ], [ 37.1189994, -1.8242424 ], [ 37.1169873, -1.8187619 ], [ 37.1161294, -1.8169349 ], [ 37.1153401, -1.8155898 ], [ 37.1142089, -1.8135677 ], [ 37.1130395, -1.8115196 ], [ 37.1122884, -1.8099592 ], [ 37.1113398, -1.8074265 ], [ 37.1100011, -1.803852 ], [ 37.1094562, -1.8026635 ], [ 37.1087997, -1.8014661 ], [ 37.1077893, -1.8000716 ], [ 37.1063032, -1.7984279 ], [ 37.1033511, -1.7954748 ], [ 37.1016627, -1.7936797 ], [ 37.1004905, -1.7922258 ], [ 37.092856, -1.7813338 ], [ 37.0924978, -1.7808221 ], [ 37.0915389, -1.7793864 ], [ 37.0910639, -1.778652 ], [ 37.0905784, -1.7777862 ], [ 37.089951, -1.7764964 ] ] } },
{ "type": "Feature", "properties": { "name": "Mombasa-Nairobi Standard Gauge Railway", "phase": "Mombasa-Nairobi" }, "geometry": { "type": "LineString", "coordinates": [ [ 36.9610671, -1.4400615 ], [ 36.9616061, -1.4407833 ], [ 36.9623258, -1.4415026 ], [ 36.9629631, -1.4420095 ], [ 36.9636758, -1.442423 ], [ 36.9643188, -1.4427416 ], [ 36.9650027, -1.4429612 ], [ 36.9658856, -1.443153 ], [ 36.9668482, -1.4432604 ], [ 36.968068, -1.4432825 ], [ 36.970232, -1.4432879 ], [ 36.9847033, -1.4435337 ] ] } },
{ "type": "Feature", "properties": { "name": "Mombasa-Nairobi Standard Gauge Railway", "phase": "Mombasa-Nairobi" }, "geometry": { "type": "LineString", "coordinates": [ [ 36.9921286, -1.4441255 ], [ 36.9926967, -1.4443775 ], [ 36.9937106, -1.4449768 ], [ 36.9942619, -1.4454246 ], [ 36.9946266, -1.4457799 ], [ 36.9950168, -1.4462276 ], [ 36.9952703, -1.4465574 ], [ 36.9957587, -1.4472235 ], [ 36.9959898, -1.447729 ], [ 36.9960922, -1.4479062 ], [ 36.9961385, -1.4480287 ], [ 36.9961803, -1.4481685 ], [ 36.9963215, -1.4487733 ], [ 36.9963915, -1.4491306 ], [ 36.9964069, -1.4497194 ], [ 36.9963963, -1.4500346 ], [ 36.9963237, -1.45062 ], [ 36.9960743, -1.4516709 ] ] } },
{ "type": "Feature", "properties": { "name": "Mombasa-Nairobi Standard Gauge Railway", "phase": "Mombasa-Nairobi" }, "geometry": { "type": "LineString", "coordinates": [ [ 37.1557402, -1.8995571 ], [ 37.1546297, -1.8980955 ], [ 37.1537109, -1.8968371 ], [ 37.1525825, -1.8949715 ], [ 37.151556, -1.8930882 ], [ 37.1494947, -1.8889449 ], [ 37.1485921, -1.8866869 ] ] } },
{ "type": "Feature", "properties": { "name": "Mombasa-Nairobi Standard Gauge Railway", "phase": "Mombasa-Nairobi" }, "geometry": { "type": "LineString", "coordinates": [ [ 36.9778263, -1.5448868 ], [ 36.9782961, -1.5468834 ], [ 36.9798161, -1.5533237 ], [ 36.9805276, -1.5555866 ], [ 36.981139, -1.5567878 ], [ 36.9818687, -1.5581499 ], [ 36.9872047, -1.5674171 ], [ 36.9881022, -1.5688533 ], [ 36.988939, -1.570033 ], [ 36.9904089, -1.5720492 ], [ 36.9934204, -1.5759446 ], [ 37.0074896, -1.5946925 ], [ 37.0094973, -1.5974969 ], [ 37.0126075, -1.6014553 ], [ 37.0175728, -1.6081233 ], [ 37.0302522, -1.6250416 ], [ 37.0322184, -1.6277575 ], [ 37.0393703, -1.6372643 ], [ 37.054304, -1.6572071 ], [ 37.059582, -1.6642095 ], [ 37.0617316, -1.6669677 ], [ 37.06309, -1.6684886 ], [ 37.0670577, -1.6730036 ], [ 37.0688312, -1.674991 ], [ 37.0691808, -1.6753808 ], [ 37.075566, -1.6826733 ], [ 37.0758838, -1.6830184 ], [ 37.0781789, -1.6855944 ] ] } },
{ "type": "Feature", "properties": { "name": "Mombasa-Nairobi Standard Gauge Railway", "phase": "Mombasa-Nairobi" }, "geometry": { "type": "LineString", "coordinates": [ [ 36.9744437, -1.5303131 ], [ 36.9750902, -1.5330924 ] ] } },
{ "type": "Feature", "properties": { "name": "Mombasa-Nairobi Standard Gauge Railway", "phase": "Mombasa-Nairobi" }, "geometry": { "type": "LineString", "coordinates": [ [ 36.8900182, -1.3466546 ], [ 36.8901308, -1.3467796 ], [ 36.8906773, -1.3473858 ], [ 36.8926547, -1.3495792 ], [ 36.8927834, -1.3497219 ], [ 36.8936228, -1.3506531 ], [ 36.8939267, -1.3509901 ], [ 36.8940659, -1.3511446 ], [ 36.8943718, -1.3514839 ], [ 36.9018865, -1.359826 ] ] } },
{ "type": "Feature", "properties": { "name": "", "phase": "other" }, "geometry": { "type": "LineString", "coordinates": [ [ 36.9011321, -1.3607129 ], [ 36.9025924, -1.361788 ], [ 36.9027154, -1.3618751 ], [ 36.9029337, -1.3620065 ], [ 36.9031944, -1.3621343 ], [ 36.9035012, -1.362267 ] ] } },
{ "type": "Feature", "properties": { "name": "", "phase": "other" }, "geometry": { "type": "LineString", "coordinates": [ [ 36.8978845, -1.3575469 ], [ 36.9009338, -1.3609284 ], [ 36.9010559, -1.3610546 ], [ 36.9011751, -1.3611604 ], [ 36.9013143, -1.361272 ], [ 36.9014529, -1.3613666 ], [ 36.9016218, -1.3614718 ], [ 36.9017984, -1.36157 ], [ 36.9021414, -1.3617559 ], [ 36.902342, -1.3618552 ], [ 36.9026827, -1.3619904 ], [ 36.9029556, -1.3620955 ] ] } },
{ "type": "Feature", "properties": { "name": "", "phase": "other" }, "geometry": { "type": "LineString", "coordinates": [ [ 36.89955, -1.3602285 ], [ 36.9001014, -1.3608407 ], [ 36.9002198, -1.3609639 ], [ 36.9003315, -1.3610699 ], [ 36.900467, -1.3611803 ], [ 36.9005973, -1.3612744 ], [ 36.900736, -1.3613661 ], [ 36.9008574, -1.3614358 ], [ 36.9011412, -1.361586 ], [ 36.9013153, -1.3616727 ], [ 36.9016268, -1.3617891 ], [ 36.9019401, -1.3618753 ], [ 36.9026358, -1.3620034 ], [ 36.9029556, -1.3620955 ], [ 36.9035012, -1.362267 ], [ 36.9036886, -1.3623452 ], [ 36.9038262, -1.3624174 ], [ 36.9039535, -1.3624927 ], [ 36.9040486, -1.3625581 ], [ 36.9041588, -1.3626444 ], [ 36.904299, -1.3627651 ], [ 36.904583, -1.3630239 ] ] } },
{ "type": "Feature", "properties": { "name": "", "phase": "other" }, "geometry": { "type": "LineString", "coordinates": [ [ 36.8935076, -1.3524746 ], [ 36.8935445, -1.3529058 ], [ 36.893579, -1.3531017 ], [ 36.8936228, -1.3533059 ], [ 36.8936818, -1.3534995 ], [ 36.8937605, -1.353694 ], [ 36.8938378, -1.353863 ], [ 36.8939403, -1.3540445 ], [ 36.8940465, -1.3541986 ], [ 36.8941659, -1.3543549 ], [ 36.8943053, -1.3545154 ], [ 36.8969354, -1.3574047 ] ] } },
{ "type": "Feature", "properties": { "name": "", "phase": "other" }, "geometry": { "type": "LineString", "coordinates": [ [ 36.8934186, -1.3516153 ], [ 36.8935675, -1.3523729 ], [ 36.8936273, -1.3525908 ], [ 36.8936938, -1.3527769 ], [ 36.8937725, -1.3529598 ], [ 36.8938768, -1.3531692 ], [ 36.8939969, -1.3533785 ], [ 36.8941793, -1.3536252 ], [ 36.8943485, -1.3538148 ], [ 36.8963057, -1.3559862 ] ] } },
{ "type": "Feature", "properties": { "name": "", "phase": "other" }, "geometry": { "type": "LineString", "coordinates": [ [ 36.8921052, -1.3491883 ], [ 36.8924657, -1.3496701 ], [ 36.8925379, -1.3497667 ], [ 36.8928592, -1.350138 ], [ 36.8929521, -1.3502528 ], [ 36.8930357, -1.3503702 ], [ 36.8931068, -1.3504874 ], [ 36.8931691, -1.3505984 ], [ 36.893221, -1.3507107 ], [ 36.8932674, -1.3508233 ], [ 36.8933151, -1.350955 ], [ 36.893353, -1.3510868 ], [ 36.8933805, -1.3512136 ], [ 36.8934002, -1.3513448 ], [ 36.893413, -1.3514828 ], [ 36.8934186, -1.3516153 ], [ 36.8935076, -1.3524746 ], [ 36.8934879, -1.3537315 ], [ 36.893494, -1.3539481 ], [ 36.8935223, -1.3541657 ], [ 36.8935825, -1.3544268 ], [ 36.8936576, -1.3546362 ], [ 36.8937253, -1.3547799 ], [ 36.8938114, -1.3549426 ], [ 36.8939183, -1.3550926 ], [ 36.8940486, -1.355257 ], [ 36.895651, -1.3570383 ] ] } },
{ "type": "Feature", "properties": { "name": "", "phase": "other" }, "geometry": { "type": "LineString", "coordinates": [ [ 36.904583, -1.3630239 ], [ 36.9042225, -1.3626391 ], [ 36.9026054, -1.3608489 ], [ 36.9024335, -1.3606749 ], [ 36.9023575, -1.3606041 ], [ 36.9021064, -1.3603808 ], [ 36.9019535, -1.3602569 ], [ 36.9018077, -1.360146 ], [ 36.9016925, -1.3600627 ], [ 36.9014423, -1.35987 ], [ 36.9010307, -1.3595608 ], [ 36.9009186, -1.3594601 ], [ 36.900804, -1.3593525 ], [ 36.9006791, -1.3592159 ], [ 36.8958656, -1.3538785 ], [ 36.8957264, -1.353711 ], [ 36.8955894, -1.3535316 ], [ 36.8954624, -1.3533558 ], [ 36.8953395, -1.3531749 ], [ 36.8951175, -1.352776 ], [ 36.894921, -1.3524364 ] ] } },
{ "type": "Feature", "properties": { "name": "", "phase": "other" }, "geometry": { "type": "LineString", "coordinates": [ [ 36.9023575, -1.3606041 ], [ 36.9021334, -1.360432 ], [ 36.9020326, -1.3603581 ], [ 36.9017912, -1.3602199 ], [ 36.9013024, -1.3599431 ], [ 36.9011468, -1.3598559 ], [ 36.9010058, -1.359759 ], [ 36.9008593, -1.3596455 ], [ 36.9007329, -1.3595303 ], [ 36.9005937, -1.3593927 ], [ 36.8956711, -1.3539266 ], [ 36.8955679, -1.3538048 ], [ 36.8954717, -1.3536704 ], [ 36.8953947, -1.3535455 ], [ 36.8953182, -1.3534018 ], [ 36.8952549, -1.3532741 ], [ 36.8952095, -1.3531542 ], [ 36.8950653, -1.352742 ], [ 36.895019, -1.3526349 ], [ 36.894921, -1.3524364 ] ] } },
{ "type": "Feature", "properties": { "name": "SGR Nairobi Naivasha", "phase": "Nairobi-Naivasha" }, "geometry": { "type": "LineString", "coordinates": [ [ 36.6592625, -1.3395573 ], [ 36.6578818, -1.3399517 ], [ 36.6570819, -1.3401282 ], [ 36.6561884, -1.3402618 ], [ 36.6552763, -1.3403492 ], [ 36.6543402, -1.3403723 ], [ 36.6534416, -1.3403286 ], [ 36.6525025, -1.3402563 ], [ 36.6190733, -1.3364527 ] ] } },
{ "type": "Feature", "properties": { "name": "SGR Nairobi Naivasha", "phase": "Nairobi-Naivasha" }, "geometry": { "type": "LineString", "coordinates": [ [ 36.6190733, -1.3364527 ], [ 36.618317, -1.3364106 ], [ 36.6178307, -1.3363659 ], [ 36.6173577, -1.3362904 ], [ 36.6169895, -1.3362112 ], [ 36.6166673, -1.336125 ], [ 36.6163662, -1.3360298 ], [ 36.6160474, -1.3359083 ], [ 36.6157396, -1.3357822 ], [ 36.6153831, -1.3356067 ], [ 36.6150097, -1.335402 ], [ 36.6147042, -1.3352125 ], [ 36.6144868, -1.335054 ] ] } },
{ "type": "Feature", "properties": { "name": "SGR Nairobi Naivasha", "phase": "Nairobi-Naivasha" }, "geometry": { "type": "LineString", "coordinates": [ [ 36.6693241, -1.337348 ], [ 36.6687142, -1.3371801 ], [ 36.6681513, -1.3370649 ], [ 36.6676367, -1.3369948 ], [ 36.6670381, -1.3369608 ], [ 36.6665623, -1.3369775 ], [ 36.6660273, -1.3370262 ], [ 36.6655484, -1.3371131 ], [ 36.6650528, -1.3372326 ], [ 36.6646105, -1.3373748 ], [ 36.6641686, -1.3375476 ], [ 36.662995, -1.3380511 ], [ 36.6610524, -1.3388947 ], [ 36.6606131, -1.3390849 ], [ 36.6601293, -1.3392794 ], [ 36.6596831, -1.3394315 ], [ 36.6592625, -1.3395573 ] ] } },
{ "type": "Feature", "properties": { "name": "", "phase": "other" }, "geometry": { "type": "LineString", "coordinates": [ [ 36.8895537, -1.3460614 ], [ 36.8900182, -1.3466546 ] ] } },
{ "type": "Feature", "properties": { "name": "", "phase": "other" }, "geometry": { "type": "LineString", "coordinates": [ [ 36.8925379, -1.3497667 ], [ 36.8927832, -1.3501111 ], [ 36.8929396, -1.3503367 ], [ 36.8930072, -1.3504447 ], [ 36.8930631, -1.3505504 ], [ 36.8931163, -1.3506652 ], [ 36.8931624, -1.350781 ], [ 36.8932013, -1.3509021 ], [ 36.8932396, -1.3510276 ], [ 36.8932645, -1.3511445 ], [ 36.8932861, -1.35127 ], [ 36.8933027, -1.3514416 ], [ 36.8933049, -1.3516097 ], [ 36.8932707, -1.3536595 ] ] } },
{ "type": "Feature", "properties": { "name": "Mombasa-Nairobi Standard Gauge Railway", "phase": "Mombasa-Nairobi" }, "geometry": { "type": "LineString", "coordinates": [ [ 36.9960743, -1.4516709 ], [ 36.9957007, -1.4533414 ] ] } },
{ "type": "Feature", "properties": { "name": "Mombasa-Nairobi Standard Gauge Railway", "phase": "Mombasa-Nairobi" }, "geometry": { "type": "LineString", "coordinates": [ [ 36.9957007, -1.4533414 ], [ 36.9952486, -1.4554429 ], [ 36.9949001, -1.4569251 ], [ 36.9947051, -1.4576177 ], [ 36.9942792, -1.4587705 ], [ 36.9941202, -1.459188 ], [ 36.9935233, -1.4607554 ], [ 36.9932659, -1.461505 ], [ 36.9930198, -1.4621716 ], [ 36.992708, -1.4629689 ], [ 36.9925884, -1.4633037 ], [ 36.9908988, -1.4679647 ], [ 36.989327, -1.4722859 ], [ 36.9892205, -1.4725757 ], [ 36.9849772, -1.4842236 ] ] } },
{ "type": "Feature", "properties": { "name": "Mombasa-Nairobi Standard Gauge Railway", "phase": "Mombasa-Nairobi" }, "geometry": { "type": "LineString", "coordinates": [ [ 36.9361054, -1.401052 ], [ 36.936602, -1.4012279 ], [ 36.9369366, -1.4013715 ], [ 36.9374221, -1.4015667 ] ] } },
{ "type": "Feature", "properties": { "name": "Mombasa-Nairobi Standard Gauge Railway", "phase": "Mombasa-Nairobi" }, "geometry": { "type": "LineString", "coordinates": [ [ 36.9431444, -1.4064373 ], [ 36.9437535, -1.4070953 ], [ 36.9439653, -1.4073696 ], [ 36.9442111, -1.4076798 ], [ 36.9445198, -1.4081159 ], [ 36.9448193, -1.4085972 ], [ 36.9451084, -1.4091194 ], [ 36.9453387, -1.4095889 ], [ 36.9455508, -1.4100826 ], [ 36.9457459, -1.4105803 ], [ 36.9459199, -1.4110901 ], [ 36.9460415, -1.4115445 ], [ 36.9461571, -1.4120503 ], [ 36.946263, -1.412621 ], [ 36.9463325, -1.4131947 ], [ 36.9468448, -1.417229 ], [ 36.9472389, -1.4206775 ], [ 36.9473173, -1.4211714 ], [ 36.9475795, -1.422207 ], [ 36.9480246, -1.4232376 ], [ 36.9484805, -1.4241063 ], [ 36.9490814, -1.4249805 ], [ 36.9497728, -1.4258028 ], [ 36.9504515, -1.4264303 ], [ 36.9512897, -1.4270524 ], [ 36.9536412, -1.4287236 ], [ 36.9552776, -1.4299989 ], [ 36.9557724, -1.4304966 ] ] } },
{ "type": "Feature", "properties": { "name": "Mombasa-Nairobi Standard Gauge Railway", "phase": "Mombasa-Nairobi" }, "geometry": { "type": "LineString", "coordinates": [ [ 36.9260655, -1.3980011 ], [ 36.9265748, -1.3983199 ], [ 36.9270207, -1.398555 ], [ 36.9274589, -1.3987516 ], [ 36.9278874, -1.3989212 ], [ 36.9282468, -1.3990391 ], [ 36.9290906, -1.3992641 ], [ 36.9321556, -1.4000451 ] ] } },
{ "type": "Feature", "properties": { "name": "Mombasa-Nairobi Standard Gauge Railway", "phase": "Mombasa-Nairobi" }, "geometry": { "type": "LineString", "coordinates": [ [ 36.9321556, -1.4000451 ], [ 36.9334551, -1.4003415 ], [ 36.9340668, -1.4004959 ], [ 36.9352062, -1.4008335 ], [ 36.9361054, -1.401052 ] ] } },
{ "type": "Feature", "properties": { "name": "Nairobi-Naivasha Standard Gauge Railway", "phase": "Nairobi-Naivasha" }, "geometry": { "type": "LineString", "coordinates": [ [ 36.8900182, -1.3466546 ], [ 36.8891418, -1.3457074 ], [ 36.888924, -1.3455056 ], [ 36.8886877, -1.3453036 ], [ 36.8884179, -1.3451115 ], [ 36.8882539, -1.344998 ], [ 36.8879516, -1.3448243 ], [ 36.8875916, -1.3446512 ], [ 36.8872383, -1.3445108 ], [ 36.8869313, -1.3444047 ], [ 36.886571, -1.3443091 ], [ 36.8862178, -1.3442429 ], [ 36.8858085, -1.344191 ], [ 36.8854025, -1.3441883 ], [ 36.8850259, -1.3442074 ], [ 36.8846838, -1.3442433 ], [ 36.8843152, -1.3443005 ], [ 36.8840022, -1.3443724 ], [ 36.8836266, -1.3445091 ], [ 36.883242, -1.3446514 ], [ 36.8829206, -1.3448105 ], [ 36.8826228, -1.3449771 ], [ 36.8823655, -1.3451417 ], [ 36.8821092, -1.3453254 ], [ 36.8818965, -1.3455015 ], [ 36.8816427, -1.3457354 ], [ 36.8814153, -1.3459796 ], [ 36.8802375, -1.3472821 ] ] } },
{ "type": "Feature", "properties": { "name": "", "phase": "other" }, "geometry": { "type": "LineString", "coordinates": [ [ 36.9029706, -1.3611668 ], [ 36.9037163, -1.3619887 ], [ 36.9037677, -1.3620471 ], [ 36.9042225, -1.3626391 ] ] } },
{ "type": "Feature", "properties": { "name": "", "phase": "other" }, "geometry": { "type": "LineString", "coordinates": [ [ 36.9029706, -1.3611668 ], [ 36.9025022, -1.3606399 ], [ 36.902293, -1.3604119 ], [ 36.9021267, -1.360243 ], [ 36.9018477, -1.3599963 ], [ 36.9015388, -1.3597396 ], [ 36.900877, -1.3591444 ], [ 36.8957643, -1.3534675 ], [ 36.8956565, -1.353342 ], [ 36.8955754, -1.3532325 ], [ 36.8953838, -1.3529582 ], [ 36.8950025, -1.3524221 ], [ 36.8947812, -1.3521622 ], [ 36.8945492, -1.351905 ] ] } },
{ "type": "Feature", "properties": { "name": "", "phase": "other" }, "geometry": { "type": "LineString", "coordinates": [ [ 36.8953229, -1.352733 ], [ 36.8955933, -1.3531089 ], [ 36.8957036, -1.3532411 ], [ 36.9009428, -1.3590609 ], [ 36.9010541, -1.3591738 ], [ 36.9013791, -1.359466 ], [ 36.9017256, -1.359767 ] ] } },
{ "type": "Feature", "properties": { "name": "", "phase": "other" }, "geometry": { "type": "LineString", "coordinates": [ [ 36.8953838, -1.3529582 ], [ 36.8956525, -1.3532779 ], [ 36.9008924, -1.3590889 ], [ 36.9010631, -1.359258 ], [ 36.9012205, -1.3594067 ], [ 36.901295, -1.3594856 ], [ 36.9015388, -1.3597396 ] ] } },
{ "type": "Feature", "properties": { "name": "", "phase": "other" }, "geometry": { "type": "LineString", "coordinates": [ [ 36.9026475, -1.3607417 ], [ 36.9021267, -1.360243 ] ] } },
{ "type": "Feature", "properties": { "name": "", "phase": "other" }, "geometry": { "type": "LineString", "coordinates": [ [ 36.9037163, -1.3619887 ], [ 36.9033424, -1.3615154 ] ] } },
{ "type": "Feature", "properties": { "name": "", "phase": "other" }, "geometry": { "type": "LineString", "coordinates": [ [ 36.9044777, -1.3627604 ], [ 36.9043135, -1.3626007 ], [ 36.9042416, -1.3625352 ], [ 36.904161, -1.3624656 ], [ 36.9040876, -1.3623972 ], [ 36.9040096, -1.3623158 ], [ 36.9037677, -1.3620471 ] ] } },
{ "type": "Feature", "properties": { "name": "", "phase": "other" }, "geometry": { "type": "LineString", "coordinates": [ [ 36.9024335, -1.3606749 ], [ 36.9028472, -1.361046 ], [ 36.9029706, -1.3611668 ] ] } },
{ "type": "Feature", "properties": { "name": "", "phase": "other" }, "geometry": { "type": "LineString", "coordinates": [ [ 36.902043, -1.3617342 ], [ 36.9017836, -1.3616099 ], [ 36.9016511, -1.3615394 ], [ 36.9014812, -1.3614414 ], [ 36.9013311, -1.3613421 ], [ 36.9011605, -1.3612095 ], [ 36.9010281, -1.3610924 ], [ 36.9009075, -1.3609715 ], [ 36.8978524, -1.3575725 ] ] } },
{ "type": "Feature", "properties": { "name": "", "phase": "other" }, "geometry": { "type": "LineString", "coordinates": [ [ 36.902342, -1.3618552 ], [ 36.902043, -1.3617342 ], [ 36.9017937, -1.3616342 ], [ 36.901607, -1.3615507 ], [ 36.9014334, -1.3614642 ], [ 36.901256, -1.3613647 ], [ 36.901138, -1.3612801 ], [ 36.9010355, -1.361198 ], [ 36.9009313, -1.3611049 ], [ 36.9008258, -1.3609965 ], [ 36.9005714, -1.360713 ] ] } },
{ "type": "Feature", "properties": { "name": "", "phase": "other" }, "geometry": { "type": "LineString", "coordinates": [ [ 36.900531, -1.3607494 ], [ 36.900835, -1.3610877 ], [ 36.9009624, -1.361214 ], [ 36.9010754, -1.3613164 ], [ 36.9011943, -1.3614106 ], [ 36.9013289, -1.3615062 ], [ 36.9014538, -1.3615829 ], [ 36.9015896, -1.3616554 ], [ 36.9017239, -1.3617205 ], [ 36.9018683, -1.3617796 ], [ 36.9020313, -1.3618312 ], [ 36.9021963, -1.3618768 ], [ 36.9026358, -1.3620034 ] ] } },
{ "type": "Feature", "properties": { "name": "", "phase": "other" }, "geometry": { "type": "LineString", "coordinates": [ [ 36.8994609, -1.3607702 ], [ 36.8996912, -1.361026 ], [ 36.8998115, -1.3611427 ], [ 36.8999233, -1.3612359 ], [ 36.90002, -1.3613097 ], [ 36.9001455, -1.3613937 ], [ 36.9002631, -1.3614624 ], [ 36.9003966, -1.3615262 ], [ 36.9005423, -1.3615865 ], [ 36.9007039, -1.3616391 ], [ 36.900837, -1.3616728 ], [ 36.9012984, -1.3617579 ] ] } },
{ "type": "Feature", "properties": { "name": "", "phase": "other" }, "geometry": { "type": "LineString", "coordinates": [ [ 36.8993882, -1.3603752 ], [ 36.8998369, -1.360883 ], [ 36.8999519, -1.3610054 ], [ 36.900071, -1.3611195 ], [ 36.9001925, -1.3612171 ], [ 36.9003311, -1.3613138 ], [ 36.9004643, -1.3613937 ], [ 36.900604, -1.361467 ], [ 36.9007324, -1.3615222 ], [ 36.9009042, -1.3615824 ], [ 36.9012465, -1.3616837 ] ] } },
{ "type": "Feature", "properties": { "name": "", "phase": "other" }, "geometry": { "type": "LineString", "coordinates": [ [ 36.9016268, -1.3617891 ], [ 36.9012465, -1.3616837 ], [ 36.9010047, -1.3615918 ], [ 36.9008343, -1.3615186 ], [ 36.9006951, -1.3614491 ], [ 36.9005579, -1.361371 ], [ 36.9004343, -1.3612911 ], [ 36.9003145, -1.3612034 ], [ 36.9001957, -1.3611062 ], [ 36.9000762, -1.3609942 ], [ 36.899963, -1.3608744 ], [ 36.8994559, -1.3603138 ] ] } },
{ "type": "Feature", "properties": { "name": "", "phase": "other" }, "geometry": { "type": "LineString", "coordinates": [ [ 36.8995059, -1.3602685 ], [ 36.8999727, -1.3607856 ], [ 36.9001023, -1.3609295 ], [ 36.9002266, -1.3610516 ], [ 36.9003395, -1.3611481 ], [ 36.9004625, -1.3612437 ], [ 36.9005824, -1.3613245 ], [ 36.9007232, -1.3614088 ], [ 36.9008564, -1.3614785 ], [ 36.9009879, -1.3615397 ], [ 36.9011248, -1.361598 ], [ 36.9013153, -1.3616727 ] ] } },
{ "type": "Feature", "properties": { "name": "", "phase": "other" }, "geometry": { "type": "LineString", "coordinates": [ [ 36.9016243, -1.3618128 ], [ 36.9012984, -1.3617579 ], [ 36.9008325, -1.3616359 ], [ 36.900711, -1.3615951 ], [ 36.9005788, -1.3615417 ], [ 36.9004493, -1.3614784 ], [ 36.900315, -1.3613995 ], [ 36.9001946, -1.3613198 ], [ 36.9000761, -1.3612307 ], [ 36.8999667, -1.3611335 ], [ 36.8998551, -1.3610256 ], [ 36.8993258, -1.3604318 ] ] } },
{ "type": "Feature", "properties": { "name": "", "phase": "other" }, "geometry": { "type": "LineString", "coordinates": [ [ 36.9002636, -1.3616799 ], [ 36.9005948, -1.361737 ], [ 36.9007681, -1.3617523 ], [ 36.9012934, -1.3617832 ] ] } },
{ "type": "Feature", "properties": { "name": "", "phase": "other" }, "geometry": { "type": "LineString", "coordinates": [ [ 36.9003396, -1.3618219 ], [ 36.9008914, -1.3617888 ], [ 36.9012934, -1.3617832 ], [ 36.9016243, -1.3618128 ], [ 36.9019401, -1.3618753 ] ] } },
{ "type": "Feature", "properties": { "name": "", "phase": "other" }, "geometry": { "type": "LineString", "coordinates": [ [ 36.9019514, -1.3615268 ], [ 36.9020858, -1.361628 ], [ 36.9022164, -1.3617139 ], [ 36.902315, -1.3617692 ], [ 36.9024403, -1.3618306 ], [ 36.9026097, -1.3619064 ], [ 36.9028258, -1.3619959 ] ] } },
{ "type": "Feature", "properties": { "name": "", "phase": "other" }, "geometry": { "type": "LineString", "coordinates": [ [ 36.9010782, -1.3607811 ], [ 36.9022797, -1.3616775 ], [ 36.9024036, -1.3617607 ], [ 36.9025277, -1.3618343 ], [ 36.9026565, -1.3619039 ], [ 36.9028258, -1.3619959 ], [ 36.9030022, -1.3620652 ], [ 36.9031944, -1.3621343 ] ] } },
{ "type": "Feature", "properties": { "name": "", "phase": "other" }, "geometry": { "type": "LineString", "coordinates": [ [ 36.9029337, -1.3620065 ], [ 36.9027055, -1.3618931 ], [ 36.9025765, -1.3618196 ], [ 36.9024596, -1.361747 ], [ 36.9023508, -1.3616737 ], [ 36.9011079, -1.3607469 ] ] } },
{ "type": "Feature", "properties": { "name": "", "phase": "other" }, "geometry": { "type": "LineString", "coordinates": [ [ 36.9095914, -1.3704578 ], [ 36.9091546, -1.3699704 ] ] } },
{ "type": "Feature", "properties": { "name": "", "phase": "other" }, "geometry": { "type": "LineString", "coordinates": [ [ 36.9091142, -1.3700073 ], [ 36.9095475, -1.3704979 ] ] } },
{ "type": "Feature", "properties": { "name": "", "phase": "other" }, "geometry": { "type": "LineString", "coordinates": [ [ 36.9090681, -1.3700494 ], [ 36.9095053, -1.3705365 ] ] } },
{ "type": "Feature", "properties": { "name": "", "phase": "other" }, "geometry": { "type": "LineString", "coordinates": [ [ 36.9090681, -1.3700494 ], [ 36.909053, -1.370033 ], [ 36.9087696, -1.3697245 ], [ 36.9086877, -1.3696298 ], [ 36.9086218, -1.3695518 ], [ 36.9085515, -1.3694577 ], [ 36.9084824, -1.3693538 ], [ 36.9084174, -1.3692403 ], [ 36.9083655, -1.3691368 ], [ 36.9083549, -1.3691155 ], [ 36.9083015, -1.3689896 ], [ 36.9081154, -1.3684347 ] ] } },
{ "type": "Feature", "properties": { "name": "", "phase": "other" }, "geometry": { "type": "LineString", "coordinates": [ [ 36.9091142, -1.3700073 ], [ 36.909098, -1.3699898 ], [ 36.9088076, -1.3696766 ], [ 36.9087243, -1.369583 ], [ 36.9086444, -1.3694882 ], [ 36.9085703, -1.3693871 ], [ 36.9084924, -1.3692651 ], [ 36.9084253, -1.3691529 ], [ 36.9084058, -1.3691116 ], [ 36.9083565, -1.3690074 ], [ 36.9081276, -1.3684019 ] ] } },
{ "type": "Feature", "properties": { "name": "", "phase": "other" }, "geometry": { "type": "LineString", "coordinates": [ [ 36.9095475, -1.3704979 ], [ 36.9095794, -1.3705334 ], [ 36.9097738, -1.3707502 ], [ 36.9099, -1.3708909 ], [ 36.910018, -1.3710175 ], [ 36.9101327, -1.3711231 ], [ 36.9102628, -1.3712285 ], [ 36.9104704, -1.3713831 ], [ 36.9107046, -1.3715481 ] ] } },
{ "type": "Feature", "properties": { "name": "", "phase": "other" }, "geometry": { "type": "LineString", "coordinates": [ [ 36.9095053, -1.3705365 ], [ 36.9095362, -1.3705715 ], [ 36.9097283, -1.3707888 ], [ 36.9098384, -1.3709134 ], [ 36.909922, -1.3709973 ], [ 36.9100102, -1.3710829 ], [ 36.9100982, -1.3711596 ], [ 36.910196, -1.3712339 ], [ 36.9102944, -1.3713014 ], [ 36.9104135, -1.3713766 ], [ 36.9107046, -1.3715481 ], [ 36.9110551, -1.3717556 ] ] } },
{ "type": "Feature", "properties": { "name": "", "phase": "other" }, "geometry": { "type": "LineString", "coordinates": [ [ 36.9091546, -1.3699704 ], [ 36.9091389, -1.3699534 ], [ 36.9088649, -1.3696552 ], [ 36.9087595, -1.3695306 ], [ 36.9086743, -1.3694243 ], [ 36.9085862, -1.3692999 ], [ 36.9085045, -1.3691657 ], [ 36.9084566, -1.3690726 ], [ 36.9083198, -1.3687979 ] ] } },
{ "type": "Feature", "properties": { "name": "", "phase": "other" }, "geometry": { "type": "LineString", "coordinates": [ [ 36.9096325, -1.3704202 ], [ 36.9096654, -1.3704574 ], [ 36.9098729, -1.3706922 ], [ 36.9100675, -1.3709124 ], [ 36.9101869, -1.3710361 ], [ 36.9103068, -1.3711562 ], [ 36.9104296, -1.3712715 ], [ 36.9106596, -1.3714733 ] ] } },
{ "type": "Feature", "properties": { "name": "", "phase": "other" }, "geometry": { "type": "LineString", "coordinates": [ [ 36.9091965, -1.3699321 ], [ 36.9096325, -1.3704202 ] ] } },
{ "type": "Feature", "properties": { "name": "", "phase": "other" }, "geometry": { "type": "LineString", "coordinates": [ [ 36.9079939, -1.3680469 ], [ 36.9081276, -1.3684019 ], [ 36.908246, -1.3686551 ], [ 36.9083198, -1.3687979 ], [ 36.9084825, -1.3690527 ], [ 36.9086195, -1.369267 ], [ 36.9087201, -1.3694003 ], [ 36.9087996, -1.3694955 ], [ 36.9088847, -1.3695972 ], [ 36.9091787, -1.369913 ], [ 36.9091965, -1.3699321 ] ] } },
{ "type": "Feature", "properties": { "name": "", "phase": "other" }, "geometry": { "type": "LineString", "coordinates": [ [ 36.9088581, -1.3699548 ], [ 36.9088319, -1.3699272 ], [ 36.9086919, -1.3697798 ], [ 36.9086033, -1.369668 ], [ 36.9085338, -1.3695737 ], [ 36.9084642, -1.3694667 ], [ 36.9084066, -1.369367 ], [ 36.9083508, -1.3692497 ], [ 36.9083147, -1.3691686 ], [ 36.9082914, -1.3691167 ], [ 36.9082516, -1.3689889 ], [ 36.9081154, -1.3684347 ], [ 36.9079939, -1.3680469 ], [ 36.907849, -1.3676673 ] ] } },
{ "type": "Feature", "properties": { "name": "", "phase": "other" }, "geometry": { "type": "LineString", "coordinates": [ [ 36.9087503, -1.3701685 ], [ 36.908939, -1.3703718 ], [ 36.9096675, -1.3711856 ], [ 36.9096854, -1.3712056 ] ] } },
{ "type": "Feature", "properties": { "name": "", "phase": "other" }, "geometry": { "type": "LineString", "coordinates": [ [ 36.909638, -1.3712483 ], [ 36.9096205, -1.3712288 ], [ 36.9092126, -1.370776 ], [ 36.9090733, -1.3706167 ], [ 36.9089567, -1.3704635 ], [ 36.9087503, -1.3701685 ], [ 36.9085469, -1.3698794 ] ] } },
{ "type": "Feature", "properties": { "name": "", "phase": "other" }, "geometry": { "type": "LineString", "coordinates": [ [ 36.9080624, -1.3684496 ], [ 36.9082517, -1.3692022 ], [ 36.9082915, -1.3693427 ], [ 36.9083451, -1.3694875 ], [ 36.9084048, -1.3696228 ], [ 36.9084724, -1.3697499 ], [ 36.9085469, -1.3698794 ], [ 36.9088392, -1.370388 ], [ 36.9089124, -1.3705113 ], [ 36.9089923, -1.370614 ], [ 36.9090884, -1.3707329 ], [ 36.909194, -1.3708552 ], [ 36.9095711, -1.3712727 ], [ 36.909589, -1.3712925 ] ] } },
{ "type": "Feature", "properties": { "name": "", "phase": "other" }, "geometry": { "type": "LineString", "coordinates": [ [ 36.9084866, -1.3701047 ], [ 36.908241, -1.3693161 ] ] } },
{ "type": "Feature", "properties": { "name": "", "phase": "other" }, "geometry": { "type": "LineString", "coordinates": [ [ 36.9079435, -1.3679847 ], [ 36.9080624, -1.3684496 ], [ 36.9081338, -1.368884 ], [ 36.9081562, -1.3689943 ], [ 36.9081829, -1.3691113 ], [ 36.9082118, -1.3692132 ], [ 36.908241, -1.3693161 ], [ 36.9083027, -1.3695751 ], [ 36.9084621, -1.3703526 ] ] } },
{ "type": "Feature", "properties": { "name": "", "phase": "other" }, "geometry": { "type": "LineString", "coordinates": [ [ 36.9080822, -1.370277 ], [ 36.9080845, -1.3690439 ], [ 36.9080783, -1.3689093 ], [ 36.9080675, -1.3688006 ], [ 36.908053, -1.3686693 ], [ 36.9080045, -1.3683512 ] ] } },
{ "type": "Feature", "properties": { "name": "", "phase": "other" }, "geometry": { "type": "LineString", "coordinates": [ [ 36.907722, -1.3673555 ], [ 36.907849, -1.3676673 ], [ 36.9079166, -1.3678752 ], [ 36.9079435, -1.3679847 ], [ 36.9079753, -1.3681584 ], [ 36.9080045, -1.3683512 ], [ 36.9080246, -1.3685641 ], [ 36.9080297, -1.368685 ], [ 36.9080294, -1.3688047 ], [ 36.9080319, -1.3702748 ] ] } },
{ "type": "Feature", "properties": { "name": "", "phase": "other" }, "geometry": { "type": "LineString", "coordinates": [ [ 36.9104646, -1.3707354 ], [ 36.910257, -1.37039 ], [ 36.910179, -1.3702602 ], [ 36.9100976, -1.3701408 ], [ 36.9100086, -1.3700269 ], [ 36.9099118, -1.3699081 ], [ 36.909174, -1.3691195 ], [ 36.9090579, -1.3689829 ], [ 36.9088656, -1.3687142 ], [ 36.9086885, -1.3684683 ] ] } },
{ "type": "Feature", "properties": { "name": "", "phase": "other" }, "geometry": { "type": "LineString", "coordinates": [ [ 36.9094287, -1.3694746 ], [ 36.9098489, -1.3699241 ] ] } },
{ "type": "Feature", "properties": { "name": "", "phase": "other" }, "geometry": { "type": "LineString", "coordinates": [ [ 36.9083018, -1.3682835 ], [ 36.9085548, -1.3685395 ], [ 36.9086829, -1.3686666 ], [ 36.9087925, -1.3687827 ], [ 36.9094287, -1.3694746 ] ] } },
{ "type": "Feature", "properties": { "name": "", "phase": "other" }, "geometry": { "type": "LineString", "coordinates": [ [ 36.9093904, -1.3695089 ], [ 36.9087536, -1.3688192 ], [ 36.9084835, -1.3685016 ], [ 36.9083018, -1.3682835 ], [ 36.9082265, -1.3681923 ], [ 36.9080948, -1.3680173 ] ] } },
{ "type": "Feature", "properties": { "name": "", "phase": "other" }, "geometry": { "type": "LineString", "coordinates": [ [ 36.9098094, -1.3699596 ], [ 36.9093904, -1.3695089 ] ] } },
{ "type": "Feature", "properties": { "name": "", "phase": "other" }, "geometry": { "type": "LineString", "coordinates": [ [ 36.9093559, -1.36954 ], [ 36.9097685, -1.3699963 ] ] } },
{ "type": "Feature", "properties": { "name": "", "phase": "other" }, "geometry": { "type": "LineString", "coordinates": [ [ 36.9078721, -1.3676532 ], [ 36.9080948, -1.3680173 ], [ 36.908382, -1.3684495 ], [ 36.9085298, -1.3686421 ], [ 36.908686, -1.3688245 ], [ 36.908715, -1.3688554 ], [ 36.9093559, -1.36954 ] ] } },
{ "type": "Feature", "properties": { "name": "", "phase": "other" }, "geometry": { "type": "LineString", "coordinates": [ [ 36.9093132, -1.3695783 ], [ 36.9086752, -1.3688927 ], [ 36.9086456, -1.3688609 ], [ 36.9085615, -1.3687664 ], [ 36.9084764, -1.3686593 ], [ 36.9083892, -1.3685364 ], [ 36.908185, -1.3682331 ], [ 36.9080653, -1.3680309 ], [ 36.9078721, -1.3676532 ], [ 36.907722, -1.3673555 ], [ 36.9076759, -1.3672659 ], [ 36.9074994, -1.366923 ], [ 36.9073756, -1.3667043 ] ] } },
{ "type": "Feature", "properties": { "name": "", "phase": "other" }, "geometry": { "type": "LineString", "coordinates": [ [ 36.9097306, -1.3700303 ], [ 36.9093132, -1.3695783 ] ] } },
{ "type": "Feature", "properties": { "name": "", "phase": "other" }, "geometry": { "type": "LineString", "coordinates": [ [ 36.9098489, -1.3699241 ], [ 36.9099757, -1.3700649 ], [ 36.9100638, -1.370173 ], [ 36.9101602, -1.3703046 ], [ 36.9104646, -1.3707354 ], [ 36.9106975, -1.3710701 ] ] } },
{ "type": "Feature", "properties": { "name": "", "phase": "other" }, "geometry": { "type": "LineString", "coordinates": [ [ 36.9103056, -1.3705984 ], [ 36.9101065, -1.3703245 ], [ 36.9100248, -1.370211 ], [ 36.9099416, -1.3701081 ], [ 36.9098094, -1.3699596 ] ] } },
{ "type": "Feature", "properties": { "name": "", "phase": "other" }, "geometry": { "type": "LineString", "coordinates": [ [ 36.9097685, -1.3699963 ], [ 36.9101444, -1.3704085 ], [ 36.9103056, -1.3705984 ], [ 36.910593, -1.3709961 ] ] } },
{ "type": "Feature", "properties": { "name": "", "phase": "other" }, "geometry": { "type": "LineString", "coordinates": [ [ 36.9109206, -1.3713626 ], [ 36.910593, -1.3709961 ], [ 36.9097306, -1.3700303 ] ] } },
{ "type": "Feature", "properties": { "name": "", "phase": "other" }, "geometry": { "type": "LineString", "coordinates": [ [ 36.9102006, -1.3700834 ], [ 36.9105064, -1.3707395 ] ] } },
{ "type": "Feature", "properties": { "name": "", "phase": "other" }, "geometry": { "type": "LineString", "coordinates": [ [ 36.9089087, -1.368545 ], [ 36.908611, -1.3682127 ] ] } },
{ "type": "Feature", "properties": { "name": "", "phase": "other" }, "geometry": { "type": "LineString", "coordinates": [ [ 36.9111535, -1.3713505 ], [ 36.9107177, -1.3708624 ], [ 36.910631, -1.3707641 ], [ 36.9105503, -1.3706589 ], [ 36.9104567, -1.3705253 ], [ 36.9103737, -1.3703882 ], [ 36.9102006, -1.3700834 ], [ 36.9100999, -1.3699086 ], [ 36.9100269, -1.3697891 ], [ 36.9099526, -1.3696858 ], [ 36.9098776, -1.3695886 ], [ 36.9097915, -1.3694925 ], [ 36.9089087, -1.368545 ] ] } },
{ "type": "Feature", "properties": { "name": "", "phase": "other" }, "geometry": { "type": "LineString", "coordinates": [ [ 36.9121617, -1.3721873 ], [ 36.9119224, -1.3721004 ], [ 36.911762, -1.3720308 ], [ 36.9115896, -1.3719376 ], [ 36.9114244, -1.3718257 ], [ 36.9112576, -1.371692 ], [ 36.9112385, -1.3716742 ], [ 36.910988, -1.3714357 ] ] } },
{ "type": "Feature", "properties": { "name": "", "phase": "other" }, "geometry": { "type": "LineString", "coordinates": [ [ 36.9095914, -1.3704578 ], [ 36.9096233, -1.3704945 ], [ 36.9098168, -1.3707167 ], [ 36.9099903, -1.3709159 ], [ 36.9100868, -1.3710153 ], [ 36.9101931, -1.3711123 ], [ 36.9103098, -1.371211 ], [ 36.9106596, -1.3714733 ], [ 36.9110551, -1.3717556 ], [ 36.9111198, -1.3717834 ], [ 36.9111755, -1.3718073 ], [ 36.9116123, -1.3720805 ], [ 36.9119375, -1.3722545 ] ] } },
{ "type": "Feature", "properties": { "name": "", "phase": "other" }, "geometry": { "type": "LineString", "coordinates": [ [ 36.908004, -1.3675406 ], [ 36.9081748, -1.3677567 ], [ 36.9086885, -1.3684683 ], [ 36.9087958, -1.3685979 ], [ 36.908884, -1.3686969 ], [ 36.9088948, -1.3687089 ], [ 36.9098995, -1.369801 ], [ 36.9099836, -1.3699007 ], [ 36.9100727, -1.3700112 ], [ 36.9101441, -1.370116 ], [ 36.9102107, -1.3702214 ], [ 36.9105064, -1.3707395 ], [ 36.9106975, -1.3710701 ], [ 36.9109206, -1.3713626 ] ] } },
{ "type": "Feature", "properties": { "name": "", "phase": "other" }, "geometry": { "type": "LineString", "coordinates": [ [ 36.9020214, -1.3600449 ], [ 36.9021271, -1.3601639 ], [ 36.9026475, -1.3607417 ], [ 36.9032542, -1.3614127 ], [ 36.9033424, -1.3615154 ], [ 36.9038594, -1.3620852 ], [ 36.9044777, -1.3627604 ], [ 36.9045891, -1.3628835 ], [ 36.905238, -1.3636002 ], [ 36.9054313, -1.3638304 ], [ 36.9055997, -1.3640514 ], [ 36.905715, -1.3642084 ], [ 36.9058731, -1.3644401 ], [ 36.9060309, -1.3646726 ], [ 36.9072911, -1.3665767 ], [ 36.9073756, -1.3667043 ], [ 36.9076063, -1.3670563 ], [ 36.9076791, -1.3671598 ], [ 36.9077463, -1.3672449 ], [ 36.9077718, -1.3672771 ], [ 36.908004, -1.3675406 ], [ 36.908611, -1.3682127 ] ] } },
{ "type": "Feature", "properties": { "name": "", "phase": "other" }, "geometry": { "type": "LineString", "coordinates": [ [ 36.8950615, -1.3521769 ], [ 36.9012975, -1.3591033 ], [ 36.901543, -1.3593883 ] ] } },
{ "type": "Feature", "properties": { "name": "", "phase": "other" }, "geometry": { "type": "LineString", "coordinates": [ [ 36.8940659, -1.3511446 ], [ 36.8945083, -1.351698 ] ] } },
{ "type": "Feature", "properties": { "name": "", "phase": "other" }, "geometry": { "type": "LineString", "coordinates": [ [ 36.8933909, -1.3504566 ], [ 36.8939267, -1.3509901 ] ] } },
{ "type": "Feature", "properties": { "name": "", "phase": "other" }, "geometry": { "type": "LineString", "coordinates": [ [ 36.8927834, -1.3497219 ], [ 36.8932672, -1.3503192 ] ] } },
{ "type": "Feature", "properties": { "name": "", "phase": "other" }, "geometry": { "type": "LineString", "coordinates": [ [ 36.9020214, -1.3600449 ], [ 36.8946205, -1.3518226 ], [ 36.8945083, -1.351698 ], [ 36.8940037, -1.3511374 ], [ 36.8933909, -1.3504566 ], [ 36.8932672, -1.3503192 ], [ 36.8929658, -1.3499844 ], [ 36.8925431, -1.3495147 ], [ 36.8921252, -1.3490505 ] ] } },
{ "type": "Feature", "properties": { "name": "", "phase": "other" }, "geometry": { "type": "LineString", "coordinates": [ [ 36.8963439, -1.3559655 ], [ 36.8943733, -1.3537707 ], [ 36.8942195, -1.353593 ], [ 36.8940872, -1.35341 ], [ 36.8939661, -1.3532145 ], [ 36.8938633, -1.3530249 ], [ 36.8937574, -1.3527965 ], [ 36.8936884, -1.3526081 ], [ 36.8936225, -1.352419 ], [ 36.8934186, -1.3516153 ] ] } },
{ "type": "Feature", "properties": { "name": "", "phase": "other" }, "geometry": { "type": "LineString", "coordinates": [ [ 36.8953395, -1.3531749 ], [ 36.8955062, -1.3534593 ], [ 36.8955793, -1.3535811 ], [ 36.8956837, -1.3537253 ], [ 36.8958128, -1.3538815 ], [ 36.9006388, -1.359244 ], [ 36.900768, -1.3593808 ], [ 36.9009214, -1.3595184 ], [ 36.9010452, -1.3596159 ], [ 36.9012036, -1.3597286 ], [ 36.9014423, -1.35987 ] ] } },
{ "type": "Feature", "properties": { "name": "", "phase": "other" }, "geometry": { "type": "LineString", "coordinates": [ [ 36.9016925, -1.3600627 ], [ 36.9014396, -1.3599141 ], [ 36.9011816, -1.3597641 ], [ 36.9010491, -1.359676 ], [ 36.9009357, -1.3595841 ], [ 36.9008066, -1.3594728 ], [ 36.900649, -1.3593155 ], [ 36.8983823, -1.3567933 ], [ 36.8957642, -1.3538896 ], [ 36.8956731, -1.3537814 ], [ 36.8955732, -1.3536481 ], [ 36.8954651, -1.3534828 ], [ 36.8953828, -1.3533399 ], [ 36.8953077, -1.3531837 ], [ 36.8951175, -1.352776 ] ] } },
{ "type": "Feature", "properties": { "name": "", "phase": "other" }, "geometry": { "type": "LineString", "coordinates": [ [ 36.8950653, -1.352742 ], [ 36.8952366, -1.3531305 ], [ 36.8953122, -1.3532901 ], [ 36.8953892, -1.3534382 ], [ 36.8954811, -1.3535924 ], [ 36.8955989, -1.3537532 ], [ 36.8957603, -1.3539496 ], [ 36.9005815, -1.3593116 ], [ 36.9007203, -1.3594588 ], [ 36.9008488, -1.3595775 ], [ 36.9009889, -1.3596942 ], [ 36.9011227, -1.3597832 ], [ 36.9012715, -1.359873 ], [ 36.90142, -1.3599571 ], [ 36.9015646, -1.3600388 ], [ 36.9017022, -1.3601267 ], [ 36.9020326, -1.3603581 ] ] } },
{ "type": "Feature", "properties": { "name": "", "phase": "other" }, "geometry": { "type": "LineString", "coordinates": [ [ 36.9011744, -1.3589046 ], [ 36.9002873, -1.3577401 ], [ 36.9001721, -1.35759 ], [ 36.9000712, -1.357465 ], [ 36.899966, -1.3573484 ], [ 36.8981433, -1.3553274 ], [ 36.896654, -1.353676 ], [ 36.8966363, -1.3536579 ], [ 36.8965316, -1.3535502 ], [ 36.8963843, -1.3534153 ], [ 36.8961951, -1.3532533 ], [ 36.8960813, -1.3531547 ], [ 36.8954422, -1.3525491 ] ] } },
{ "type": "Feature", "properties": { "name": "", "phase": "other" }, "geometry": { "type": "LineString", "coordinates": [ [ 36.894921, -1.3524364 ], [ 36.8948407, -1.3522991 ], [ 36.8947621, -1.3521833 ], [ 36.894666, -1.3520491 ], [ 36.8945492, -1.351905 ], [ 36.8944367, -1.3517811 ], [ 36.8921052, -1.3491883 ], [ 36.8918549, -1.3489093 ], [ 36.8910563, -1.3480191 ], [ 36.8905704, -1.3474775 ], [ 36.8899626, -1.3468 ], [ 36.8896879, -1.3465206 ], [ 36.8893469, -1.346223 ], [ 36.8890196, -1.3459651 ], [ 36.8887002, -1.3457318 ], [ 36.8883673, -1.3455168 ], [ 36.8879373, -1.3452638 ], [ 36.8874885, -1.3450226 ], [ 36.8869786, -1.3447957 ], [ 36.8864568, -1.3446074 ], [ 36.8857943, -1.3444009 ] ] } },
{ "type": "Feature", "properties": { "name": "", "phase": "other" }, "geometry": { "type": "LineString", "coordinates": [ [ 36.9049605, -1.3635009 ], [ 36.9054417, -1.3641628 ], [ 36.9055343, -1.3643077 ], [ 36.9056252, -1.364459 ], [ 36.9057096, -1.3646214 ], [ 36.9057994, -1.3648112 ], [ 36.9058701, -1.3649907 ], [ 36.9059322, -1.3651844 ], [ 36.9059388, -1.3652048 ], [ 36.9065449, -1.3671258 ] ] } },
{ "type": "Feature", "properties": { "name": "", "phase": "other" }, "geometry": { "type": "LineString", "coordinates": [ [ 36.8844967, -1.3405599 ], [ 36.8840586, -1.3403765 ], [ 36.8838387, -1.3402699 ], [ 36.8836312, -1.3401492 ], [ 36.8834679, -1.3400333 ], [ 36.8833564, -1.3399477 ], [ 36.8832418, -1.3398489 ], [ 36.8831066, -1.3397089 ], [ 36.8795354, -1.3357399 ], [ 36.8777578, -1.3337643 ], [ 36.8776409, -1.3336187 ], [ 36.8774467, -1.3333461 ] ] } },
{ "type": "Feature", "properties": { "name": "", "phase": "other" }, "geometry": { "type": "LineString", "coordinates": [ [ 36.8847314, -1.3406698 ], [ 36.8843263, -1.3404446 ], [ 36.8841755, -1.3403503 ], [ 36.8840052, -1.3402284 ], [ 36.8836125, -1.3399044 ], [ 36.8834472, -1.3397455 ], [ 36.8832971, -1.3395859 ], [ 36.8797059, -1.3355914 ], [ 36.8781641, -1.3338765 ], [ 36.8780209, -1.3337389 ], [ 36.8776957, -1.3334549 ], [ 36.8772923, -1.3330827 ] ] } },
{ "type": "Feature", "properties": { "name": "Mombasa-Nairobi Standard Gauge Railway", "phase": "Mombasa-Nairobi" }, "geometry": { "type": "LineString", "coordinates": [ [ 36.9414262, -1.4046758 ], [ 36.9422377, -1.4055209 ] ] } },
{ "type": "Feature", "properties": { "name": "Mombasa-Nairobi Standard Gauge Railway", "phase": "Mombasa-Nairobi" }, "geometry": { "type": "LineString", "coordinates": [ [ 36.9422377, -1.4055209 ], [ 36.9431444, -1.4064373 ] ] } },
{ "type": "Feature", "properties": { "name": "Mombasa-Nairobi Standard Gauge Railway", "phase": "Mombasa-Nairobi" }, "geometry": { "type": "LineString", "coordinates": [ [ 36.9374221, -1.4015667 ], [ 36.9381379, -1.4019662 ], [ 36.9391579, -1.4026324 ], [ 36.9402087, -1.4034643 ], [ 36.9414262, -1.4046758 ] ] } },
{ "type": "Feature", "properties": { "name": "Mombasa-Nairobi Standard Gauge Railway", "phase": "Mombasa-Nairobi" }, "geometry": { "type": "LineString", "coordinates": [ [ 36.9557724, -1.4304966 ], [ 36.9561759, -1.4309234 ], [ 36.9568964, -1.4318292 ], [ 36.9573709, -1.4325464 ], [ 36.9578263, -1.4334112 ], [ 36.9598438, -1.4376713 ], [ 36.9605019, -1.43908 ], [ 36.9610671, -1.4400615 ] ] } },
{ "type": "Feature", "properties": { "name": "Mombasa-Nairobi Standard Gauge Railway", "phase": "Mombasa-Nairobi" }, "geometry": { "type": "LineString", "coordinates": [ [ 36.987018, -1.4435897 ], [ 36.9893396, -1.4436005 ], [ 36.9899152, -1.4436296 ], [ 36.9903217, -1.4436661 ], [ 36.9907183, -1.4437225 ], [ 36.9911988, -1.4438239 ], [ 36.9916756, -1.443963 ], [ 36.9921286, -1.4441255 ] ] } },
{ "type": "Feature", "properties": { "name": "Mombasa-Nairobi Standard Gauge Railway", "phase": "Mombasa-Nairobi" }, "geometry": { "type": "LineString", "coordinates": [ [ 36.9847033, -1.4435337 ], [ 36.987018, -1.4435897 ] ] } },
{ "type": "Feature", "properties": { "name": "", "phase": "other" }, "geometry": { "type": "LineString", "coordinates": [ [ 36.9914657, -1.4649487 ], [ 36.9920611, -1.4632541 ], [ 36.9922596, -1.4628627 ], [ 36.9924983, -1.4625826 ], [ 36.99278, -1.462246 ], [ 36.9928266, -1.4621769 ], [ 36.9929248, -1.4620315 ], [ 36.9932008, -1.4615932 ] ] } },
{ "type": "Feature", "properties": { "name": "", "phase": "other" }, "geometry": { "type": "LineString", "coordinates": [ [ 36.989327, -1.4722859 ], [ 36.9895348, -1.4719037 ], [ 36.9920449, -1.4649326 ], [ 36.9925736, -1.4634644 ], [ 36.992708, -1.4629689 ] ] } },
{ "type": "Feature", "properties": { "name": "Mombasa-Nairobi Standard Gauge Railway", "phase": "Mombasa-Nairobi" }, "geometry": { "type": "LineString", "coordinates": [ [ 36.984838, -1.4845965 ], [ 36.981694, -1.493237 ] ] } },
{ "type": "Feature", "properties": { "name": "Mombasa-Nairobi Standard Gauge Railway", "phase": "Mombasa-Nairobi" }, "geometry": { "type": "LineString", "coordinates": [ [ 36.9849772, -1.4842236 ], [ 36.984838, -1.4845965 ] ] } },
{ "type": "Feature", "properties": { "name": "Mombasa-Nairobi Standard Gauge Railway", "phase": "Mombasa-Nairobi" }, "geometry": { "type": "LineString", "coordinates": [ [ 36.981694, -1.493237 ], [ 36.9815356, -1.4936386 ] ] } },
{ "type": "Feature", "properties": { "name": "Mombasa-Nairobi Standard Gauge Railway", "phase": "Mombasa-Nairobi" }, "geometry": { "type": "LineString", "coordinates": [ [ 36.9815356, -1.4936386 ], [ 36.9794132, -1.4993497 ], [ 36.9738158, -1.5147121 ], [ 36.9733285, -1.5161079 ], [ 36.9729685, -1.517349 ], [ 36.9728364, -1.5181343 ], [ 36.9726853, -1.519111 ], [ 36.9726072, -1.5200876 ], [ 36.9726053, -1.5212822 ], [ 36.9727038, -1.5225407 ], [ 36.9728196, -1.5232904 ], [ 36.9730022, -1.5240974 ], [ 36.9734024, -1.5257401 ], [ 36.9744437, -1.5303131 ] ] } },
{ "type": "Feature", "properties": { "name": "", "phase": "other" }, "geometry": { "type": "LineString", "coordinates": [ [ 36.9777697, -1.5448976 ], [ 36.9772601, -1.5427013 ] ] } },
{ "type": "Feature", "properties": { "name": "", "phase": "other" }, "geometry": { "type": "LineString", "coordinates": [ [ 36.9782961, -1.5468834 ], [ 36.9781504, -1.5464893 ], [ 36.9777697, -1.5448976 ] ] } },
{ "type": "Feature", "properties": { "name": "", "phase": "other" }, "geometry": { "type": "LineString", "coordinates": [ [ 36.9772601, -1.5427013 ], [ 36.9771216, -1.5420868 ], [ 36.9764078, -1.5389201 ], [ 36.9763439, -1.5386721 ], [ 36.9761771, -1.5380246 ], [ 36.9760831, -1.5376972 ] ] } },
{ "type": "Feature", "properties": { "name": "Mombasa-Nairobi Standard Gauge Railway", "phase": "Mombasa-Nairobi" }, "geometry": { "type": "LineString", "coordinates": [ [ 36.9773183, -1.5426876 ], [ 36.9778263, -1.5448868 ] ] } },
{ "type": "Feature", "properties": { "name": "Mombasa-Nairobi Standard Gauge Railway", "phase": "Mombasa-Nairobi" }, "geometry": { "type": "LineString", "coordinates": [ [ 36.9750902, -1.5330924 ], [ 36.9760323, -1.5371827 ], [ 36.9763007, -1.5382918 ], [ 36.976794, -1.5403305 ], [ 36.9773183, -1.5426876 ] ] } },
{ "type": "Feature", "properties": { "name": "", "phase": "other" }, "geometry": { "type": "LineString", "coordinates": [ [ 37.0688312, -1.674991 ], [ 37.0692729, -1.675398 ], [ 37.075177, -1.6821494 ], [ 37.075566, -1.6826733 ] ] } },
{ "type": "Feature", "properties": { "name": "", "phase": "other" }, "geometry": { "type": "LineString", "coordinates": [ [ 37.0758838, -1.6830184 ], [ 37.0753974, -1.6825868 ], [ 37.0694972, -1.6758359 ], [ 37.0691808, -1.6753808 ] ] } },
{ "type": "Feature", "properties": { "name": "Mombasa-Nairobi Standard Gauge Railway", "phase": "Mombasa-Nairobi" }, "geometry": { "type": "LineString", "coordinates": [ [ 37.0821973, -1.694329 ], [ 37.0820446, -1.6934873 ], [ 37.0819101, -1.6926704 ], [ 37.081462, -1.6910635 ], [ 37.0808843, -1.6896188 ], [ 37.0802036, -1.6883103 ], [ 37.0792222, -1.6868712 ], [ 37.0781789, -1.6855944 ] ] } },
{ "type": "Feature", "properties": { "name": "Mombasa-Nairobi Standard Gauge Railway", "phase": "Mombasa-Nairobi" }, "geometry": { "type": "LineString", "coordinates": [ [ 37.0822602, -1.6955264 ], [ 37.0821973, -1.694329 ] ] } },
{ "type": "Feature", "properties": { "name": "Mombasa-Nairobi Standard Gauge Railway", "phase": "Mombasa-Nairobi" }, "geometry": { "type": "LineString", "coordinates": [ [ 37.0850033, -1.710094 ], [ 37.0836909, -1.7061723 ], [ 37.0828612, -1.7037431 ], [ 37.0825721, -1.702603 ], [ 37.0823303, -1.7014188 ], [ 37.0821958, -1.700089 ], [ 37.082182, -1.6983767 ], [ 37.0822602, -1.6955264 ] ] } },
{ "type": "Feature", "properties": { "name": "Mombasa-Nairobi Standard Gauge Railway", "phase": "Mombasa-Nairobi" }, "geometry": { "type": "LineString", "coordinates": [ [ 37.0859377, -1.7187847 ], [ 37.0857334, -1.7138759 ], [ 37.0855889, -1.712421 ], [ 37.085302, -1.711067 ] ] } },
{ "type": "Feature", "properties": { "name": "Mombasa-Nairobi Standard Gauge Railway", "phase": "Mombasa-Nairobi" }, "geometry": { "type": "LineString", "coordinates": [ [ 37.085302, -1.711067 ], [ 37.0850033, -1.710094 ] ] } },
{ "type": "Feature", "properties": { "name": "Mombasa-Nairobi Standard Gauge Railway", "phase": "Mombasa-Nairobi" }, "geometry": { "type": "LineString", "coordinates": [ [ 37.0867273, -1.7389945 ], [ 37.0860537, -1.7214294 ], [ 37.0859377, -1.7187847 ] ] } },
{ "type": "Feature", "properties": { "name": "Mombasa-Nairobi Standard Gauge Railway", "phase": "Mombasa-Nairobi" }, "geometry": { "type": "LineString", "coordinates": [ [ 37.0872535, -1.7522772 ], [ 37.0870906, -1.7469543 ], [ 37.0868555, -1.7416623 ], [ 37.0867273, -1.7389945 ] ] } },
{ "type": "Feature", "properties": { "name": "Mombasa-Nairobi Standard Gauge Railway", "phase": "Mombasa-Nairobi" }, "geometry": { "type": "LineString", "coordinates": [ [ 37.0872751, -1.7527113 ], [ 37.0872535, -1.7522772 ] ] } },
{ "type": "Feature", "properties": { "name": "Mombasa-Nairobi Standard Gauge Railway", "phase": "Mombasa-Nairobi" }, "geometry": { "type": "LineString", "coordinates": [ [ 37.0879123, -1.7686459 ], [ 37.0878861, -1.7671972 ], [ 37.0876788, -1.7628481 ], [ 37.0875478, -1.7591025 ], [ 37.0872751, -1.7527113 ] ] } },
{ "type": "Feature", "properties": { "name": "Mombasa-Nairobi Standard Gauge Railway", "phase": "Mombasa-Nairobi" }, "geometry": { "type": "LineString", "coordinates": [ [ 37.089951, -1.7764964 ], [ 37.0893003, -1.7748399 ], [ 37.0889709, -1.7739248 ], [ 37.0887051, -1.7729856 ], [ 37.0883413, -1.7716254 ], [ 37.0882769, -1.7713423 ], [ 37.0880632, -1.7700603 ] ] } },
{ "type": "Feature", "properties": { "name": "Mombasa-Nairobi Standard Gauge Railway", "phase": "Mombasa-Nairobi" }, "geometry": { "type": "LineString", "coordinates": [ [ 37.0880632, -1.7700603 ], [ 37.0879123, -1.7686459 ] ] } },
{ "type": "Feature", "properties": { "name": "Mombasa-Nairobi Standard Gauge Railway", "phase": "Mombasa-Nairobi" }, "geometry": { "type": "LineString", "coordinates": [ [ 37.1228256, -1.8304651 ], [ 37.1220351, -1.8292565 ] ] } },
{ "type": "Feature", "properties": { "name": "Mombasa-Nairobi Standard Gauge Railway", "phase": "Mombasa-Nairobi" }, "geometry": { "type": "LineString", "coordinates": [ [ 37.1240795, -1.8330575 ], [ 37.1238905, -1.8325134 ], [ 37.1236082, -1.8318436 ], [ 37.1233427, -1.8313192 ], [ 37.1230523, -1.8308416 ], [ 37.1228256, -1.8304651 ] ] } },
{ "type": "Feature", "properties": { "name": "Mombasa-Nairobi Standard Gauge Railway", "phase": "Mombasa-Nairobi" }, "geometry": { "type": "LineString", "coordinates": [ [ 37.1282756, -1.855828 ], [ 37.1278421, -1.8524553 ], [ 37.1277082, -1.8509219 ], [ 37.1275985, -1.8500486 ], [ 37.1274161, -1.84829 ], [ 37.1272874, -1.8472069 ], [ 37.127105, -1.8459952 ], [ 37.1262628, -1.8421777 ], [ 37.1261555, -1.8416737 ], [ 37.1261026, -1.8413722 ], [ 37.124294, -1.8337385 ], [ 37.1240795, -1.8330575 ] ] } },
{ "type": "Feature", "properties": { "name": "", "phase": "other" }, "geometry": { "type": "LineString", "coordinates": [ [ 37.1277082, -1.8509219 ], [ 37.1276575, -1.8500272 ], [ 37.1274912, -1.8482685 ], [ 37.1273518, -1.8471909 ], [ 37.1271533, -1.8459684 ], [ 37.1263325, -1.8421884 ], [ 37.1262413, -1.8418185 ], [ 37.1261026, -1.8413722 ] ] } },
{ "type": "Feature", "properties": { "name": "Mombasa-Nairobi Standard Gauge Railway", "phase": "Mombasa-Nairobi" }, "geometry": { "type": "LineString", "coordinates": [ [ 37.1291898, -1.8590454 ], [ 37.1288909, -1.8583967 ], [ 37.1286746, -1.857717 ], [ 37.1284674, -1.8567666 ], [ 37.1282756, -1.855828 ] ] } },
{ "type": "Feature", "properties": { "name": "Mombasa-Nairobi Standard Gauge Railway", "phase": "Mombasa-Nairobi" }, "geometry": { "type": "LineString", "coordinates": [ [ 37.1319217, -1.8627322 ], [ 37.1314233, -1.8622087 ], [ 37.1308531, -1.8615912 ], [ 37.1302268, -1.8607285 ], [ 37.1296724, -1.8598984 ], [ 37.1291898, -1.8590454 ] ] } },
{ "type": "Feature", "properties": { "name": "Mombasa-Nairobi Standard Gauge Railway", "phase": "Mombasa-Nairobi" }, "geometry": { "type": "LineString", "coordinates": [ [ 37.1347171, -1.8653131 ], [ 37.1330166, -1.8637153 ], [ 37.1319217, -1.8627322 ] ] } },
{ "type": "Feature", "properties": { "name": "Mombasa-Nairobi Standard Gauge Railway", "phase": "Mombasa-Nairobi" }, "geometry": { "type": "LineString", "coordinates": [ [ 37.1557402, -1.8995571 ], [ 37.1570672, -1.9010939 ], [ 37.1612261, -1.9054625 ], [ 37.1619206, -1.9062957 ], [ 37.1626282, -1.9072776 ], [ 37.1641087, -1.9099798 ], [ 37.1653855, -1.9125265 ], [ 37.1658084, -1.9133352 ], [ 37.1666155, -1.9150133 ], [ 37.1669403, -1.9156281 ], [ 37.1672469, -1.916199 ], [ 37.1679604, -1.9175287 ], [ 37.1687114, -1.9188637 ], [ 37.1699237, -1.920649 ], [ 37.1715333, -1.9230902 ], [ 37.1717723, -1.9234139 ], [ 37.1726757, -1.9246379 ], [ 37.1735448, -1.9259139 ], [ 37.1740543, -1.9268468 ], [ 37.1744299, -1.9276939 ], [ 37.1745673, -1.9280203 ], [ 37.1747947, -1.9286857 ], [ 37.1750414, -1.9297366 ] ] } },
{ "type": "Feature", "properties": { "name": "Nairobi-Naivasha Standard Gauge Railway", "phase": "Nairobi-Naivasha" }, "geometry": { "type": "LineString", "coordinates": [ [ 36.8802375, -1.3472821 ], [ 36.840796, -1.3913492 ] ] } },
{ "type": "Feature", "properties": { "name": "Nairobi-Naivasha Standard Gauge Railway", "phase": "Nairobi-Naivasha" }, "geometry": { "type": "LineString", "coordinates": [ [ 36.840796, -1.3913492 ], [ 36.8395743, -1.3927054 ], [ 36.8390567, -1.3932334 ], [ 36.8385287, -1.3937139 ], [ 36.8380164, -1.3941416 ], [ 36.8374824, -1.3945424 ], [ 36.836874, -1.3949572 ], [ 36.8362705, -1.39533 ], [ 36.8357808, -1.3956006 ], [ 36.8352445, -1.3958665 ], [ 36.8347396, -1.3960945 ], [ 36.8342632, -1.3962887 ], [ 36.8291791, -1.3982557 ], [ 36.8284151, -1.3985489 ], [ 36.8277713, -1.3987702 ], [ 36.8271005, -1.398968 ], [ 36.8188704, -1.4009974 ], [ 36.8184466, -1.4011065 ], [ 36.8180079, -1.4012293 ] ] } },
{ "type": "Feature", "properties": { "name": "Nairobi-Naivasha Standard Gauge Railway", "phase": "Nairobi-Naivasha" }, "geometry": { "type": "LineString", "coordinates": [ [ 36.7289909, -1.4118662 ], [ 36.7284776, -1.4115657 ], [ 36.7281418, -1.4113632 ], [ 36.7277626, -1.4111048 ], [ 36.7273728, -1.4108052 ], [ 36.7269427, -1.4104401 ], [ 36.7265372, -1.4100621 ], [ 36.726093, -1.4096139 ], [ 36.7153613, -1.3982702 ], [ 36.714972, -1.3978422 ], [ 36.7145512, -1.3973492 ], [ 36.7142549, -1.3969539 ], [ 36.7139746, -1.3965175 ], [ 36.7137039, -1.3960343 ], [ 36.7132304, -1.3950053 ], [ 36.7130305, -1.3944382 ], [ 36.7128843, -1.3939105 ], [ 36.7127557, -1.3933379 ], [ 36.712708, -1.3929995 ], [ 36.7126586, -1.3926058 ], [ 36.7126229, -1.3921102 ], [ 36.7126147, -1.3915671 ], [ 36.7126611, -1.3909573 ] ] } },
{ "type": "Feature", "properties": { "name": "Nairobi-Naivasha Standard Gauge Railway", "phase": "Nairobi-Naivasha" }, "geometry": { "type": "LineString", "coordinates": [ [ 36.7126611, -1.3909573 ], [ 36.7127087, -1.390547 ], [ 36.7128186, -1.3899656 ], [ 36.7129571, -1.3893742 ], [ 36.7133923, -1.3874048 ], [ 36.7134898, -1.3870007 ], [ 36.7135685, -1.3865659 ], [ 36.7136172, -1.3860224 ], [ 36.7136657, -1.385504 ], [ 36.7135635, -1.3850026 ], [ 36.7135481, -1.3845573 ], [ 36.7134635, -1.3840885 ], [ 36.7133588, -1.3836294 ], [ 36.7132778, -1.383215 ], [ 36.7131833, -1.3829991 ], [ 36.7130976, -1.3827519 ], [ 36.7128254, -1.3822586 ], [ 36.712613, -1.3818598 ], [ 36.7118179, -1.3805328 ] ] } },
{ "type": "Feature", "properties": { "name": "Nachu Tunnel", "phase": "other" }, "geometry": { "type": "LineString", "coordinates": [ [ 36.5516507, -1.2382892 ], [ 36.5547553, -1.2283019 ], [ 36.5551208, -1.226871 ], [ 36.5554005, -1.2253436 ], [ 36.5555415, -1.2239148 ] ] } },
{ "type": "Feature", "properties": { "name": "SGR Nairobi Naivasha", "phase": "Nairobi-Naivasha" }, "geometry": { "type": "LineString", "coordinates": [ [ 36.5611395, -1.2939627 ], [ 36.5605929, -1.2930223 ], [ 36.5600606, -1.2917842 ], [ 36.5596571, -1.2905462 ], [ 36.5593068, -1.2893628 ], [ 36.5568248, -1.2767604 ], [ 36.5568009, -1.2766386 ], [ 36.550823, -1.246285 ], [ 36.5506447, -1.2453866 ], [ 36.5505362, -1.2445364 ], [ 36.5504934, -1.2435468 ], [ 36.5505364, -1.2426967 ], [ 36.5506435, -1.2418143 ], [ 36.5507748, -1.2412135 ], [ 36.5509753, -1.2404675 ], [ 36.5516507, -1.2382892 ] ] } },
{ "type": "Feature", "properties": { "name": "SGR Nairobi Naivasha", "phase": "Nairobi-Naivasha" }, "geometry": { "type": "LineString", "coordinates": [ [ 36.5555415, -1.2239148 ], [ 36.5561324, -1.2153641 ], [ 36.5561789, -1.2147297 ], [ 36.5562651, -1.2141033 ], [ 36.5563624, -1.2135846 ], [ 36.5564677, -1.2131295 ], [ 36.5595158, -1.2018576 ], [ 36.5597291, -1.2009682 ], [ 36.5598274, -1.2004889 ] ] } },
{ "type": "Feature", "properties": { "name": "Mombasa-Nairobi Standard Gauge Railway", "phase": "Mombasa-Nairobi" }, "geometry": { "type": "LineString", "coordinates": [ [ 36.9255465, -1.3976014 ], [ 36.9260655, -1.3980011 ] ] } },
{ "type": "Feature", "properties": { "name": "Mombasa-Nairobi Standard Gauge Railway", "phase": "Mombasa-Nairobi" }, "geometry": { "type": "LineString", "coordinates": [ [ 37.1485921, -1.8866869 ], [ 37.1471969, -1.8829387 ] ] } },
{ "type": "Feature", "properties": { "name": "Mombasa-Nairobi Standard Gauge Railway", "phase": "Mombasa-Nairobi" }, "geometry": { "type": "LineString", "coordinates": [ [ 37.1471969, -1.8829387 ], [ 37.1454682, -1.8787691 ], [ 37.1449197, -1.8775535 ], [ 37.1441316, -1.8762131 ], [ 37.1436025, -1.8754947 ], [ 37.1407467, -1.8715325 ], [ 37.139959, -1.870448 ], [ 37.1391832, -1.8695404 ], [ 37.1377426, -1.868085 ], [ 37.1347171, -1.8653131 ] ] } },
{ "type": "Feature", "properties": { "name": "SGR Nairobi Naivasha", "phase": "Nairobi-Naivasha" }, "geometry": { "type": "LineString", "coordinates": [ [ 36.5673928, -1.3004246 ], [ 36.5637542, -1.2973239 ], [ 36.5629146, -1.2964209 ], [ 36.5623605, -1.2957387 ], [ 36.5618172, -1.2949814 ], [ 36.5611395, -1.2939627 ] ] } },
{ "type": "Feature", "properties": { "name": "Nairobi-Naivasha Standard Gauge Railway", "phase": "Nairobi-Naivasha" }, "geometry": { "type": "LineString", "coordinates": [ [ 36.6763181, -1.3420463 ], [ 36.6758582, -1.3413025 ], [ 36.6754816, -1.3407452 ], [ 36.6752162, -1.3404229 ], [ 36.6749045, -1.3400685 ], [ 36.6746384, -1.3397989 ], [ 36.6742346, -1.3394472 ], [ 36.6738806, -1.3391723 ], [ 36.6734495, -1.3388926 ], [ 36.6730216, -1.3386489 ], [ 36.6726717, -1.3384843 ], [ 36.6723494, -1.3383443 ], [ 36.6717205, -1.3381137 ], [ 36.6711486, -1.3379256 ] ] } },
{ "type": "Feature", "properties": { "name": "Nairobi-Naivasha Standard Gauge Railway", "phase": "Nairobi-Naivasha" }, "geometry": { "type": "LineString", "coordinates": [ [ 36.690937, -1.3574619 ], [ 36.6908442, -1.3573427 ] ] } },
{ "type": "Feature", "properties": { "name": "Nairobi-Naivasha Standard Gauge Railway", "phase": "Nairobi-Naivasha" }, "geometry": { "type": "LineString", "coordinates": [ [ 36.6879055, -1.354767 ], [ 36.6858136, -1.3534091 ], [ 36.6855266, -1.3532035 ], [ 36.6852085, -1.3530033 ], [ 36.6833563, -1.3518379 ], [ 36.6826835, -1.3514062 ], [ 36.6822274, -1.3510838 ], [ 36.6817206, -1.3506908 ], [ 36.6814117, -1.3503983 ], [ 36.6811299, -1.3501003 ], [ 36.6805603, -1.3494526 ], [ 36.6801441, -1.3488977 ], [ 36.6797645, -1.348345 ], [ 36.6794367, -1.3477902 ], [ 36.6787012, -1.3464607 ], [ 36.6784523, -1.3460107 ], [ 36.6769758, -1.343254 ] ] } },
{ "type": "Feature", "properties": { "name": "Nairobi-Naivasha Standard Gauge Railway", "phase": "Nairobi-Naivasha" }, "geometry": { "type": "LineString", "coordinates": [ [ 36.7502469, -1.4138156 ], [ 36.7516955, -1.4139106 ], [ 36.7523262, -1.4139646 ], [ 36.7529425, -1.4140505 ], [ 36.7535319, -1.4141891 ], [ 36.7541177, -1.4143709 ], [ 36.754668, -1.4146121 ], [ 36.7552109, -1.4148906 ], [ 36.7556778, -1.4151719 ], [ 36.7561095, -1.4154843 ], [ 36.7565629, -1.4158384 ], [ 36.7594315, -1.4182789 ] ] } },
{ "type": "Feature", "properties": { "name": "Nairobi-Naivasha Standard Gauge Railway", "phase": "Nairobi-Naivasha" }, "geometry": { "type": "LineString", "coordinates": [ [ 36.7289909, -1.4118662 ], [ 36.729266, -1.412019 ], [ 36.7296095, -1.4121843 ], [ 36.7299801, -1.4123363 ], [ 36.7303668, -1.4124861 ], [ 36.7308227, -1.4126319 ], [ 36.7312757, -1.4127584 ], [ 36.731715, -1.4128697 ], [ 36.7321524, -1.4129546 ], [ 36.7328011, -1.4130402 ], [ 36.7334433, -1.4130979 ], [ 36.7371999, -1.4132657 ], [ 36.7378528, -1.4132949 ], [ 36.7432747, -1.4135371 ], [ 36.7469986, -1.4136761 ], [ 36.7475862, -1.4136981 ], [ 36.7478502, -1.4137079 ], [ 36.7502469, -1.4138156 ] ] } },
{ "type": "Feature", "properties": { "name": "Nairobi-Naivasha Standard Gauge Railway", "phase": "Nairobi-Naivasha" }, "geometry": { "type": "LineString", "coordinates": [ [ 36.7023992, -1.3689534 ], [ 36.7020921, -1.3687773 ], [ 36.698464, -1.366893 ] ] } },
{ "type": "Feature", "properties": { "name": "SGR Nairobi Naivasha", "phase": "Nairobi-Naivasha" }, "geometry": { "type": "LineString", "coordinates": [ [ 36.6095777, -1.3290022 ], [ 36.608899, -1.3280675 ], [ 36.6086442, -1.3277287 ], [ 36.6083969, -1.3274076 ], [ 36.6081116, -1.3270549 ], [ 36.6078532, -1.326765 ], [ 36.6075293, -1.3264367 ], [ 36.6072368, -1.3261633 ], [ 36.6068955, -1.3258683 ], [ 36.606538, -1.3255863 ], [ 36.606141, -1.325311 ], [ 36.6058064, -1.325085 ], [ 36.6054165, -1.3248518 ], [ 36.6051132, -1.3246819 ], [ 36.6046598, -1.3244446 ], [ 36.6042414, -1.3242563 ], [ 36.6038732, -1.3241095 ], [ 36.6034159, -1.3239452 ], [ 36.6030032, -1.3238117 ], [ 36.6025779, -1.3236982 ], [ 36.5919127, -1.3213274 ], [ 36.5911445, -1.3211637 ], [ 36.5903352, -1.3209902 ], [ 36.589545, -1.3207903 ], [ 36.5888864, -1.3205335 ], [ 36.5881799, -1.3201949 ], [ 36.5876258, -1.3199116 ], [ 36.5869676, -1.3195226 ], [ 36.5864279, -1.3190958 ], [ 36.5858136, -1.3185829 ], [ 36.5853497, -1.3181427 ], [ 36.5849008, -1.3176962 ], [ 36.5844715, -1.3171981 ], [ 36.5840958, -1.3167318 ], [ 36.5820781, -1.3140589 ], [ 36.5816201, -1.3134729 ], [ 36.5810904, -1.3128964 ], [ 36.5805077, -1.312339 ], [ 36.5799266, -1.3117841 ], [ 36.5754658, -1.3078392 ], [ 36.5720063, -1.3045758 ], [ 36.5701872, -1.3028697 ], [ 36.5680146, -1.300921 ], [ 36.5673928, -1.3004246 ] ] } },
{ "type": "Feature", "properties": { "name": "SGR Nairobi Naivasha", "phase": "Nairobi-Naivasha" }, "geometry": { "type": "LineString", "coordinates": [ [ 36.6097202, -1.3291989 ], [ 36.6095777, -1.3290022 ] ] } },
{ "type": "Feature", "properties": { "name": "SGR Nairobi Naivasha", "phase": "Nairobi-Naivasha" }, "geometry": { "type": "LineString", "coordinates": [ [ 36.5598274, -1.2004889 ], [ 36.5599193, -1.1998121 ], [ 36.5599741, -1.1991987 ], [ 36.5599964, -1.1986785 ], [ 36.5599851, -1.1982699 ], [ 36.5597543, -1.1954043 ] ] } },
{ "type": "Feature", "properties": { "name": "SGR Nairobi Naivasha", "phase": "Nairobi-Naivasha" }, "geometry": { "type": "LineString", "coordinates": [ [ 36.5597543, -1.1954043 ], [ 36.5584729, -1.1793473 ], [ 36.5582856, -1.1777494 ], [ 36.5581363, -1.1768968 ] ] } },
{ "type": "Feature", "properties": { "name": "SGR Nairobi Naivasha", "phase": "Nairobi-Naivasha" }, "geometry": { "type": "LineString", "coordinates": [ [ 36.3758577, -1.0355273 ], [ 36.3732111, -1.0340325 ], [ 36.3710825, -1.0329057 ], [ 36.3698717, -1.0324721 ], [ 36.3687459, -1.0321747 ], [ 36.3676039, -1.0319602 ], [ 36.3661123, -1.03177 ], [ 36.3647001, -1.0317841 ], [ 36.3632237, -1.0319212 ], [ 36.3620903, -1.0321318 ], [ 36.3607786, -1.0324729 ] ] } },
{ "type": "Feature", "properties": { "name": "SGR Nairobi Naivasha", "phase": "Nairobi-Naivasha" }, "geometry": { "type": "LineString", "coordinates": [ [ 36.3777074, -1.0365428 ], [ 36.3758577, -1.0355273 ] ] } },
{ "type": "Feature", "properties": { "name": "SGR Nairobi Naivasha", "phase": "Nairobi-Naivasha" }, "geometry": { "type": "LineString", "coordinates": [ [ 36.612893, -1.3334542 ], [ 36.6128585, -1.3334102 ] ] } },
{ "type": "Feature", "properties": { "name": "SGR Nairobi Naivasha", "phase": "Nairobi-Naivasha" }, "geometry": { "type": "LineString", "coordinates": [ [ 36.6128585, -1.3334102 ], [ 36.6119496, -1.3321109 ], [ 36.6097202, -1.3291989 ] ] } },
{ "type": "Feature", "properties": { "name": "SGR Nairobi Naivasha", "phase": "Nairobi-Naivasha" }, "geometry": { "type": "LineString", "coordinates": [ [ 36.6144377, -1.3350172 ], [ 36.614196, -1.3348291 ], [ 36.613937, -1.334613 ], [ 36.6137153, -1.3343969 ], [ 36.6134905, -1.3341622 ], [ 36.6132796, -1.3339298 ], [ 36.6130624, -1.3336663 ], [ 36.612893, -1.3334542 ] ] } },
{ "type": "Feature", "properties": { "name": "SGR Nairobi Naivasha", "phase": "Nairobi-Naivasha" }, "geometry": { "type": "LineString", "coordinates": [ [ 36.6144868, -1.335054 ], [ 36.6144377, -1.3350172 ] ] } },
{ "type": "Feature", "properties": { "name": "Nairobi-Naivasha Standard Gauge Railway", "phase": "Nairobi-Naivasha" }, "geometry": { "type": "LineString", "coordinates": [ [ 36.6931194, -1.3614596 ], [ 36.6924991, -1.3600698 ], [ 36.6921127, -1.3592894 ], [ 36.6917403, -1.358595 ], [ 36.6913686, -1.3580383 ], [ 36.690937, -1.3574619 ] ] } },
{ "type": "Feature", "properties": { "name": "Nairobi-Naivasha Standard Gauge Railway", "phase": "Nairobi-Naivasha" }, "geometry": { "type": "LineString", "coordinates": [ [ 36.6945347, -1.3637825 ], [ 36.6941615, -1.3632929 ], [ 36.693815, -1.3627695 ], [ 36.6935355, -1.3623132 ], [ 36.6932104, -1.3616634 ], [ 36.6931194, -1.3614596 ] ] } },
{ "type": "Feature", "properties": { "name": "Nairobi-Naivasha Standard Gauge Railway", "phase": "Nairobi-Naivasha" }, "geometry": { "type": "LineString", "coordinates": [ [ 36.698464, -1.366893 ], [ 36.6978209, -1.3665538 ], [ 36.6972905, -1.3662441 ], [ 36.6966488, -1.3658078 ], [ 36.6959696, -1.3652775 ], [ 36.6954643, -1.3648043 ], [ 36.6950045, -1.3643392 ], [ 36.6945347, -1.3637825 ] ] } },
{ "type": "Feature", "properties": { "name": "Nairobi-Naivasha Standard Gauge Railway", "phase": "Nairobi-Naivasha" }, "geometry": { "type": "LineString", "coordinates": [ [ 36.7091978, -1.3761288 ], [ 36.7084757, -1.3749044 ], [ 36.7080818, -1.3742536 ], [ 36.7075883, -1.3735228 ], [ 36.7071431, -1.3729099 ], [ 36.706547, -1.3721788 ], [ 36.7059976, -1.3716014 ], [ 36.705475, -1.3711045 ], [ 36.7046504, -1.3703894 ], [ 36.7037264, -1.3697156 ], [ 36.7029458, -1.369245 ], [ 36.7023992, -1.3689534 ] ] } },
{ "type": "Feature", "properties": { "name": "Nairobi-Naivasha Standard Gauge Railway", "phase": "Nairobi-Naivasha" }, "geometry": { "type": "LineString", "coordinates": [ [ 36.7113617, -1.3797714 ], [ 36.7091978, -1.3761288 ] ] } },
{ "type": "Feature", "properties": { "name": "Nairobi-Naivasha Standard Gauge Railway", "phase": "Nairobi-Naivasha" }, "geometry": { "type": "LineString", "coordinates": [ [ 36.7819519, -1.415257 ], [ 36.7814047, -1.4152855 ], [ 36.7808243, -1.4153325 ], [ 36.7803698, -1.4153927 ], [ 36.7798609, -1.4154793 ], [ 36.7793575, -1.4156037 ], [ 36.7789076, -1.4157309 ], [ 36.7784415, -1.4158861 ], [ 36.7780093, -1.4160576 ], [ 36.7673679, -1.4203566 ], [ 36.7669202, -1.4204901 ], [ 36.766561, -1.420581 ], [ 36.7661933, -1.4206537 ], [ 36.7657655, -1.4207163 ], [ 36.7652793, -1.4207392 ], [ 36.7648244, -1.4207496 ], [ 36.7643544, -1.4207323 ], [ 36.7638804, -1.4206789 ], [ 36.7634342, -1.4205877 ], [ 36.7629154, -1.4204446 ], [ 36.7625405, -1.4203266 ], [ 36.7621999, -1.4201815 ], [ 36.7618292, -1.4200175 ], [ 36.761474, -1.4198276 ], [ 36.7611245, -1.4196161 ], [ 36.7606795, -1.419299 ], [ 36.7602318, -1.4189539 ], [ 36.7594315, -1.4182789 ] ] } },
{ "type": "Feature", "properties": { "name": "Nairobi-Naivasha Standard Gauge Railway", "phase": "Nairobi-Naivasha" }, "geometry": { "type": "LineString", "coordinates": [ [ 36.7841888, -1.415441 ], [ 36.7834109, -1.4153362 ], [ 36.7828767, -1.415286 ], [ 36.7823954, -1.4152579 ], [ 36.7819519, -1.415257 ] ] } },
{ "type": "Feature", "properties": { "name": "Nairobi-Naivasha Standard Gauge Railway", "phase": "Nairobi-Naivasha" }, "geometry": { "type": "LineString", "coordinates": [ [ 36.8156214, -1.4023012 ], [ 36.815364, -1.4024668 ], [ 36.8149901, -1.4027197 ], [ 36.8145837, -1.4030075 ], [ 36.8062875, -1.4089461 ], [ 36.8005268, -1.4130804 ], [ 36.7987322, -1.4143581 ], [ 36.7982982, -1.4146288 ], [ 36.7976812, -1.4149876 ], [ 36.7971946, -1.4152068 ], [ 36.7967064, -1.4154325 ], [ 36.7961242, -1.4156774 ], [ 36.7955569, -1.4158787 ], [ 36.7949516, -1.4160491 ], [ 36.7944236, -1.4161717 ], [ 36.7938479, -1.4162769 ], [ 36.7933028, -1.4163341 ], [ 36.7927306, -1.4163748 ], [ 36.7921681, -1.4163824 ], [ 36.7916228, -1.4163578 ], [ 36.7910679, -1.4163085 ], [ 36.7841888, -1.415441 ] ] } },
{ "type": "Feature", "properties": { "name": "Nairobi-Naivasha Standard Gauge Railway", "phase": "Nairobi-Naivasha" }, "geometry": { "type": "LineString", "coordinates": [ [ 36.8157222, -1.4022401 ], [ 36.8156214, -1.4023012 ] ] } },
{ "type": "Feature", "properties": { "name": "", "phase": "other" }, "geometry": { "type": "LineString", "coordinates": [ [ 36.8980237, -1.3553978 ], [ 36.9011744, -1.3589046 ], [ 36.901543, -1.3593883 ], [ 36.9018865, -1.359826 ] ] } },
{ "type": "Feature", "properties": { "name": "Mombasa-Nairobi Standard Gauge Railway", "phase": "Mombasa-Nairobi" }, "geometry": { "type": "LineString", "coordinates": [ [ 36.9018865, -1.359826 ], [ 36.9026509, -1.3606703 ], [ 36.9027735, -1.3608057 ], [ 36.9051477, -1.3634281 ], [ 36.9056682, -1.3640031 ], [ 36.909951, -1.3687334 ], [ 36.9103705, -1.3691765 ], [ 36.9107962, -1.3696006 ], [ 36.9126512, -1.3713737 ], [ 36.9131303, -1.3718454 ], [ 36.9135669, -1.372334 ], [ 36.913962, -1.3727975 ], [ 36.9142437, -1.3731611 ], [ 36.9145923, -1.3736176 ], [ 36.9148836, -1.374063 ], [ 36.9151339, -1.3744666 ], [ 36.9153274, -1.3748769 ], [ 36.9155908, -1.375329 ], [ 36.9206211, -1.3854312 ], [ 36.920945, -1.386143 ], [ 36.9211516, -1.3867035 ], [ 36.9212669, -1.387044 ], [ 36.9214815, -1.3879342 ], [ 36.9216477, -1.3889048 ], [ 36.9218731, -1.3905931 ], [ 36.9219315, -1.391054 ], [ 36.9220933, -1.3918977 ], [ 36.9221842, -1.3923713 ], [ 36.9223517, -1.3929507 ], [ 36.9225024, -1.39342 ], [ 36.9226444, -1.3937743 ], [ 36.922837, -1.3942105 ], [ 36.92307, -1.3946698 ], [ 36.923277, -1.3950335 ], [ 36.9236363, -1.3955524 ], [ 36.9239605, -1.395966 ], [ 36.9242933, -1.3963821 ], [ 36.9245842, -1.3966872 ], [ 36.9251541, -1.3972591 ], [ 36.9255465, -1.3976014 ] ] } },
{ "type": "Feature", "properties": { "name": "", "phase": "other" }, "geometry": { "type": "LineString", "coordinates": [ [ 36.8949302, -1.3520365 ], [ 36.8950615, -1.3521769 ], [ 36.8954422, -1.3525491 ], [ 36.895678, -1.3528015 ], [ 36.8980237, -1.3553978 ] ] } },
{ "type": "Feature", "properties": { "name": "SGR Nairobi Naivasha", "phase": "Nairobi-Naivasha" }, "geometry": { "type": "LineString", "coordinates": [ [ 36.3607786, -1.0324729 ], [ 36.3606963, -1.0324975 ] ] } },
{ "type": "Feature", "properties": { "name": "SGR Nairobi Naivasha", "phase": "Nairobi-Naivasha" }, "geometry": { "type": "LineString", "coordinates": [ [ 36.3606963, -1.0324975 ], [ 36.3599166, -1.0327311 ], [ 36.3514879, -1.0352751 ] ] } },
{ "type": "Feature", "properties": { "name": "SGR Nairobi Naivasha", "phase": "Nairobi-Naivasha" }, "geometry": { "type": "LineString", "coordinates": [ [ 36.3290638, -1.0419435 ], [ 36.3287353, -1.0420417 ] ] } },
{ "type": "Feature", "properties": { "name": "SGR Naivasha–Kisumu", "phase": "other" }, "geometry": { "type": "LineString", "coordinates": [ [ 36.2842266, -1.0508623 ], [ 36.2910619, -1.050352 ] ] } },
{ "type": "Feature", "properties": { "name": "SGR Nairobi Naivasha", "phase": "Nairobi-Naivasha" }, "geometry": { "type": "LineString", "coordinates": [ [ 36.4768165, -1.0462851 ], [ 36.4655023, -1.045508 ], [ 36.453307, -1.044767 ], [ 36.4526779, -1.0447288 ] ] } },
{ "type": "Feature", "properties": { "name": "SGR Nairobi Naivasha", "phase": "Nairobi-Naivasha" }, "geometry": { "type": "LineString", "coordinates": [ [ 36.4996482, -1.0477315 ], [ 36.4993866, -1.0477148 ] ] } },
{ "type": "Feature", "properties": { "name": "", "phase": "other" }, "geometry": { "type": "LineString", "coordinates": [ [ 36.4790906, -1.0457412 ], [ 36.479831, -1.0458046 ], [ 36.4835301, -1.0460377 ], [ 36.4897329, -1.0464177 ], [ 36.4915678, -1.046529 ], [ 36.4943517, -1.0467021 ], [ 36.4948474, -1.0467291 ], [ 36.4952042, -1.04678 ], [ 36.4955335, -1.0468618 ], [ 36.4959064, -1.0469932 ], [ 36.4964174, -1.0472048 ], [ 36.4969186, -1.0474143 ], [ 36.4971882, -1.0474772 ], [ 36.497521, -1.0475451 ], [ 36.4978113, -1.0475917 ], [ 36.498052, -1.0476298 ], [ 36.4984835, -1.0476782 ] ] } },
{ "type": "Feature", "properties": { "name": "SGR Naivasha–Kisumu", "phase": "other" }, "geometry": { "type": "LineString", "coordinates": [ [ 36.2148147, -1.1012098 ], [ 36.2145214, -1.1017155 ], [ 36.2142992, -1.1021665 ], [ 36.2140882, -1.1026921 ], [ 36.2138798, -1.1032111 ], [ 36.2136096, -1.1039903 ], [ 36.2133399, -1.1049019 ] ] } },
{ "type": "Feature", "properties": { "name": "SGR Naivasha–Kisumu", "phase": "other" }, "geometry": { "type": "LineString", "coordinates": [ [ 36.2133399, -1.1049019 ], [ 36.2121682, -1.1089452 ], [ 36.2118755, -1.1099873 ], [ 36.2117088, -1.1105083 ], [ 36.2115422, -1.1109483 ], [ 36.2112864, -1.1115319 ], [ 36.2109089, -1.112271 ], [ 36.2104322, -1.1131113 ], [ 36.2100182, -1.1137882 ], [ 36.2095906, -1.1144178 ], [ 36.2091229, -1.1149863 ], [ 36.2085875, -1.1155548 ], [ 36.2076392, -1.1164511 ], [ 36.2067384, -1.1172172 ], [ 36.2060582, -1.1176935 ], [ 36.2053847, -1.118109 ], [ 36.2039937, -1.1188686 ], [ 36.2013344, -1.120313 ], [ 36.1992832, -1.1214323 ], [ 36.1977492, -1.12227 ], [ 36.1964956, -1.1229133 ], [ 36.1959854, -1.123185 ] ] } },
{ "type": "Feature", "properties": { "name": "", "phase": "other" }, "geometry": { "type": "LineString", "coordinates": [ [ 36.3159889, -1.0458054 ], [ 36.3157395, -1.0458546 ], [ 36.3155582, -1.0458837 ], [ 36.3153693, -1.0459015 ], [ 36.3152044, -1.0459136 ], [ 36.3150522, -1.0459196 ], [ 36.3148839, -1.0459149 ], [ 36.3146625, -1.0458962 ], [ 36.3144144, -1.0458613 ], [ 36.3141757, -1.045813 ], [ 36.3139906, -1.045762 ], [ 36.3137479, -1.0456762 ], [ 36.3135488, -1.0455984 ], [ 36.3133956, -1.0455569 ], [ 36.3131726, -1.0454992 ], [ 36.3129795, -1.045463 ], [ 36.3127863, -1.0454376 ], [ 36.3125932, -1.0454295 ], [ 36.3124028, -1.0454282 ], [ 36.3121936, -1.0454376 ], [ 36.3120287, -1.0454529 ], [ 36.3119042, -1.0454667 ], [ 36.3117916, -1.0454856 ], [ 36.3115363, -1.0455541 ], [ 36.3113557, -1.0456071 ], [ 36.3111969, -1.0456545 ], [ 36.3111039, -1.0456781 ], [ 36.3109586, -1.0457136 ], [ 36.3108336, -1.0457322 ], [ 36.3107068, -1.0457524 ], [ 36.3105429, -1.0457964 ], [ 36.3064032, -1.0470482 ], [ 36.3062799, -1.0470921 ], [ 36.306143, -1.0471445 ], [ 36.3060163, -1.0472003 ], [ 36.3058929, -1.0472442 ], [ 36.3057814, -1.0472712 ], [ 36.305675, -1.0472999 ], [ 36.3055127, -1.0473557 ], [ 36.3053218, -1.0474334 ], [ 36.3051309, -1.0475196 ], [ 36.3049129, -1.0476395 ], [ 36.3047575, -1.0477409 ], [ 36.3045057, -1.0479098 ], [ 36.3042201, -1.0480906 ], [ 36.3039413, -1.0482747 ], [ 36.3035899, -1.0485079 ], [ 36.3034142, -1.048621 ], [ 36.3032739, -1.0486988 ], [ 36.3031455, -1.048763 ], [ 36.3029056, -1.0488593 ], [ 36.3026842, -1.0489353 ], [ 36.3024815, -1.0489876 ], [ 36.3023108, -1.0490265 ], [ 36.3021215, -1.0490569 ], [ 36.3019103, -1.049089 ], [ 36.3015758, -1.0491363 ] ] } },
{ "type": "Feature", "properties": { "name": "SGR Nairobi Naivasha", "phase": "Nairobi-Naivasha" }, "geometry": { "type": "LineString", "coordinates": [ [ 36.4781355, -1.0463739 ], [ 36.4768165, -1.0462851 ] ] } },
{ "type": "Feature", "properties": { "name": "SGR Nairobi Naivasha", "phase": "Nairobi-Naivasha" }, "geometry": { "type": "LineString", "coordinates": [ [ 36.4993866, -1.0477148 ], [ 36.4984835, -1.0476782 ], [ 36.4820369, -1.0466218 ] ] } },
{ "type": "Feature", "properties": { "name": "SGR Nairobi Naivasha", "phase": "Nairobi-Naivasha" }, "geometry": { "type": "LineString", "coordinates": [ [ 36.5581363, -1.1768968 ], [ 36.5580322, -1.1764559 ], [ 36.5579239, -1.1760586 ], [ 36.557764, -1.1755583 ], [ 36.5575667, -1.1750475 ] ] } },
{ "type": "Feature", "properties": { "name": "SGR Nairobi Naivasha", "phase": "Nairobi-Naivasha" }, "geometry": { "type": "LineString", "coordinates": [ [ 36.5575667, -1.1750475 ], [ 36.5567888, -1.1727803 ], [ 36.5565753, -1.1718927 ], [ 36.5564819, -1.1710436 ], [ 36.5564618, -1.1703413 ], [ 36.556447, -1.1694738 ], [ 36.5565662, -1.1664961 ], [ 36.5565507, -1.1659101 ], [ 36.5565234, -1.1654415 ], [ 36.5564819, -1.1649957 ], [ 36.5564119, -1.164446 ], [ 36.55633, -1.1639854 ], [ 36.5562497, -1.1635942 ] ] } },
{ "type": "Feature", "properties": { "name": "SGR Nairobi Naivasha", "phase": "Nairobi-Naivasha" }, "geometry": { "type": "LineString", "coordinates": [ [ 36.5562497, -1.1635942 ], [ 36.5560539, -1.1628211 ], [ 36.555892, -1.1623266 ], [ 36.5556925, -1.1618613 ], [ 36.5554989, -1.1614825 ] ] } },
{ "type": "Feature", "properties": { "name": "SGR Nairobi Naivasha", "phase": "Nairobi-Naivasha" }, "geometry": { "type": "LineString", "coordinates": [ [ 36.5554989, -1.1614825 ], [ 36.5541965, -1.1592247 ], [ 36.5538593, -1.1586133 ], [ 36.5535703, -1.1579945 ], [ 36.5532246, -1.1571621 ], [ 36.5529125, -1.1560419 ], [ 36.5527089, -1.1548252 ], [ 36.552632, -1.1539546 ], [ 36.5526176, -1.1534277 ], [ 36.5526274, -1.1529627 ], [ 36.552694, -1.1523326 ], [ 36.5537839, -1.1459484 ] ] } },
{ "type": "Feature", "properties": { "name": "SGR Nairobi Naivasha", "phase": "Nairobi-Naivasha" }, "geometry": { "type": "LineString", "coordinates": [ [ 36.5537839, -1.1459484 ], [ 36.5539951, -1.1446973 ], [ 36.554037, -1.1443892 ] ] } },
{ "type": "Feature", "properties": { "name": "SGR Nairobi Naivasha", "phase": "Nairobi-Naivasha" }, "geometry": { "type": "LineString", "coordinates": [ [ 36.554037, -1.1443892 ], [ 36.5540789, -1.1439182 ], [ 36.5540999, -1.1435467 ], [ 36.5541094, -1.1431176 ], [ 36.5541011, -1.1427504 ], [ 36.5540717, -1.1423385 ], [ 36.5540376, -1.141935 ], [ 36.5539771, -1.1415024 ], [ 36.5538844, -1.1410378 ], [ 36.5537835, -1.1405737 ], [ 36.5536584, -1.1401042 ], [ 36.553145, -1.138333 ] ] } },
{ "type": "Feature", "properties": { "name": "SGR Nairobi Naivasha", "phase": "Nairobi-Naivasha" }, "geometry": { "type": "LineString", "coordinates": [ [ 36.553145, -1.138333 ], [ 36.552848, -1.1373061 ] ] } },
{ "type": "Feature", "properties": { "name": "SGR Nairobi Naivasha", "phase": "Nairobi-Naivasha" }, "geometry": { "type": "LineString", "coordinates": [ [ 36.552848, -1.1373061 ], [ 36.5520381, -1.1345933 ], [ 36.5515833, -1.1333247 ], [ 36.5512139, -1.1325845 ], [ 36.5502277, -1.1309203 ], [ 36.5496309, -1.1299096 ], [ 36.5493528, -1.1292385 ], [ 36.5491066, -1.1285902 ], [ 36.5489276, -1.1281007 ], [ 36.548737, -1.127453 ], [ 36.5485886, -1.1267343 ], [ 36.5464581, -1.1166095 ], [ 36.5462125, -1.115405 ], [ 36.546116, -1.114725 ], [ 36.5460464, -1.1139264 ], [ 36.5460476, -1.1132841 ], [ 36.5460653, -1.1125957 ], [ 36.5461051, -1.1120079 ], [ 36.5462025, -1.1110187 ], [ 36.5463587, -1.1101503 ], [ 36.5466392, -1.10911 ], [ 36.5517391, -1.0949975 ], [ 36.5520069, -1.0942025 ], [ 36.5522568, -1.0933053 ], [ 36.5524072, -1.092573 ], [ 36.5525295, -1.0919642 ], [ 36.5526246, -1.0910543 ], [ 36.5526748, -1.0901108 ], [ 36.55266, -1.0892248 ], [ 36.5525778, -1.0882826 ], [ 36.5524612, -1.0873891 ], [ 36.5523057, -1.0866912 ], [ 36.5520854, -1.0857689 ], [ 36.5518426, -1.0849869 ] ] } },
{ "type": "Feature", "properties": { "name": "SGR Nairobi Naivasha", "phase": "Nairobi-Naivasha" }, "geometry": { "type": "LineString", "coordinates": [ [ 36.5508617, -1.0823193 ], [ 36.5480423, -1.0747667 ] ] } },
{ "type": "Feature", "properties": { "name": "SGR Nairobi Naivasha", "phase": "Nairobi-Naivasha" }, "geometry": { "type": "LineString", "coordinates": [ [ 36.5518426, -1.0849869 ], [ 36.5508617, -1.0823193 ] ] } },
{ "type": "Feature", "properties": { "name": "SGR Nairobi Naivasha", "phase": "Nairobi-Naivasha" }, "geometry": { "type": "LineString", "coordinates": [ [ 36.5480423, -1.0747667 ], [ 36.546968, -1.0718418 ] ] } },
{ "type": "Feature", "properties": { "name": "SGR Nairobi Naivasha", "phase": "Nairobi-Naivasha" }, "geometry": { "type": "LineString", "coordinates": [ [ 36.546968, -1.0718418 ], [ 36.5467965, -1.0714295 ], [ 36.5462622, -1.0703702 ], [ 36.545815, -1.0696327 ], [ 36.54523, -1.0687775 ], [ 36.5447337, -1.0681447 ], [ 36.5442739, -1.0676141 ], [ 36.5436806, -1.0669967 ], [ 36.5430553, -1.066434 ], [ 36.5419663, -1.0654613 ] ] } },
{ "type": "Feature", "properties": { "name": "SGR Nairobi Naivasha", "phase": "Nairobi-Naivasha" }, "geometry": { "type": "LineString", "coordinates": [ [ 36.5419663, -1.0654613 ], [ 36.5411669, -1.0647535 ] ] } },
{ "type": "Feature", "properties": { "name": "", "phase": "other" }, "geometry": { "type": "LineString", "coordinates": [ [ 36.5392855, -1.0630755 ], [ 36.5387329, -1.0625016 ], [ 36.5363354, -1.0603726 ], [ 36.532765, -1.0571622 ], [ 36.5319429, -1.0564287 ], [ 36.5312925, -1.0558374 ], [ 36.5305411, -1.0551857 ] ] } },
{ "type": "Feature", "properties": { "name": "SGR Nairobi Naivasha", "phase": "Nairobi-Naivasha" }, "geometry": { "type": "LineString", "coordinates": [ [ 36.528068, -1.0531374 ], [ 36.5273697, -1.0526718 ] ] } },
{ "type": "Feature", "properties": { "name": "SGR Nairobi Naivasha", "phase": "Nairobi-Naivasha" }, "geometry": { "type": "LineString", "coordinates": [ [ 36.5273697, -1.0526718 ], [ 36.5254038, -1.0514984 ], [ 36.5245738, -1.0509964 ], [ 36.5233874, -1.0503259 ], [ 36.5217779, -1.0496735 ], [ 36.5204877, -1.0492681 ], [ 36.5194788, -1.0490606 ], [ 36.5185727, -1.0489183 ], [ 36.5101524, -1.0483823 ] ] } },
{ "type": "Feature", "properties": { "name": "SGR Nairobi Naivasha", "phase": "Nairobi-Naivasha" }, "geometry": { "type": "LineString", "coordinates": [ [ 36.5101524, -1.0483823 ], [ 36.5091674, -1.0483271 ] ] } },
{ "type": "Feature", "properties": { "name": "SGR Nairobi Naivasha", "phase": "Nairobi-Naivasha" }, "geometry": { "type": "LineString", "coordinates": [ [ 36.5091674, -1.0483271 ], [ 36.4996482, -1.0477315 ] ] } },
{ "type": "Feature", "properties": { "name": "SGR Nairobi Naivasha", "phase": "Nairobi-Naivasha" }, "geometry": { "type": "LineString", "coordinates": [ [ 36.4526779, -1.0447288 ], [ 36.4517161, -1.0446619 ] ] } },
{ "type": "Feature", "properties": { "name": "SGR Nairobi Naivasha", "phase": "Nairobi-Naivasha" }, "geometry": { "type": "LineString", "coordinates": [ [ 36.4517161, -1.0446619 ], [ 36.396143, -1.0411404 ], [ 36.3882935, -1.0406826 ], [ 36.3871837, -1.04057 ], [ 36.3862658, -1.0404404 ], [ 36.3852309, -1.040218 ], [ 36.3841678, -1.0399311 ], [ 36.3832533, -1.0396054 ], [ 36.3823523, -1.0391898 ], [ 36.3777074, -1.0365428 ] ] } },
{ "type": "Feature", "properties": { "name": "SGR Nairobi Naivasha", "phase": "Nairobi-Naivasha" }, "geometry": { "type": "LineString", "coordinates": [ [ 36.3425816, -1.0379446 ], [ 36.3410359, -1.0383991 ] ] } },
{ "type": "Feature", "properties": { "name": "SGR Nairobi Naivasha", "phase": "Nairobi-Naivasha" }, "geometry": { "type": "LineString", "coordinates": [ [ 36.3410359, -1.0383991 ], [ 36.3330058, -1.0407692 ] ] } },
{ "type": "Feature", "properties": { "name": "SGR Nairobi Naivasha", "phase": "Nairobi-Naivasha" }, "geometry": { "type": "LineString", "coordinates": [ [ 36.3330058, -1.0407692 ], [ 36.3326434, -1.0408772 ] ] } },
{ "type": "Feature", "properties": { "name": "SGR Nairobi Naivasha", "phase": "Nairobi-Naivasha" }, "geometry": { "type": "LineString", "coordinates": [ [ 36.3326434, -1.0408772 ], [ 36.3290638, -1.0419435 ] ] } },
{ "type": "Feature", "properties": { "name": "SGR Naivasha–Kisumu", "phase": "other" }, "geometry": { "type": "LineString", "coordinates": [ [ 36.2842266, -1.0508623 ], [ 36.282538, -1.0509867 ] ] } },
{ "type": "Feature", "properties": { "name": "SGR Naivasha–Kisumu", "phase": "other" }, "geometry": { "type": "LineString", "coordinates": [ [ 36.282538, -1.0509867 ], [ 36.2742448, -1.051624 ] ] } },
{ "type": "Feature", "properties": { "name": "", "phase": "other" }, "geometry": { "type": "LineString", "coordinates": [ [ 36.3246144, -1.043287 ], [ 36.3241727, -1.0433613 ], [ 36.3207748, -1.0443627 ], [ 36.317011, -1.0455079 ], [ 36.3161203, -1.0457661 ], [ 36.3159889, -1.0458054 ], [ 36.3158333, -1.0458519 ], [ 36.3155463, -1.0459458 ], [ 36.3153452, -1.0460209 ], [ 36.315034, -1.0461442 ] ] } },
{ "type": "Feature", "properties": { "name": "", "phase": "other" }, "geometry": { "type": "LineString", "coordinates": [ [ 36.3109586, -1.0457136 ], [ 36.3107607, -1.0457731 ], [ 36.3063456, -1.0471013 ], [ 36.3060163, -1.0472003 ] ] } },
{ "type": "Feature", "properties": { "name": "", "phase": "other" }, "geometry": { "type": "LineString", "coordinates": [ [ 36.3107607, -1.0457731 ], [ 36.3106324, -1.0458276 ], [ 36.3105023, -1.0458884 ], [ 36.3102522, -1.0459999 ], [ 36.3100832, -1.0460691 ], [ 36.3099007, -1.04613 ], [ 36.3072074, -1.0469409 ], [ 36.3071229, -1.0469628 ], [ 36.3070164, -1.0469865 ], [ 36.3068694, -1.0470118 ], [ 36.3067022, -1.0470389 ], [ 36.306567, -1.0470591 ], [ 36.3063456, -1.0471013 ] ] } },
{ "type": "Feature", "properties": { "name": "", "phase": "other" }, "geometry": { "type": "LineString", "coordinates": [ [ 36.3107068, -1.0457524 ], [ 36.3129696, -1.0450767 ], [ 36.3156372, -1.0442801 ] ] } },
{ "type": "Feature", "properties": { "name": "", "phase": "other" }, "geometry": { "type": "LineString", "coordinates": [ [ 36.3155916, -1.044177 ], [ 36.314375, -1.0445385 ], [ 36.3141435, -1.0446112 ], [ 36.3139222, -1.0446872 ], [ 36.3136485, -1.0447886 ], [ 36.3133392, -1.0449136 ], [ 36.3129696, -1.0450767 ] ] } },
{ "type": "Feature", "properties": { "name": "", "phase": "other" }, "geometry": { "type": "LineString", "coordinates": [ [ 36.3045057, -1.0479098 ], [ 36.3047414, -1.0477216 ], [ 36.3049828, -1.0475125 ], [ 36.3052672, -1.0472684 ], [ 36.3056105, -1.0469681 ], [ 36.3058385, -1.0467884 ], [ 36.3060235, -1.046665 ], [ 36.3062676, -1.0465256 ], [ 36.3065278, -1.0464103 ], [ 36.3067907, -1.0463164 ], [ 36.3150286, -1.0438635 ] ] } },
{ "type": "Feature", "properties": { "name": "", "phase": "other" }, "geometry": { "type": "LineString", "coordinates": [ [ 36.3140863, -1.0434603 ], [ 36.3078877, -1.0452973 ], [ 36.3075846, -1.0453965 ], [ 36.3073298, -1.0454877 ], [ 36.3071098, -1.045587 ], [ 36.3069167, -1.0456835 ], [ 36.3066619, -1.0458444 ], [ 36.3063937, -1.0460509 ], [ 36.3059914, -1.0464237 ], [ 36.3051143, -1.0473408 ], [ 36.3047414, -1.0477216 ] ] } },
{ "type": "Feature", "properties": { "name": "", "phase": "other" }, "geometry": { "type": "LineString", "coordinates": [ [ 36.3059914, -1.0464237 ], [ 36.306332, -1.0460643 ], [ 36.3064795, -1.0459275 ], [ 36.3066163, -1.0458042 ], [ 36.3067665, -1.0456808 ], [ 36.3069409, -1.0455494 ], [ 36.3071125, -1.0454395 ], [ 36.3073056, -1.0453349 ], [ 36.3075283, -1.0452303 ], [ 36.3077348, -1.0451552 ], [ 36.3133594, -1.0434684 ] ] } },
{ "type": "Feature", "properties": { "name": "SGR Naivasha–Kisumu", "phase": "other" }, "geometry": { "type": "LineString", "coordinates": [ [ 36.2981366, -1.0498162 ], [ 36.2982945, -1.0498079 ] ] } },
{ "type": "Feature", "properties": { "name": "SGR Naivasha–Kisumu", "phase": "other" }, "geometry": { "type": "LineString", "coordinates": [ [ 36.2948094, -1.050072 ], [ 36.2981366, -1.0498162 ] ] } },
{ "type": "Feature", "properties": { "name": "SGR Naivasha–Kisumu", "phase": "other" }, "geometry": { "type": "LineString", "coordinates": [ [ 36.2947091, -1.0500765 ], [ 36.2948094, -1.050072 ] ] } },
{ "type": "Feature", "properties": { "name": "SGR Nairobi Naivasha", "phase": "Nairobi-Naivasha" }, "geometry": { "type": "LineString", "coordinates": [ [ 36.315034, -1.0461442 ], [ 36.3152485, -1.04608 ], [ 36.3204398, -1.0445256 ], [ 36.3246144, -1.043287 ], [ 36.3249633, -1.0431958 ], [ 36.3251287, -1.0431526 ], [ 36.3287353, -1.0420417 ] ] } },
{ "type": "Feature", "properties": { "name": "SGR Naivasha–Kisumu", "phase": "other" }, "geometry": { "type": "LineString", "coordinates": [ [ 36.2912513, -1.0503379 ], [ 36.2947091, -1.0500765 ] ] } },
{ "type": "Feature", "properties": { "name": "SGR Naivasha–Kisumu", "phase": "other" }, "geometry": { "type": "LineString", "coordinates": [ [ 36.2910619, -1.050352 ], [ 36.2912513, -1.0503379 ] ] } },
{ "type": "Feature", "properties": { "name": "SGR Naivasha–Kisumu", "phase": "other" }, "geometry": { "type": "LineString", "coordinates": [ [ 36.2740493, -1.0516418 ], [ 36.2705653, -1.0519184 ], [ 36.270023, -1.0519745 ], [ 36.2695619, -1.0520476 ], [ 36.2690856, -1.0521396 ], [ 36.2686201, -1.0522375 ], [ 36.2679789, -1.0523996 ], [ 36.2674534, -1.0525617 ], [ 36.2669708, -1.0527251 ], [ 36.266441, -1.0529425 ], [ 36.2662973, -1.0530062 ] ] } },
{ "type": "Feature", "properties": { "name": "SGR Naivasha–Kisumu", "phase": "other" }, "geometry": { "type": "LineString", "coordinates": [ [ 36.2742448, -1.051624 ], [ 36.2740493, -1.0516418 ] ] } },
{ "type": "Feature", "properties": { "name": "SGR Naivasha–Kisumu", "phase": "other" }, "geometry": { "type": "LineString", "coordinates": [ [ 36.2662973, -1.0530062 ], [ 36.2661537, -1.0530698 ] ] } },
{ "type": "Feature", "properties": { "name": "SGR Naivasha–Kisumu", "phase": "other" }, "geometry": { "type": "LineString", "coordinates": [ [ 36.2354003, -1.0895111 ], [ 36.222433, -1.0946031 ], [ 36.221912, -1.0948193 ], [ 36.2216917, -1.094914 ], [ 36.2213158, -1.0950784 ], [ 36.2209749, -1.0952576 ], [ 36.2205236, -1.0954936 ], [ 36.2203356, -1.0955954 ], [ 36.2201234, -1.095708 ], [ 36.2197585, -1.0959233 ], [ 36.2191898, -1.0962942 ], [ 36.2185672, -1.096747 ], [ 36.2183898, -1.096876 ], [ 36.2180287, -1.0971593 ], [ 36.2176282, -1.0975176 ], [ 36.2172641, -1.097884 ], [ 36.216968, -1.0981994 ], [ 36.2165877, -1.0986353 ], [ 36.2163081, -1.0989768 ], [ 36.2160626, -1.09928 ], [ 36.2154695, -1.1001599 ], [ 36.2148147, -1.1012098 ] ] } },
{ "type": "Feature", "properties": { "name": "SGR Naivasha–Kisumu", "phase": "other" }, "geometry": { "type": "LineString", "coordinates": [ [ 36.2356064, -1.0894291 ], [ 36.2354003, -1.0895111 ] ] } },
{ "type": "Feature", "properties": { "name": "", "phase": "other" }, "geometry": { "type": "LineString", "coordinates": [ [ 36.9047275, -1.3631856 ], [ 36.904583, -1.3630239 ] ] } },
{ "type": "Feature", "properties": { "name": "", "phase": "other" }, "geometry": { "type": "LineString", "coordinates": [ [ 36.9074347, -1.3694881 ], [ 36.9061833, -1.3655215 ], [ 36.9061228, -1.3653476 ], [ 36.906057, -1.3651754 ], [ 36.905985, -1.3649993 ], [ 36.9059024, -1.3648194 ], [ 36.9058129, -1.3646444 ], [ 36.905714, -1.3644635 ], [ 36.9056116, -1.3642961 ], [ 36.9055019, -1.3641204 ], [ 36.9053866, -1.3639593 ], [ 36.9052487, -1.3637764 ], [ 36.9050988, -1.3635992 ], [ 36.9047275, -1.3631856 ] ] } },
{ "type": "Feature", "properties": { "name": "", "phase": "other" }, "geometry": { "type": "LineString", "coordinates": [ [ 36.497521, -1.0475451 ], [ 36.4978319, -1.0475696 ], [ 36.4983711, -1.047595 ] ] } },
{ "type": "Feature", "properties": { "name": "", "phase": "other" }, "geometry": { "type": "LineString", "coordinates": [ [ 36.479831, -1.0458046 ], [ 36.4804323, -1.0457694 ], [ 36.4808462, -1.04576 ], [ 36.4835326, -1.0459279 ], [ 36.4885924, -1.0462293 ], [ 36.4890191, -1.0463061 ], [ 36.4897329, -1.0464177 ] ] } },
{ "type": "Feature", "properties": { "name": "SGR Nairobi Naivasha", "phase": "Nairobi-Naivasha" }, "geometry": { "type": "LineString", "coordinates": [ [ 36.5312925, -1.0558374 ], [ 36.5316935, -1.0561659 ], [ 36.5318764, -1.0562963 ] ] } },
{ "type": "Feature", "properties": { "name": "SGR Nairobi Naivasha", "phase": "Nairobi-Naivasha" }, "geometry": { "type": "LineString", "coordinates": [ [ 36.5318764, -1.0562963 ], [ 36.5320234, -1.0563671 ], [ 36.5322487, -1.0564716 ], [ 36.5324056, -1.056528 ], [ 36.5325773, -1.0565789 ], [ 36.5328334, -1.0566379 ], [ 36.5330265, -1.0566848 ], [ 36.5332344, -1.0567479 ], [ 36.5334257, -1.0568403 ], [ 36.5335026, -1.0568659 ], [ 36.5337615, -1.0570187 ], [ 36.533972, -1.0571689 ], [ 36.5344924, -1.0576315 ] ] } },
{ "type": "Feature", "properties": { "name": "SGR Nairobi Naivasha", "phase": "Nairobi-Naivasha" }, "geometry": { "type": "LineString", "coordinates": [ [ 36.5318764, -1.0562963 ], [ 36.5320301, -1.0564059 ], [ 36.5322393, -1.056536 ], [ 36.532411, -1.0566218 ], [ 36.5326926, -1.0567331 ], [ 36.5328549, -1.0568069 ], [ 36.5331124, -1.056953 ], [ 36.5333028, -1.0570898 ], [ 36.5334812, -1.05724 ], [ 36.5335419, -1.0572943 ], [ 36.5347901, -1.0584227 ] ] } },
{ "type": "Feature", "properties": { "name": "", "phase": "other" }, "geometry": { "type": "LineString", "coordinates": [ [ 36.5319147, -1.0564636 ], [ 36.532242, -1.0568136 ], [ 36.5325503, -1.0570995 ], [ 36.5390897, -1.0629682 ], [ 36.5392882, -1.0631264 ], [ 36.5396817, -1.0634279 ] ] } },
{ "type": "Feature", "properties": { "name": "SGR Nairobi Naivasha", "phase": "Nairobi-Naivasha" }, "geometry": { "type": "LineString", "coordinates": [ [ 36.5392855, -1.0630755 ], [ 36.5390855, -1.0628961 ], [ 36.5319147, -1.0564636 ], [ 36.5310216, -1.0556524 ], [ 36.5305411, -1.0551857 ] ] } },
{ "type": "Feature", "properties": { "name": "Nairobi-Naivasha Standard Gauge Railway", "phase": "Nairobi-Naivasha" }, "geometry": { "type": "LineString", "coordinates": [ [ 36.6711486, -1.3379256 ], [ 36.6693241, -1.337348 ] ] } },
{ "type": "Feature", "properties": { "name": "Nairobi-Naivasha Standard Gauge Railway", "phase": "Nairobi-Naivasha" }, "geometry": { "type": "LineString", "coordinates": [ [ 36.6769758, -1.343254 ], [ 36.6763181, -1.3420463 ] ] } },
{ "type": "Feature", "properties": { "name": "Nairobi-Naivasha Standard Gauge Railway", "phase": "Nairobi-Naivasha" }, "geometry": { "type": "LineString", "coordinates": [ [ 36.8180079, -1.4012293 ], [ 36.8177864, -1.4013006 ], [ 36.8175158, -1.4013936 ], [ 36.8172647, -1.4014883 ] ] } },
{ "type": "Feature", "properties": { "name": "SGR Naivasha–Kisumu", "phase": "other" }, "geometry": { "type": "LineString", "coordinates": [ [ 36.2661537, -1.0530698 ], [ 36.2659262, -1.0531705 ], [ 36.2654858, -1.0533849 ], [ 36.2649564, -1.0536651 ], [ 36.264525, -1.0539047 ], [ 36.2642153, -1.0540869 ], [ 36.2552583, -1.0594375 ], [ 36.2543305, -1.0599821 ], [ 36.2539127, -1.0602225 ], [ 36.2534036, -1.0605304 ], [ 36.2527496, -1.0609728 ], [ 36.2521836, -1.0613948 ], [ 36.2515776, -1.0618991 ], [ 36.2510131, -1.0624033 ], [ 36.2500478, -1.0634499 ], [ 36.2493103, -1.0643922 ], [ 36.2486009, -1.0655189 ], [ 36.2482649, -1.0661305 ], [ 36.2479672, -1.0667847 ], [ 36.2475627, -1.0677811 ], [ 36.2473306, -1.0684395 ], [ 36.2471526, -1.0690472 ], [ 36.243488, -1.0814911 ], [ 36.2432764, -1.0821265 ], [ 36.24313, -1.0825388 ], [ 36.2429938, -1.0828902 ], [ 36.242775, -1.0834651 ], [ 36.2425965, -1.0838082 ], [ 36.242418, -1.0841513 ], [ 36.242114, -1.0846692 ], [ 36.2417504, -1.0852212 ], [ 36.2413768, -1.0856978 ], [ 36.2409522, -1.0861915 ], [ 36.2405365, -1.0865816 ], [ 36.2401753, -1.0869128 ], [ 36.2398734, -1.0871615 ], [ 36.2394735, -1.087491 ], [ 36.239133, -1.0877324 ], [ 36.2387797, -1.0879611 ], [ 36.2383621, -1.0882086 ], [ 36.2380025, -1.0884075 ], [ 36.2375758, -1.0886176 ], [ 36.2372602, -1.0887609 ], [ 36.2366807, -1.088998 ], [ 36.2362322, -1.0891861 ], [ 36.2356064, -1.0894291 ] ] } },
{ "type": "Feature", "properties": { "name": "SGR Naivasha–Kisumu", "phase": "other" }, "geometry": { "type": "LineString", "coordinates": [ [ 36.2982945, -1.0498079 ], [ 36.299245, -1.049731 ], [ 36.3007165, -1.0496277 ], [ 36.3012841, -1.0495781 ], [ 36.3022721, -1.0494971 ], [ 36.3026185, -1.0494671 ], [ 36.3029556, -1.0494348 ], [ 36.3034215, -1.0493812 ], [ 36.3037952, -1.0493275 ], [ 36.3041566, -1.049263 ], [ 36.3046325, -1.0491715 ], [ 36.3050103, -1.0490905 ], [ 36.3053233, -1.0490117 ], [ 36.3058743, -1.0488701 ], [ 36.3066008, -1.0486513 ], [ 36.315034, -1.0461442 ] ] } },
{ "type": "Feature", "properties": { "name": "Nairobi-Naivasha Standard Gauge Railway", "phase": "Nairobi-Naivasha" }, "geometry": { "type": "LineString", "coordinates": [ [ 36.8172647, -1.4014883 ], [ 36.81691, -1.4016364 ], [ 36.8165125, -1.4018235 ], [ 36.8160934, -1.4020327 ], [ 36.8157222, -1.4022401 ] ] } },
{ "type": "Feature", "properties": { "name": "", "phase": "other" }, "geometry": { "type": "LineString", "coordinates": [ [ 36.8950647, -1.3523863 ], [ 36.8953229, -1.352733 ], [ 36.8955152, -1.3529689 ], [ 36.9012009, -1.359279 ], [ 36.9013791, -1.359466 ] ] } },
{ "type": "Feature", "properties": { "name": "", "phase": "other" }, "geometry": { "type": "LineString", "coordinates": [ [ 36.8765917, -1.3323181 ], [ 36.8771025, -1.3328771 ], [ 36.8772923, -1.3330827 ], [ 36.8796181, -1.3356679 ], [ 36.8832107, -1.339661 ], [ 36.8833352, -1.3397907 ], [ 36.8834385, -1.3398877 ], [ 36.8835373, -1.3399714 ], [ 36.8837455, -1.3401294 ], [ 36.8841914, -1.3404118 ], [ 36.8842813, -1.340459 ], [ 36.8844967, -1.3405599 ], [ 36.8847314, -1.3406698 ], [ 36.8849102, -1.3407722 ], [ 36.8849486, -1.3407942 ], [ 36.8851329, -1.3409174 ], [ 36.885292, -1.3410403 ], [ 36.8854307, -1.3411691 ], [ 36.8855654, -1.3413087 ], [ 36.8867956, -1.342684 ], [ 36.8871808, -1.3431421 ], [ 36.8876806, -1.3437922 ], [ 36.8884929, -1.3448528 ], [ 36.8887024, -1.3451105 ], [ 36.8890061, -1.3454575 ], [ 36.8895537, -1.3460614 ], [ 36.8907154, -1.3473525 ], [ 36.8921508, -1.3489477 ], [ 36.8931283, -1.350034 ], [ 36.8949302, -1.3520365 ] ] } },
{ "type": "Feature", "properties": { "name": "", "phase": "other" }, "geometry": { "type": "LineString", "coordinates": [ [ 36.8776957, -1.3334549 ], [ 36.8779355, -1.3337053 ], [ 36.8796648, -1.3356272 ], [ 36.8832385, -1.3395988 ], [ 36.8833894, -1.3397524 ], [ 36.8835143, -1.339865 ], [ 36.8835907, -1.3399238 ], [ 36.8836284, -1.3399557 ], [ 36.8840052, -1.3402284 ] ] } },
{ "type": "Feature", "properties": { "name": "", "phase": "other" }, "geometry": { "type": "LineString", "coordinates": [ [ 36.8771025, -1.3328771 ], [ 36.8774467, -1.3333461 ], [ 36.8795718, -1.3357082 ], [ 36.8831592, -1.3396956 ], [ 36.883283, -1.3398196 ], [ 36.8833933, -1.3399178 ], [ 36.883501, -1.3400037 ], [ 36.8836449, -1.3400998 ], [ 36.8837922, -1.3401918 ], [ 36.8839832, -1.3403006 ], [ 36.8841914, -1.3404118 ] ] } },
{ "type": "Feature", "properties": { "name": "", "phase": "other" }, "geometry": { "type": "LineString", "coordinates": [ [ 36.9032542, -1.3614127 ], [ 36.9027735, -1.3608057 ] ] } },
{ "type": "Feature", "properties": { "name": "", "phase": "other" }, "geometry": { "type": "LineString", "coordinates": [ [ 36.9026509, -1.3606703 ], [ 36.9021271, -1.3601639 ] ] } },
{ "type": "Feature", "properties": { "name": "", "phase": "other" }, "geometry": { "type": "LineString", "coordinates": [ [ 36.8884179, -1.3451115 ], [ 36.8886489, -1.3453046 ], [ 36.8887772, -1.3454272 ], [ 36.8889015, -1.3455557 ] ] } },
{ "type": "Feature", "properties": { "name": "", "phase": "other" }, "geometry": { "type": "LineString", "coordinates": [ [ 36.8940037, -1.3511374 ], [ 36.8944043, -1.3516543 ] ] } },
{ "type": "Feature", "properties": { "name": "Mombasa-Nairobi Standard Gauge Railway", "phase": "Mombasa-Nairobi" }, "geometry": { "type": "LineString", "coordinates": [ [ 36.8943718, -1.3514839 ], [ 36.8949302, -1.3520365 ] ] } },
{ "type": "Feature", "properties": { "name": "", "phase": "other" }, "geometry": { "type": "LineString", "coordinates": [ [ 36.8946205, -1.3518226 ], [ 36.8949883, -1.3523016 ] ] } },
{ "type": "Feature", "properties": { "name": "", "phase": "other" }, "geometry": { "type": "LineString", "coordinates": [ [ 36.9123944, -1.3723283 ], [ 36.9125335, -1.3724591 ], [ 36.9126463, -1.3725552 ], [ 36.9127615, -1.3726421 ], [ 36.9128894, -1.3727264 ], [ 36.9130868, -1.3728398 ] ] } },
{ "type": "Feature", "properties": { "name": "", "phase": "other" }, "geometry": { "type": "LineString", "coordinates": [ [ 36.8931283, -1.350034 ], [ 36.8936228, -1.3506531 ] ] } },
{ "type": "Feature", "properties": { "name": "", "phase": "other" }, "geometry": { "type": "LineString", "coordinates": [ [ 36.9045891, -1.3628835 ], [ 36.9051477, -1.3634281 ] ] } },
{ "type": "Feature", "properties": { "name": "", "phase": "other" }, "geometry": { "type": "LineString", "coordinates": [ [ 36.894568, -1.3518357 ], [ 36.8950025, -1.3524221 ] ] } },
{ "type": "Feature", "properties": { "name": "", "phase": "other" }, "geometry": { "type": "LineString", "coordinates": [ [ 36.8939802, -1.3511844 ], [ 36.8944367, -1.3517811 ] ] } },
{ "type": "Feature", "properties": { "name": "", "phase": "other" }, "geometry": { "type": "LineString", "coordinates": [ [ 36.8910563, -1.3480191 ], [ 36.8913705, -1.3484295 ], [ 36.8914487, -1.3485214 ], [ 36.892337, -1.349518 ], [ 36.8924657, -1.3496701 ] ] } },
{ "type": "Feature", "properties": { "name": "", "phase": "other" }, "geometry": { "type": "LineString", "coordinates": [ [ 36.9119375, -1.3722545 ], [ 36.9130868, -1.3728398 ], [ 36.913409, -1.3730017 ] ] } },
{ "type": "Feature", "properties": { "name": "", "phase": "other" }, "geometry": { "type": "LineString", "coordinates": [ [ 36.9109206, -1.3713626 ], [ 36.910988, -1.3714357 ], [ 36.9112189, -1.3716922 ], [ 36.9112371, -1.3717124 ], [ 36.9113621, -1.3718381 ], [ 36.9114611, -1.3719271 ], [ 36.9115647, -1.3720117 ], [ 36.9116948, -1.3720989 ], [ 36.9119375, -1.3722545 ], [ 36.9125011, -1.3725893 ], [ 36.9133031, -1.3729934 ] ] } },
{ "type": "Feature", "properties": { "name": "", "phase": "other" }, "geometry": { "type": "LineString", "coordinates": [ [ 36.9111755, -1.3718073 ], [ 36.9116869, -1.3721795 ], [ 36.9118506, -1.3722854 ], [ 36.9120232, -1.3723813 ], [ 36.9132824, -1.3730233 ] ] } },
{ "type": "Feature", "properties": { "name": "", "phase": "other" }, "geometry": { "type": "LineString", "coordinates": [ [ 36.9059266, -1.3655938 ], [ 36.9058069, -1.3652246 ], [ 36.90571, -1.3649259 ], [ 36.905641, -1.3647341 ], [ 36.9055803, -1.3645907 ], [ 36.9055197, -1.3644635 ], [ 36.9053774, -1.3642082 ], [ 36.9051402, -1.363783 ], [ 36.9050865, -1.3636893 ], [ 36.9049605, -1.3635009 ], [ 36.9048803, -1.3633852 ], [ 36.9047275, -1.3631856 ] ] } },
{ "type": "Feature", "properties": { "name": "", "phase": "other" }, "geometry": { "type": "LineString", "coordinates": [ [ 36.8901308, -1.3467796 ], [ 36.8904859, -1.3472272 ], [ 36.8906345, -1.3474226 ], [ 36.8908346, -1.3476857 ], [ 36.8910116, -1.3478864 ], [ 36.8923834, -1.3494104 ], [ 36.8925047, -1.3495452 ], [ 36.892931, -1.3500188 ], [ 36.8939802, -1.3511844 ], [ 36.8944043, -1.3516543 ], [ 36.894568, -1.3518357 ], [ 36.8949883, -1.3523016 ], [ 36.8950647, -1.3523863 ], [ 36.9015425, -1.3595817 ], [ 36.9017256, -1.359767 ], [ 36.9020214, -1.3600449 ] ] } },
{ "type": "Feature", "properties": { "name": "", "phase": "other" }, "geometry": { "type": "LineString", "coordinates": [ [ 36.8925431, -1.3495147 ], [ 36.892931, -1.3500188 ] ] } },
{ "type": "Feature", "properties": { "name": "", "phase": "other" }, "geometry": { "type": "LineString", "coordinates": [ [ 36.8921508, -1.3489477 ], [ 36.8926547, -1.3495792 ] ] } },
{ "type": "Feature", "properties": { "name": "", "phase": "other" }, "geometry": { "type": "LineString", "coordinates": [ [ 36.8925047, -1.3495452 ], [ 36.8929658, -1.3499844 ] ] } },
{ "type": "Feature", "properties": { "name": "", "phase": "other" }, "geometry": { "type": "LineString", "coordinates": [ [ 36.8918549, -1.3489093 ], [ 36.8923834, -1.3494104 ] ] } },
{ "type": "Feature", "properties": { "name": "Nairobi-Naivasha Standard Gauge Railway", "phase": "Nairobi-Naivasha" }, "geometry": { "type": "LineString", "coordinates": [ [ 36.6908442, -1.3573427 ], [ 36.6906337, -1.3570723 ], [ 36.6903901, -1.3567913 ], [ 36.6900939, -1.3564848 ], [ 36.6897748, -1.3561701 ], [ 36.6894643, -1.355891 ], [ 36.6891295, -1.3556081 ], [ 36.6887868, -1.3553474 ], [ 36.6884716, -1.355127 ], [ 36.6881668, -1.3549317 ], [ 36.6879585, -1.3548005 ] ] } },
{ "type": "Feature", "properties": { "name": "Nairobi-Naivasha Standard Gauge Railway", "phase": "Nairobi-Naivasha" }, "geometry": { "type": "LineString", "coordinates": [ [ 36.6879585, -1.3548005 ], [ 36.6879055, -1.354767 ] ] } },
{ "type": "Feature", "properties": { "name": "Nairobi-Naivasha Standard Gauge Railway", "phase": "Nairobi-Naivasha" }, "geometry": { "type": "LineString", "coordinates": [ [ 36.7117412, -1.3804048 ], [ 36.7113617, -1.3797714 ] ] } },
{ "type": "Feature", "properties": { "name": "Nairobi-Naivasha Standard Gauge Railway", "phase": "Nairobi-Naivasha" }, "geometry": { "type": "LineString", "coordinates": [ [ 36.7118179, -1.3805328 ], [ 36.7117412, -1.3804048 ] ] } },
{ "type": "Feature", "properties": { "name": "", "phase": "other" }, "geometry": { "type": "LineString", "coordinates": [ [ 36.9892205, -1.4725757 ], [ 36.9893448, -1.472099 ], [ 36.9924067, -1.4637014 ], [ 36.9925884, -1.4633037 ] ] } },
{ "type": "Feature", "properties": { "name": "", "phase": "other" }, "geometry": { "type": "LineString", "coordinates": [ [ 36.9924067, -1.4637014 ], [ 36.9930127, -1.4620989 ], [ 36.9930762, -1.461939 ], [ 36.9932008, -1.4615932 ], [ 36.9935007, -1.4606788 ], [ 36.9938678, -1.4597488 ] ] } },
{ "type": "Feature", "properties": { "name": "", "phase": "other" }, "geometry": { "type": "LineString", "coordinates": [ [ 36.9930762, -1.461939 ], [ 36.9930198, -1.4621716 ] ] } },
{ "type": "Feature", "properties": { "name": "", "phase": "other" }, "geometry": { "type": "LineString", "coordinates": [ [ 36.7378528, -1.4132949 ], [ 36.7383094, -1.4133744 ], [ 36.7469882, -1.4137282 ], [ 36.7470719, -1.413724 ], [ 36.7475862, -1.4136981 ] ] } },
{ "type": "Feature", "properties": { "name": "", "phase": "other" }, "geometry": { "type": "LineString", "coordinates": [ [ 36.7469986, -1.4136761 ], [ 36.746532, -1.4136024 ], [ 36.7377772, -1.4132407 ], [ 36.7371999, -1.4132657 ] ] } },
{ "type": "Feature", "properties": { "name": "", "phase": "other" }, "geometry": { "type": "LineString", "coordinates": [ [ 36.746532, -1.4136024 ], [ 36.7474837, -1.413647 ] ] } },
{ "type": "Feature", "properties": { "name": "", "phase": "other" }, "geometry": { "type": "LineString", "coordinates": [ [ 36.6787012, -1.3464607 ], [ 36.6787986, -1.346756 ], [ 36.6791464, -1.3473917 ], [ 36.6795239, -1.348077 ], [ 36.6797683, -1.3484585 ], [ 36.6799889, -1.3487962 ], [ 36.6803406, -1.3492352 ], [ 36.6806208, -1.3495948 ], [ 36.6808116, -1.3498133 ], [ 36.6811037, -1.3501291 ], [ 36.6813759, -1.3504053 ], [ 36.6815567, -1.3505861 ], [ 36.6818131, -1.3508165 ], [ 36.6823456, -1.3512376 ], [ 36.6828404, -1.3515575 ], [ 36.6832159, -1.3518098 ], [ 36.6839869, -1.3522885 ], [ 36.6852567, -1.3530792 ], [ 36.6858136, -1.3534091 ] ] } },
{ "type": "Feature", "properties": { "name": "", "phase": "other" }, "geometry": { "type": "LineString", "coordinates": [ [ 36.6852085, -1.3530033 ], [ 36.6847798, -1.3526679 ], [ 36.6829318, -1.3515316 ], [ 36.682278, -1.3510767 ], [ 36.6819522, -1.3508145 ], [ 36.6816243, -1.3505384 ], [ 36.6812587, -1.3501709 ], [ 36.6809646, -1.3498689 ], [ 36.6805612, -1.3493862 ], [ 36.6802433, -1.348975 ], [ 36.6799909, -1.3485896 ], [ 36.679667, -1.3480691 ], [ 36.6792616, -1.3473698 ], [ 36.6787589, -1.3464501 ], [ 36.6784523, -1.3460107 ] ] } },
{ "type": "Feature", "properties": { "name": "", "phase": "other" }, "geometry": { "type": "LineString", "coordinates": [ [ 36.6847798, -1.3526679 ], [ 36.6855369, -1.3531586 ] ] } },
{ "type": "Feature", "properties": { "name": "SGR Nairobi Naivasha", "phase": "Nairobi-Naivasha" }, "geometry": { "type": "LineString", "coordinates": [ [ 36.3513872, -1.0353098 ], [ 36.3425816, -1.0379446 ] ] } },
{ "type": "Feature", "properties": { "name": "SGR Nairobi Naivasha", "phase": "Nairobi-Naivasha" }, "geometry": { "type": "LineString", "coordinates": [ [ 36.3514879, -1.0352751 ], [ 36.3513872, -1.0353098 ] ] } },
{ "type": "Feature", "properties": { "name": "", "phase": "other" }, "geometry": { "type": "LineString", "coordinates": [ [ 36.3248721, -1.0431579 ], [ 36.3247473, -1.043192 ], [ 36.3241727, -1.0433613 ] ] } },
{ "type": "Feature", "properties": { "name": "", "phase": "other" }, "geometry": { "type": "LineString", "coordinates": [ [ 36.3249633, -1.0431958 ], [ 36.3242359, -1.043459 ], [ 36.3157632, -1.0459773 ], [ 36.3152485, -1.04608 ] ] } },
{ "type": "Feature", "properties": { "name": "SGR Nairobi Naivasha", "phase": "Nairobi-Naivasha" }, "geometry": { "type": "LineString", "coordinates": [ [ 36.4819818, -1.0466178 ], [ 36.4781355, -1.0463739 ] ] } },
{ "type": "Feature", "properties": { "name": "SGR Nairobi Naivasha", "phase": "Nairobi-Naivasha" }, "geometry": { "type": "LineString", "coordinates": [ [ 36.4820369, -1.0466218 ], [ 36.4819818, -1.0466178 ] ] } },
{ "type": "Feature", "properties": { "name": "SGR Nairobi Naivasha", "phase": "Nairobi-Naivasha" }, "geometry": { "type": "LineString", "coordinates": [ [ 36.5411669, -1.0647535 ], [ 36.5396817, -1.0634279 ], [ 36.5392855, -1.0630755 ] ] } },
{ "type": "Feature", "properties": { "name": "SGR Nairobi Naivasha", "phase": "Nairobi-Naivasha" }, "geometry": { "type": "LineString", "coordinates": [ [ 36.5305411, -1.0551857 ], [ 36.5304801, -1.0551331 ], [ 36.5291633, -1.0539962 ], [ 36.5285758, -1.0535252 ], [ 36.528068, -1.0531374 ] ] } },
{ "type": "Feature", "properties": { "name": "", "phase": "other" }, "geometry": { "type": "LineString", "coordinates": [ [ 36.4804323, -1.0457694 ], [ 36.4890191, -1.0463061 ] ] } },
{ "type": "Feature", "properties": { "name": "", "phase": "other" }, "geometry": { "type": "LineString", "coordinates": [ [ 36.8985627, -1.3597727 ], [ 36.8994609, -1.3607702 ] ] } },
{ "type": "Feature", "properties": { "name": "", "phase": "other" }, "geometry": { "type": "LineString", "coordinates": [ [ 36.8999724, -1.3616297 ], [ 36.9002636, -1.3616799 ] ] } },
{ "type": "Feature", "properties": { "name": "", "phase": "other" }, "geometry": { "type": "LineString", "coordinates": [ [ 36.9017036, -1.3613403 ], [ 36.9019514, -1.3615268 ] ] } },
{ "type": "Feature", "properties": { "name": "", "phase": "other" }, "geometry": { "type": "LineString", "coordinates": [ [ 36.9005714, -1.360713 ], [ 36.8978126, -1.3576386 ] ] } },
{ "type": "Feature", "properties": { "name": "", "phase": "other" }, "geometry": { "type": "LineString", "coordinates": [ [ 36.8977694, -1.3576768 ], [ 36.900531, -1.3607494 ] ] } },
{ "type": "Feature", "properties": { "name": "", "phase": "other" }, "geometry": { "type": "LineString", "coordinates": [ [ 36.8988348, -1.3595252 ], [ 36.8995059, -1.3602685 ] ] } },
{ "type": "Feature", "properties": { "name": "", "phase": "other" }, "geometry": { "type": "LineString", "coordinates": [ [ 36.8988796, -1.3594842 ], [ 36.89955, -1.3602285 ] ] } },
{ "type": "Feature", "properties": { "name": "", "phase": "other" }, "geometry": { "type": "LineString", "coordinates": [ [ 36.8994559, -1.3603138 ], [ 36.8987843, -1.3595713 ] ] } },
{ "type": "Feature", "properties": { "name": "", "phase": "other" }, "geometry": { "type": "LineString", "coordinates": [ [ 36.8987254, -1.3596251 ], [ 36.8993882, -1.3603752 ] ] } },
{ "type": "Feature", "properties": { "name": "", "phase": "other" }, "geometry": { "type": "LineString", "coordinates": [ [ 36.8993258, -1.3604318 ], [ 36.89866, -1.3596848 ] ] } },
{ "type": "Feature", "properties": { "name": "", "phase": "other" }, "geometry": { "type": "LineString", "coordinates": [ [ 36.9060531, -1.3659838 ], [ 36.9059266, -1.3655938 ] ] } },
{ "type": "Feature", "properties": { "name": "", "phase": "other" }, "geometry": { "type": "LineString", "coordinates": [ [ 36.9084621, -1.3703526 ], [ 36.9085303, -1.3706855 ] ] } },
{ "type": "Feature", "properties": { "name": "", "phase": "other" }, "geometry": { "type": "LineString", "coordinates": [ [ 36.9089849, -1.3701077 ], [ 36.9088581, -1.3699548 ] ] } },
{ "type": "Feature", "properties": { "name": "", "phase": "other" }, "geometry": { "type": "LineString", "coordinates": [ [ 36.909589, -1.3712925 ], [ 36.9102156, -1.371986 ] ] } },
{ "type": "Feature", "properties": { "name": "", "phase": "other" }, "geometry": { "type": "LineString", "coordinates": [ [ 36.9096854, -1.3712056 ], [ 36.9103053, -1.3718963 ] ] } },
{ "type": "Feature", "properties": { "name": "", "phase": "other" }, "geometry": { "type": "LineString", "coordinates": [ [ 36.9102606, -1.3719385 ], [ 36.909638, -1.3712483 ] ] } },
{ "type": "Feature", "properties": { "name": "", "phase": "other" }, "geometry": { "type": "LineString", "coordinates": [ [ 36.9121588, -1.3720816 ], [ 36.9122013, -1.3721287 ] ] } },
{ "type": "Feature", "properties": { "name": "", "phase": "other" }, "geometry": { "type": "LineString", "coordinates": [ [ 36.9124545, -1.3722874 ], [ 36.9124256, -1.3722768 ] ] } },
{ "type": "Feature", "properties": { "name": "", "phase": "other" }, "geometry": { "type": "LineString", "coordinates": [ [ 36.9124256, -1.3722768 ], [ 36.9121617, -1.3721873 ] ] } },
{ "type": "Feature", "properties": { "name": "", "phase": "other" }, "geometry": { "type": "LineString", "coordinates": [ [ 36.9763439, -1.5386721 ], [ 36.9763007, -1.5382918 ] ] } }
]
}
